SNPID	RSID	CHR	POS	Non_Effect_Allele	Effect_Allele	N_Samples	AF	N_cov1_0	AF_cov1_0	N_cov1_1	AF_cov1_1	Beta_Marginal	SE_Beta_Marginal	Beta_G	Beta_G-cov1	SE_Beta_G	SE_Beta_G-cov1	Cov_Beta_G_G-cov1	P_Value_Marginal	P_Value_Interaction	P_Value_Joint
rs1	rs1	1	1	A	C	500	0.338	347	0.34438	153	0.323529	-0.0307801	0.186322	-0.106068	0.25223	0.22243	0.407007	-0.049446	0.868788	0.535443	0.814101
rs2	rs2	1	2	A	C	500	0.379	347	0.370317	153	0.398693	0.0473771	0.16724	-0.126377	0.52035	0.204627	0.353115	-0.0416361	0.776956	0.140589	0.324368
rs3	rs3	1	3	A	C	500	0.363	347	0.373199	153	0.339869	-0.173565	0.180788	-0.202936	0.0970482	0.216388	0.392893	-0.0467182	0.337032	0.804901	0.6118
rs4	rs4	1	4	A	C	500	0.366	347	0.363112	153	0.372549	-0.12222	0.166559	-0.112742	-0.0289689	0.202957	0.354437	-0.041105	0.463073	0.93486	0.761421
rs5	rs5	1	5	A	C	500	0.239	347	0.233429	153	0.251634	-0.0180422	0.208868	-0.0812189	0.199187	0.252947	0.449835	-0.0641804	0.931164	0.657911	0.90324
rs6	rs6	1	6	A	C	500	0.138	347	0.139769	153	0.133987	-0.112576	0.248632	0.155408	-0.891442	0.297409	0.542883	-0.0885987	0.650707	0.100579	0.234413
rs7	rs7	1	7	A	C	500	0.189	347	0.195965	153	0.173203	0.160213	0.224503	0.031533	0.477294	0.262622	0.505437	-0.0688743	0.475455	0.345006	0.496334
rs8	rs8	1	8	A	C	500	0.256	347	0.260807	153	0.245098	0.0839806	0.183738	0.159411	-0.2383	0.222433	0.396059	-0.0496528	0.647622	0.547389	0.751666
rs9	rs9	1	9	A	C	500	0.304	347	0.304035	153	0.303922	0.166473	0.182195	0.249732	-0.2889	0.215227	0.397568	-0.0455517	0.360871	0.467429	0.505881
rs10	rs10	1	10	A	C	500	0.408	347	0.430836	153	0.356209	0.192563	0.169851	0.10405	0.303523	0.201861	0.374048	-0.0408011	0.256913	0.417104	0.378368
rs11	rs11	1	11	A	C	500	0.112	347	0.115274	153	0.104575	0.0114032	0.265729	-0.0179141	0.0908834	0.322728	0.567745	-0.103979	0.965771	0.87282	0.986361
rs12	rs12	1	12	A	C	500	0.128	347	0.126801	153	0.130719	-0.222481	0.260422	-0.123992	-0.278581	0.32469	0.548505	-0.106365	0.392934	0.611529	0.610243
rs13	rs13	1	13	A	C	500	0.339	347	0.345821	153	0.323529	0.0514265	0.180163	0.117278	-0.240165	0.211397	0.403328	-0.044604	0.775304	0.551537	0.804105
rs14	rs14	1	14	A	C	500	0.098	347	0.0778098	153	0.143791	0.2007	0.28628	-0.211993	0.992341	0.374819	0.581747	-0.140746	0.483263	0.0880463	0.182572
rs15	rs15	1	15	A	C	500	0.209	347	0.211816	153	0.202614	-0.0275702	0.211252	-0.0799816	0.173472	0.252938	0.460415	-0.0640464	0.896164	0.706342	0.923582
rs16	rs16	1	16	A	C	500	0.229	347	0.23487	153	0.215686	0.0550752	0.203693	-0.0154125	0.255752	0.239286	0.455597	-0.0572078	0.786865	0.574555	0.823564
rs17	rs17	1	17	A	C	500	0.238	347	0.224784	153	0.267974	-0.0774591	0.195504	0.0754268	-0.434215	0.243062	0.410172	-0.0592373	0.691956	0.289775	0.527914
rs18	rs18	1	18	A	C	500	0.225	347	0.233429	153	0.205882	0.0150588	0.202729	0.0497568	-0.114632	0.242862	0.441792	-0.0590793	0.940787	0.795273	0.964234
rs19	rs19	1	19	A	C	500	0.159	347	0.159942	153	0.156863	0.424682	0.235496	0.228645	0.679909	0.279069	0.519328	-0.0777625	0.0713336	0.190464	0.0834887
rs20	rs20	1	20	A	C	500	0.392	347	0.40634	153	0.359477	-0.0620301	0.171731	-0.0689888	0.0217514	0.208208	0.36798	-0.0433203	0.717946	0.952864	0.935212
rs21	rs21	1	21	A	C	500	0.251	347	0.231988	153	0.294118	0.117352	0.196191	0.0682446	0.142682	0.242091	0.412103	-0.0584503	0.54974	0.729171	0.78755
rs22	rs22	1	22	A	C	500	0.235	347	0.247839	153	0.205882	0.0173204	0.203444	-0.0888473	0.399605	0.236932	0.457083	-0.0555077	0.932153	0.381983	0.67992
rs23	rs23	1	23	A	C	500	0.387	347	0.387608	153	0.385621	-0.189155	0.17394	-0.151764	-0.129806	0.205939	0.382756	-0.0422002	0.276827	0.734507	0.522669
rs24	rs24	1	24	A	C	500	0.289	347	0.282421	153	0.303922	0.0723415	0.185103	-0.0261521	0.306032	0.224723	0.395929	-0.0504519	0.695932	0.439555	0.687226
rs25	rs25	1	25	A	C	500	0.281	347	0.29683	153	0.245098	-0.0784713	0.188777	-0.0554235	-0.0784406	0.224591	0.414099	-0.0503846	0.677643	0.84976	0.900922
rs26	rs26	1	26	A	C	500	0.198	347	0.18732	153	0.222222	-0.19265	0.217446	-0.107958	-0.251925	0.26673	0.459502	-0.0709807	0.375636	0.583515	0.581142
rs27	rs27	1	27	A	C	500	0.294	347	0.306916	153	0.264706	0.117957	0.182752	0.133081	-0.0497764	0.219256	0.398695	-0.0482979	0.518636	0.900644	0.805658
rs28	rs28	1	28	A	C	500	0.278	347	0.272334	153	0.29085	0.0455538	0.190125	-0.0484784	0.288833	0.231611	0.406296	-0.053742	0.81064	0.477149	0.754734
rs29	rs29	1	29	A	C	500	0.165	347	0.159942	153	0.176471	-0.306194	0.217286	-0.366724	0.189207	0.264245	0.470048	-0.0706834	0.158783	0.687296	0.341673
rs30	rs30	1	30	A	C	500	0.238	347	0.231988	153	0.251634	0.0859126	0.196207	0.0288931	0.171618	0.240357	0.417854	-0.0580111	0.661483	0.681284	0.835098
rs31	rs31	1	31	A	C	500	0.32	347	0.318444	153	0.323529	0.253243	0.190382	0.297028	-0.156497	0.2243	0.423891	-0.0502722	0.183458	0.711985	0.385642
rs32	rs32	1	32	A	C	500	0.1	347	0.0965418	153	0.107843	-0.0637498	0.282565	-0.316432	0.787864	0.343368	0.60828	-0.118667	0.821504	0.19524	0.421361
rs33	rs33	1	33	A	C	500	0.129	347	0.123919	153	0.140523	0.135855	0.256306	0.0878045	0.144698	0.313619	0.544246	-0.0983627	0.596076	0.790341	0.838768
rs34	rs34	1	34	A	C	500	0.286	347	0.288184	153	0.281046	-0.0418311	0.183129	0.0795578	-0.491102	0.211161	0.425334	-0.0447164	0.819317	0.248243	0.500238
rs35	rs35	1	35	A	C	500	0.216	347	0.220461	153	0.205882	-0.177673	0.20403	-0.233068	0.179423	0.245105	0.439932	-0.0597531	0.383854	0.68339	0.629815
rs36	rs36	1	36	A	C	500	0.208	347	0.211816	153	0.199346	0.052565	0.212615	0.127044	-0.263321	0.250724	0.469808	-0.0624293	0.804729	0.575148	0.828918
rs37	rs37	1	37	A	C	500	0.356	347	0.354467	153	0.359477	0.235945	0.174913	0.295513	-0.183783	0.212899	0.37447	-0.0454508	0.17736	0.623581	0.356923
rs38	rs38	1	38	A	C	500	0.4	347	0.397695	153	0.405229	-0.167618	0.171463	-0.117754	-0.165781	0.205155	0.374515	-0.0421878	0.328285	0.658016	0.562257
rs39	rs39	1	39	A	C	500	0.287	347	0.289625	153	0.281046	0.0460058	0.187359	0.0466045	-0.00185561	0.227733	0.401231	-0.0519415	0.806031	0.99631	0.970292
rs40	rs40	1	40	A	C	500	0.14	347	0.126801	153	0.169935	0.349011	0.246255	0.365653	-0.0406675	0.32063	0.501772	-0.103031	0.156402	0.935404	0.365087
rs41	rs41	1	41	A	C	500	0.329	347	0.322767	153	0.343137	-0.195329	0.171385	-0.150484	-0.140036	0.207953	0.367777	-0.0433157	0.254409	0.70338	0.485802
rs42	rs42	1	42	A	C	500	0.209	347	0.207493	153	0.212418	-0.106373	0.206477	-0.0257422	-0.255397	0.249762	0.44512	-0.0625516	0.606428	0.566123	0.742813
rs43	rs43	1	43	A	C	500	0.387	347	0.402017	153	0.352941	0.0424072	0.177447	0.00403873	0.123051	0.213618	0.381428	-0.0453644	0.811118	0.746994	0.922568
rs44	rs44	1	44	A	C	500	0.329	347	0.319885	153	0.349673	0.110616	0.183998	0.0832295	0.0882377	0.221676	0.39834	-0.0492479	0.54772	0.824693	0.81445
rs45	rs45	1	45	A	C	500	0.173	347	0.181556	153	0.153595	-0.0916231	0.225452	-0.0500124	-0.154013	0.263837	0.507243	-0.0695149	0.68445	0.761411	0.87926
rs46	rs46	1	46	A	C	500	0.19	347	0.18732	153	0.196078	0.190097	0.217169	0.23155	-0.133313	0.261621	0.469173	-0.0684462	0.381388	0.776299	0.654764
rs47	rs47	1	47	A	C	500	0.141	347	0.144092	153	0.133987	0.0648279	0.251276	-0.0202783	0.304186	0.296023	0.559334	-0.0875315	0.796411	0.586555	0.834302
rs48	rs48	1	48	A	C	500	0.11	347	0.119597	153	0.0882353	0.267085	0.282194	0.224758	0.196555	0.31862	0.686975	-0.101629	0.343914	0.774789	0.613347
rs49	rs49	1	49	A	C	500	0.12	347	0.12536	153	0.107843	-0.0604764	0.256343	0.140722	-0.67824	0.305871	0.562516	-0.0938666	0.813495	0.227923	0.470143
rs50	rs50	1	50	A	C	500	0.278	347	0.266571	153	0.303922	-0.25816	0.185929	-0.503674	0.730979	0.2283	0.394441	-0.0522558	0.164988	0.0638535	0.0684858
rs51	rs51	1	51	A	C	500	0.369	347	0.373199	153	0.359477	-0.20226	0.167224	-0.260118	0.172869	0.205285	0.35577	-0.0423624	0.226465	0.627037	0.427622
rs52	rs52	1	52	A	C	500	0.356	347	0.357349	153	0.352941	-0.0791585	0.172125	-0.00891118	-0.225531	0.207505	0.372082	-0.0431221	0.645595	0.544426	0.748677
rs53	rs53	1	53	A	C	500	0.187	347	0.175793	153	0.212418	0.0355731	0.219441	-0.080463	0.349702	0.268314	0.465306	-0.0718411	0.871221	0.452321	0.744119
rs54	rs54	1	54	A	C	500	0.145	347	0.136888	153	0.163399	0.133906	0.23226	0.164499	-0.0849441	0.290396	0.484001	-0.0843675	0.564254	0.860684	0.833937
rs55	rs55	1	55	A	C	500	0.337	347	0.327089	153	0.359477	0.247209	0.177601	0.397656	-0.453611	0.217471	0.378407	-0.0474917	0.163942	0.230629	0.185031
rs56	rs56	1	56	A	C	500	0.26	347	0.273775	153	0.228758	0.0475098	0.191537	0.160029	-0.402482	0.22552	0.425838	-0.0506956	0.8041	0.344581	0.620382
rs57	rs57	1	57	A	C	500	0.333	347	0.321326	153	0.359477	0.0163838	0.186268	0.109314	-0.311838	0.222286	0.407061	-0.0493797	0.92991	0.443634	0.742821
rs58	rs58	1	58	A	C	500	0.141	347	0.145533	153	0.130719	0.123281	0.242404	0.334575	-0.763725	0.284961	0.541488	-0.0811199	0.611048	0.158416	0.324988
rs59	rs59	1	59	A	C	500	0.225	347	0.213256	153	0.251634	-0.128848	0.205589	-0.186941	0.16684	0.254488	0.430763	-0.0646106	0.53084	0.698524	0.762314
rs60	rs60	1	60	A	C	500	0.168	347	0.164265	153	0.176471	-0.316381	0.22391	-0.38914	0.221992	0.273043	0.476757	-0.0744976	0.15766	0.641481	0.330659
rs61	rs61	1	61	A	C	500	0.351	347	0.337176	153	0.382353	-0.103531	0.174335	-0.163995	0.189503	0.211246	0.373902	-0.0446062	0.552604	0.612278	0.737291
rs62	rs62	1	62	A	C	500	0.177	347	0.188761	153	0.150327	-0.0548941	0.232354	-0.0411881	-0.0470608	0.276014	0.511538	-0.0762092	0.813237	0.926699	0.968372
rs63	rs63	1	63	A	C	500	0.39	347	0.389049	153	0.392157	-0.303415	0.17927	-0.404956	0.324127	0.216906	0.389777	-0.0475947	0.0905502	0.405652	0.16897
rs64	rs64	1	64	A	C	500	0.29	347	0.282421	153	0.30719	-0.0870487	0.190964	-0.0844943	-0.00870651	0.227532	0.421648	-0.052161	0.648506	0.983526	0.901128
rs65	rs65	1	65	A	C	500	0.379	347	0.35879	153	0.424837	-0.16414	0.170268	-0.171965	0.0246603	0.20605	0.365731	-0.0424396	0.33504	0.946242	0.626922
rs66	rs66	1	66	A	C	500	0.17	347	0.161383	153	0.189542	-0.112094	0.236025	-0.232712	0.417575	0.279777	0.520074	-0.0781282	0.634841	0.422024	0.647192
rs67	rs67	1	67	A	C	500	0.389	347	0.368876	153	0.434641	-0.0897085	0.178293	-0.0939639	0.0129562	0.217644	0.38004	-0.0474376	0.614857	0.972804	0.880591
rs68	rs68	1	68	A	C	500	0.14	347	0.149856	153	0.117647	0.0108329	0.241528	0.125575	-0.446555	0.280153	0.552448	-0.0784209	0.964226	0.418906	0.720581
rs69	rs69	1	69	A	C	500	0.259	347	0.257925	153	0.261438	-0.306615	0.189075	-0.332474	0.0801148	0.229553	0.403301	-0.0524988	0.104877	0.842538	0.26326
rs70	rs70	1	70	A	C	500	0.354	347	0.340058	153	0.385621	-0.0419154	0.175983	0.0864265	-0.385213	0.215457	0.373093	-0.046377	0.811743	0.301846	0.570424
rs71	rs71	1	71	A	C	500	0.3	347	0.292507	153	0.316993	0.104157	0.185533	-0.105151	0.61711	0.228049	0.390965	-0.0518439	0.57453	0.114467	0.245785
rs72	rs72	1	72	A	C	500	0.289	347	0.28098	153	0.30719	0.0639447	0.192949	0.122718	-0.175047	0.237109	0.410441	-0.0565624	0.740337	0.669754	0.864279
rs73	rs73	1	73	A	C	500	0.186	347	0.184438	153	0.189542	-0.174653	0.220008	-0.0496054	-0.36799	0.270898	0.465127	-0.0735163	0.427283	0.428851	0.533623
rs74	rs74	1	74	A	C	500	0.2	347	0.184438	153	0.235294	-0.494719	0.210522	-0.481369	-0.0368665	0.263617	0.43815	-0.0695188	0.0187755	0.932944	0.0629954
rs75	rs75	1	75	A	C	500	0.115	347	0.115274	153	0.114379	0.0583817	0.272008	0.0448331	0.0461612	0.324507	0.602925	-0.106696	0.830054	0.938972	0.97437
rs76	rs76	1	76	A	C	500	0.266	347	0.246398	153	0.310458	0.1156	0.194266	0.170925	-0.160321	0.240007	0.40842	-0.0575628	0.551802	0.69466	0.77562
rs77	rs77	1	77	A	C	500	0.413	347	0.40634	153	0.428105	0.000155083	0.16765	0.0703483	-0.244295	0.198644	0.37083	-0.0395121	0.999262	0.510037	0.804933
rs78	rs78	1	78	A	C	500	0.289	347	0.291066	153	0.284314	0.258134	0.185741	0.395398	-0.44236	0.223253	0.399172	-0.0494427	0.164604	0.267779	0.206026
rs79	rs79	1	79	A	C	500	0.254	347	0.257925	153	0.245098	0.140739	0.204303	0.068358	0.236866	0.245842	0.44749	-0.0611913	0.490901	0.596583	0.685666
rs80	rs80	1	80	A	C	500	0.141	347	0.14121	153	0.140523	-0.617037	0.243624	-0.56667	-0.143015	0.302637	0.509809	-0.0915336	0.0113175	0.779073	0.0389011
rs81	rs81	1	81	A	C	500	0.356	347	0.351585	153	0.366013	0.0149637	0.179094	-0.117642	0.42907	0.215434	0.387435	-0.0463907	0.933412	0.268094	0.539708
rs82	rs82	1	82	A	C	500	0.248	347	0.236311	153	0.27451	0.0123358	0.189211	0.12282	-0.329714	0.232016	0.400721	-0.0538079	0.948018	0.410621	0.711325
rs83	rs83	1	83	A	C	500	0.105	347	0.110951	153	0.0915033	-0.341648	0.261015	-0.202831	-0.418048	0.319093	0.552775	-0.101464	0.190561	0.449486	0.318985
rs84	rs84	1	84	A	C	500	0.109	347	0.0850144	153	0.163399	-0.230043	0.270613	-0.0461019	-0.469007	0.346669	0.552469	-0.119706	0.39528	0.395921	0.485945
rs85	rs85	1	85	A	C	500	0.15	347	0.162824	153	0.120915	-0.0678968	0.237884	-0.0398069	-0.114765	0.273745	0.553406	-0.0749602	0.775323	0.835714	0.939662
rs86	rs86	1	86	A	C	500	0.179	347	0.185879	153	0.163399	-0.157779	0.216412	-0.0556039	-0.313442	0.263407	0.460658	-0.0691741	0.465961	0.496237	0.608197
rs87	rs87	1	87	A	C	500	0.303	347	0.314121	153	0.277778	-0.0567074	0.179276	-0.115487	0.191147	0.215416	0.388389	-0.0463865	0.751764	0.622611	0.842708
rs88	rs88	1	88	A	C	500	0.243	347	0.253602	153	0.218954	0.0869954	0.189973	0.151557	-0.209229	0.228554	0.411808	-0.0523289	0.646999	0.611402	0.791424
rs89	rs89	1	89	A	C	500	0.307	347	0.301153	153	0.320261	0.230478	0.183205	0.247128	-0.0548215	0.219598	0.398661	-0.0482684	0.208378	0.890624	0.448977
rs90	rs90	1	90	A	C	500	0.113	347	0.112392	153	0.114379	0.0368699	0.257778	-0.00563758	0.141312	0.308112	0.561061	-0.0946902	0.886267	0.801145	0.958921
rs91	rs91	1	91	A	C	500	0.39	347	0.394813	153	0.379085	-0.093487	0.169628	-0.0152679	-0.235514	0.207774	0.361268	-0.0433467	0.581544	0.514461	0.694638
rs92	rs92	1	92	A	C	500	0.328	347	0.324207	153	0.336601	0.350868	0.181097	0.407584	-0.19859	0.214246	0.400845	-0.045888	0.0526899	0.620298	0.135391
rs93	rs93	1	93	A	C	500	0.117	347	0.112392	153	0.127451	-0.103463	0.272974	-0.267854	0.551058	0.325873	0.596625	-0.10619	0.704672	0.355681	0.607519
rs94	rs94	1	94	A	C	500	0.281	347	0.272334	153	0.300654	0.0881032	0.194172	0.0912746	-0.0102767	0.233582	0.420738	-0.054628	0.650017	0.980513	0.901913
rs95	rs95	1	95	A	C	500	0.318	347	0.311239	153	0.333333	0.352599	0.185491	0.330625	0.0632091	0.229606	0.389277	-0.0526782	0.0573154	0.87101	0.162044
rs96	rs96	1	96	A	C	500	0.272	347	0.279539	153	0.254902	0.0586024	0.186642	-0.127447	0.626312	0.222578	0.408233	-0.0495056	0.753534	0.12498	0.293411
rs97	rs97	1	97	A	C	500	0.303	347	0.321326	153	0.261438	0.0420543	0.195819	0.162734	-0.424448	0.231475	0.434131	-0.0535862	0.829953	0.328226	0.605922
rs98	rs98	1	98	A	C	500	0.333	347	0.34438	153	0.30719	-0.0996829	0.185815	-0.0559465	-0.139966	0.224227	0.40163	-0.0504049	0.591638	0.727469	0.814956
rs99	rs99	1	99	A	C	500	0.125	347	0.115274	153	0.147059	-0.265256	0.274132	-0.205046	-0.170319	0.340832	0.572909	-0.116031	0.333234	0.766246	0.599095
rs100	rs100	1	100	A	C	500	0.209	347	0.208934	153	0.20915	-0.017586	0.209625	0.108741	-0.421626	0.250219	0.456	-0.0623014	0.933142	0.355165	0.649873
rs101	rs101	1	101	A	C	500	0.374	347	0.377522	153	0.366013	-0.050488	0.174295	0.0190837	-0.216685	0.211567	0.373509	-0.0447925	0.772069	0.561825	0.810397
rs102	rs102	1	102	A	C	500	0.361	347	0.377522	153	0.323529	-0.0705109	0.170127	-0.0860672	0.0545244	0.201178	0.376348	-0.0404105	0.678537	0.884807	0.908116
rs103	rs103	1	103	A	C	500	0.179	347	0.180115	153	0.176471	0.214347	0.218659	0.115424	0.342015	0.25933	0.482058	-0.0672125	0.326948	0.478021	0.480869
rs104	rs104	1	104	A	C	500	0.284	347	0.293948	153	0.261438	0.121296	0.185737	-0.0185798	0.499819	0.218774	0.413083	-0.0477536	0.513721	0.22629	0.38858
rs105	rs105	1	105	A	C	500	0.232	347	0.224784	153	0.248366	0.076793	0.205224	-0.0869684	0.554932	0.244292	0.449068	-0.0595109	0.708262	0.216555	0.434509
rs106	rs106	1	106	A	C	500	0.214	347	0.211816	153	0.218954	0.108286	0.199877	0.0767451	0.0936261	0.245473	0.423001	-0.0602776	0.587983	0.824829	0.842613
rs107	rs107	1	107	A	C	500	0.269	347	0.272334	153	0.261438	-0.254628	0.190057	-0.247972	-0.0212551	0.229637	0.411588	-0.0530476	0.180329	0.958814	0.407063
rs108	rs108	1	108	A	C	500	0.122	347	0.118156	153	0.130719	0.242125	0.25675	0.360393	-0.379681	0.309426	0.554414	-0.0957445	0.345662	0.493449	0.507043
rs109	rs109	1	109	A	C	500	0.142	347	0.157061	153	0.107843	-0.049118	0.2461	-0.0405525	-0.0360425	0.282033	0.579672	-0.0798547	0.841805	0.950422	0.978387
rs110	rs110	1	110	A	C	500	0.407	347	0.393372	153	0.437908	0.00541803	0.171735	0.0243819	-0.0584209	0.208978	0.366828	-0.04368	0.974832	0.873464	0.986907
rs111	rs111	1	111	A	C	500	0.38	347	0.381844	153	0.375817	0.103193	0.178935	-0.048784	0.477077	0.216783	0.38417	-0.0470148	0.56414	0.214296	0.391655
rs112	rs112	1	112	A	C	500	0.234	347	0.226225	153	0.251634	0.0293728	0.193712	-0.0205958	0.160296	0.233553	0.418543	-0.0546078	0.879478	0.70173	0.918664
rs113	rs113	1	113	A	C	500	0.229	347	0.236311	153	0.212418	0.0782011	0.207345	0.0702489	0.0309005	0.240609	0.474335	-0.0579017	0.706058	0.948059	0.929373
rs114	rs114	1	114	A	C	500	0.215	347	0.211816	153	0.222222	-0.0558815	0.207788	-0.162761	0.295202	0.260305	0.433053	-0.067898	0.787979	0.495444	0.764522
rs115	rs115	1	115	A	C	500	0.259	347	0.24928	153	0.281046	0.117751	0.196723	0.029724	0.290316	0.23559	0.427507	-0.0554155	0.549466	0.497081	0.663837
rs116	rs116	1	116	A	C	500	0.407	347	0.396254	153	0.431373	0.225068	0.170182	0.347576	-0.391575	0.204937	0.364958	-0.0416711	0.185997	0.283301	0.234544
rs117	rs117	1	117	A	C	500	0.158	347	0.149856	153	0.176471	-0.214255	0.233687	-0.332413	0.327065	0.292209	0.485603	-0.0851903	0.359222	0.500614	0.52355
rs118	rs118	1	118	A	C	500	0.274	347	0.278098	153	0.264706	0.0802521	0.199761	0.112388	-0.127656	0.23128	0.463017	-0.0539683	0.687875	0.782775	0.88807
rs119	rs119	1	119	A	C	500	0.299	347	0.306916	153	0.281046	-0.15955	0.175801	-0.218098	0.193982	0.210399	0.382984	-0.04427	0.364111	0.612504	0.582687
rs120	rs120	1	120	A	C	500	0.342	347	0.331412	153	0.366013	0.492387	0.17181	0.455358	0.122423	0.205775	0.374403	-0.0423997	0.00415841	0.743682	0.0156058
rs121	rs121	1	121	A	C	500	0.341	347	0.338617	153	0.346405	0.0322637	0.183966	0.242159	-0.646475	0.223959	0.393394	-0.0502464	0.860782	0.100315	0.255216
rs122	rs122	1	122	A	C	500	0.248	347	0.257925	153	0.22549	-0.0205109	0.193425	0.0685215	-0.297508	0.230791	0.42071	-0.0529682	0.91555	0.479469	0.774407
rs123	rs123	1	123	A	C	500	0.252	347	0.259366	153	0.235294	-0.054125	0.196288	-0.104987	0.177314	0.232662	0.435459	-0.0543936	0.782745	0.683869	0.886106
rs124	rs124	1	124	A	C	500	0.298	347	0.299712	153	0.294118	0.152228	0.189923	0.273107	-0.351796	0.23434	0.399516	-0.0548441	0.422827	0.378559	0.49218
rs125	rs125	1	125	A	C	500	0.365	347	0.357349	153	0.382353	0.0941861	0.1803	0.0148301	0.248963	0.218185	0.38547	-0.0473616	0.601403	0.518364	0.708209
rs126	rs126	1	126	A	C	500	0.287	347	0.304035	153	0.248366	0.0994398	0.190311	0.234429	-0.50133	0.22236	0.42711	-0.0491196	0.601313	0.240485	0.438067
rs127	rs127	1	127	A	C	500	0.388	347	0.380403	153	0.405229	-0.135712	0.181379	-0.202819	0.212515	0.219236	0.389993	-0.0480278	0.454326	0.585808	0.651559
rs128	rs128	1	128	A	C	500	0.345	347	0.338617	153	0.359477	-0.32804	0.181723	-0.178706	-0.542582	0.213688	0.408478	-0.045923	0.071049	0.184078	0.0811463
rs129	rs129	1	129	A	C	500	0.206	347	0.210375	153	0.196078	0.125674	0.209884	0.0152148	0.421801	0.244435	0.478433	-0.0599427	0.549321	0.377977	0.566712
rs130	rs130	1	130	A	C	500	0.342	347	0.348703	153	0.326797	-0.124027	0.177638	-0.0159095	-0.404797	0.207427	0.400988	-0.0429461	0.48505	0.312736	0.470816
rs131	rs131	1	131	A	C	500	0.284	347	0.291066	153	0.267974	0.0777544	0.1851	-0.0508171	0.378207	0.227733	0.39025	-0.0517728	0.674437	0.332476	0.572443
rs132	rs132	1	132	A	C	500	0.231	347	0.237752	153	0.215686	0.0670626	0.199599	0.122466	-0.211097	0.232473	0.454103	-0.0541203	0.736881	0.642027	0.848323
rs133	rs133	1	133	A	C	500	0.161	347	0.159942	153	0.163399	-0.219651	0.224156	-0.221397	0.00562813	0.269886	0.484496	-0.0728242	0.327134	0.990732	0.618676
rs134	rs134	1	134	A	C	500	0.356	347	0.350144	153	0.369281	0.123745	0.173517	0.158986	-0.114701	0.208569	0.376665	-0.0435902	0.475749	0.760735	0.740328
rs135	rs135	1	135	A	C	500	0.292	347	0.288184	153	0.300654	-0.0816194	0.184122	-0.0574724	-0.0776315	0.221991	0.398699	-0.0494443	0.657555	0.845619	0.889399
rs136	rs136	1	136	A	C	500	0.35	347	0.353026	153	0.343137	-0.0742856	0.17733	-0.0871656	0.0347185	0.223065	0.364764	-0.0493604	0.675281	0.924171	0.911856
rs137	rs137	1	137	A	C	500	0.134	347	0.128242	153	0.147059	0.22559	0.246548	-0.0429293	0.736312	0.309133	0.511368	-0.0953634	0.360194	0.1499	0.233344
rs138	rs138	1	138	A	C	500	0.104	347	0.0951009	153	0.124183	-0.0716375	0.274556	0.107751	-0.573985	0.33117	0.592525	-0.109725	0.794153	0.33269	0.604569
rs139	rs139	1	139	A	C	500	0.271	347	0.279539	153	0.251634	-0.01861	0.195878	0.00421964	-0.0721596	0.237207	0.422872	-0.0565746	0.924308	0.864505	0.981108
rs140	rs140	1	140	A	C	500	0.321	347	0.308357	153	0.349673	0.0485525	0.176373	0.174232	-0.370262	0.216984	0.372353	-0.0470616	0.783099	0.320036	0.587258
rs141	rs141	1	141	A	C	500	0.314	347	0.306916	153	0.330065	-0.141078	0.180339	-0.436806	0.929943	0.218409	0.387442	-0.0477364	0.434041	0.0163856	0.0413163
rs142	rs142	1	142	A	C	500	0.169	347	0.167147	153	0.173203	-0.129288	0.24022	-0.125694	-0.0113594	0.290632	0.517068	-0.0845864	0.590435	0.982473	0.864958
rs143	rs143	1	143	A	C	500	0.377	347	0.378963	153	0.372549	0.1711	0.180325	0.0352094	0.434581	0.217633	0.389675	-0.0474812	0.342702	0.264747	0.342313
rs144	rs144	1	144	A	C	500	0.245	347	0.253602	153	0.22549	0.0644823	0.1935	0.190017	-0.401304	0.233429	0.417381	-0.0544949	0.738952	0.336311	0.595861
rs145	rs145	1	145	A	C	500	0.377	347	0.384726	153	0.359477	-0.0621082	0.1758	-0.0633173	0.0045011	0.205378	0.395268	-0.0419701	0.723871	0.990914	0.93944
rs146	rs146	1	146	A	C	500	0.259	347	0.263689	153	0.248366	-0.0268656	0.188458	0.0912081	-0.409899	0.223498	0.417089	-0.0501111	0.886642	0.325725	0.610748
rs147	rs147	1	147	A	C	500	0.313	347	0.304035	153	0.333333	-0.0207481	0.179336	-0.00176548	-0.0615347	0.215749	0.388806	-0.046634	0.907895	0.874247	0.980967
rs148	rs148	1	148	A	C	500	0.311	347	0.301153	153	0.333333	0.0478969	0.184249	0.150737	-0.335159	0.221366	0.399886	-0.0490661	0.794896	0.401954	0.680433
rs149	rs149	1	149	A	C	500	0.375	347	0.371758	153	0.382353	-0.149144	0.177425	-0.172262	0.0739929	0.213817	0.381906	-0.0455699	0.400571	0.846374	0.689302
rs150	rs150	1	150	A	C	500	0.122	347	0.128242	153	0.107843	-0.189784	0.27062	-0.147189	-0.170701	0.312777	0.628483	-0.098562	0.483121	0.785923	0.753678
rs151	rs151	1	151	A	C	500	0.264	347	0.273775	153	0.24183	0.11741	0.191378	0.103149	0.0448376	0.231945	0.412019	-0.0539932	0.539549	0.913342	0.823568
rs152	rs152	1	152	A	C	500	0.096	347	0.100865	153	0.0849673	0.0108537	0.287849	0.16215	-0.615524	0.331486	0.668812	-0.109949	0.969922	0.357404	0.654287
rs153	rs153	1	153	A	C	500	0.411	347	0.423631	153	0.382353	0.080699	0.173887	0.192795	-0.369336	0.208267	0.377659	-0.0432882	0.642585	0.328094	0.556609
rs154	rs154	1	154	A	C	500	0.238	347	0.25072	153	0.20915	0.0360402	0.201386	-0.134336	0.694834	0.232006	0.469801	-0.0541197	0.857968	0.139141	0.329649
rs155	rs155	1	155	A	C	500	0.386	347	0.376081	153	0.408497	0.0266892	0.178597	-0.128622	0.463864	0.219149	0.379309	-0.0481724	0.881208	0.22136	0.468166
rs156	rs156	1	156	A	C	500	0.246	347	0.246398	153	0.245098	0.143763	0.202901	0.239491	-0.296768	0.246161	0.432089	-0.0602239	0.478613	0.492195	0.614545
rs157	rs157	1	157	A	C	500	0.257	347	0.252161	153	0.267974	-0.0524679	0.199034	-0.0569585	0.0150124	0.237916	0.435737	-0.0567953	0.792079	0.972516	0.965278
rs158	rs158	1	158	A	C	500	0.254	347	0.237752	153	0.29085	-0.000374208	0.19787	-0.054848	0.164185	0.241962	0.419731	-0.0584516	0.998491	0.695674	0.926346
rs159	rs159	1	159	A	C	500	0.198	347	0.188761	153	0.218954	0.00795954	0.215775	0.11276	-0.322327	0.26281	0.461445	-0.0692319	0.970574	0.484854	0.782984
rs160	rs160	1	160	A	C	500	0.113	347	0.092219	153	0.160131	-0.331054	0.268712	-0.603356	0.679851	0.3474	0.549728	-0.121041	0.217949	0.216197	0.217919
rs161	rs161	1	161	A	C	500	0.267	347	0.262248	153	0.277778	0.291924	0.195382	0.3094	-0.0559785	0.235681	0.422183	-0.055644	0.135144	0.894515	0.324657
rs162	rs162	1	162	A	C	500	0.274	347	0.255043	153	0.316993	0.0541435	0.186649	-0.00898895	0.184621	0.230058	0.393306	-0.0528972	0.771754	0.638778	0.858777
rs163	rs163	1	163	A	C	500	0.324	347	0.321326	153	0.330065	-0.0606168	0.186682	0.000573253	-0.17696	0.230936	0.393151	-0.0534471	0.745403	0.652633	0.857259
rs164	rs164	1	164	A	C	500	0.287	347	0.286744	153	0.287582	0.0634342	0.185219	-0.0252217	0.286406	0.223012	0.40127	-0.0498424	0.731987	0.475382	0.730982
rs165	rs165	1	165	A	C	500	0.352	347	0.365994	153	0.320261	0.012717	0.174735	0.0708148	-0.182509	0.211632	0.375073	-0.0447824	0.941982	0.626545	0.886002
rs166	rs166	1	166	A	C	500	0.335	347	0.335735	153	0.333333	0.115151	0.174423	0.195409	-0.24849	0.21214	0.373851	-0.045142	0.509137	0.506257	0.644799
rs167	rs167	1	167	A	C	500	0.125	347	0.118156	153	0.140523	0.0922966	0.26434	-0.178072	0.813703	0.323213	0.559744	-0.104104	0.72697	0.146028	0.327068
rs168	rs168	1	168	A	C	500	0.375	347	0.367435	153	0.392157	-0.214317	0.173181	-0.363069	0.479558	0.208711	0.375529	-0.0437429	0.215889	0.201595	0.205742
rs169	rs169	1	169	A	C	500	0.341	347	0.34438	153	0.333333	0.17643	0.175832	0.297175	-0.402386	0.210158	0.38359	-0.0441533	0.31567	0.294179	0.34868
rs170	rs170	1	170	A	C	500	0.294	347	0.286744	153	0.310458	-0.218837	0.182089	-0.278667	0.192045	0.219504	0.393454	-0.0482291	0.229438	0.62548	0.431153
rs171	rs171	1	171	A	C	500	0.152	347	0.152738	153	0.150327	0.0641495	0.239568	-0.0914872	0.534161	0.284549	0.526977	-0.0809139	0.788875	0.310758	0.577194
rs172	rs172	1	172	A	C	500	0.122	347	0.118156	153	0.130719	0.1094	0.264507	0.101785	0.0229006	0.323691	0.561104	-0.104691	0.679167	0.967445	0.917259
rs173	rs173	1	173	A	C	500	0.258	347	0.266571	153	0.238562	0.140495	0.19056	0.287531	-0.507725	0.226078	0.420055	-0.0510985	0.460957	0.226774	0.367043
rs174	rs174	1	174	A	C	500	0.092	347	0.0979827	153	0.0784314	0.039169	0.285968	0.281539	-0.770716	0.344954	0.613446	-0.118342	0.891054	0.208982	0.449952
rs175	rs175	1	175	A	C	500	0.369	347	0.367435	153	0.372549	-0.220243	0.173487	-0.311247	0.295146	0.208236	0.373533	-0.0430209	0.204258	0.429442	0.326934
rs176	rs176	1	176	A	C	500	0.281	347	0.268012	153	0.310458	-0.181801	0.19218	-0.157973	-0.0701689	0.236352	0.405148	-0.0557415	0.344151	0.862499	0.629738
rs177	rs177	1	177	A	C	500	0.296	347	0.302594	153	0.281046	0.123455	0.189379	0.166037	-0.153302	0.22289	0.423169	-0.0497396	0.514469	0.717149	0.757218
rs178	rs178	1	178	A	C	500	0.124	347	0.128242	153	0.114379	-0.288391	0.26129	-0.242382	-0.144556	0.316598	0.561706	-0.100421	0.269715	0.796907	0.526127
rs179	rs179	1	179	A	C	500	0.352	347	0.361671	153	0.330065	-0.0796343	0.177186	-0.093112	0.0412922	0.215992	0.37844	-0.046746	0.653115	0.913114	0.89857
rs180	rs180	1	180	A	C	500	0.29	347	0.298271	153	0.271242	0.343159	0.184955	0.498178	-0.529309	0.220203	0.408038	-0.0487613	0.0635447	0.194561	0.0771076
rs181	rs181	1	181	A	C	500	0.233	347	0.227666	153	0.245098	0.0149987	0.200858	0.115175	-0.321785	0.242133	0.434349	-0.0587325	0.940475	0.458788	0.757893
rs182	rs182	1	182	A	C	500	0.132	347	0.129683	153	0.137255	-0.205856	0.254244	-0.101783	-0.292381	0.317258	0.533135	-0.101173	0.418125	0.583405	0.619916
rs183	rs183	1	183	A	C	500	0.243	347	0.231988	153	0.267974	0.0489625	0.191488	0.0582546	-0.0315462	0.227959	0.4199	-0.0519349	0.798187	0.940113	0.965111
rs184	rs184	1	184	A	C	500	0.181	347	0.177233	153	0.189542	-0.0783493	0.222124	-0.0429184	-0.116954	0.266382	0.48536	-0.0713667	0.724293	0.809583	0.912799
rs185	rs185	1	185	A	C	500	0.136	347	0.131124	153	0.147059	-0.164863	0.254142	-0.296761	0.455076	0.301592	0.560267	-0.0909799	0.51653	0.416649	0.582584
rs186	rs186	1	186	A	C	500	0.368	347	0.360231	153	0.385621	0.220033	0.1676	0.145082	0.244767	0.201325	0.364269	-0.040632	0.189237	0.501622	0.337049
rs187	rs187	1	187	A	C	500	0.314	347	0.31268	153	0.316993	-0.0289848	0.187156	-0.0170873	-0.043945	0.219069	0.420553	-0.0478835	0.876924	0.916778	0.9827
rs188	rs188	1	188	A	C	500	0.259	347	0.272334	153	0.228758	0.0045248	0.189635	0.00165475	0.010483	0.222517	0.425217	-0.0495021	0.980964	0.980331	0.999412
rs189	rs189	1	189	A	C	500	0.341	347	0.332853	153	0.359477	0.0278989	0.185996	0.0800317	-0.16568	0.22479	0.401191	-0.050646	0.880767	0.679629	0.90799
rs190	rs190	1	190	A	C	500	0.319	347	0.322767	153	0.310458	-0.0800577	0.177141	-0.198758	0.400706	0.211259	0.388605	-0.0447346	0.651309	0.302476	0.530598
rs191	rs191	1	191	A	C	500	0.112	347	0.121037	153	0.0915033	-0.247182	0.259101	-0.136323	-0.394761	0.305559	0.576749	-0.0934136	0.340085	0.493685	0.501928
rs192	rs192	1	192	A	C	500	0.196	347	0.201729	153	0.183007	0.20295	0.219696	0.256089	-0.172766	0.264145	0.476778	-0.0699192	0.355604	0.717083	0.6112
rs193	rs193	1	193	A	C	500	0.197	347	0.188761	153	0.215686	0.0560373	0.214758	0.0387585	0.0557471	0.258691	0.465307	-0.0671073	0.794145	0.904636	0.959618
rs194	rs194	1	194	A	C	500	0.286	347	0.288184	153	0.281046	0.129312	0.188616	-0.025122	0.551732	0.222123	0.41912	-0.049169	0.492974	0.188037	0.332379
rs195	rs195	1	195	A	C	500	0.26	347	0.252161	153	0.277778	-0.0192226	0.19852	-0.175193	0.474698	0.242407	0.423375	-0.0588944	0.922862	0.262192	0.530858
rs196	rs196	1	196	A	C	500	0.291	347	0.302594	153	0.264706	0.17873	0.188548	0.192619	-0.053436	0.219297	0.43085	-0.0482491	0.343165	0.901296	0.633195
rs197	rs197	1	197	A	C	500	0.169	347	0.184438	153	0.133987	-0.0969551	0.221505	0.0147647	-0.474606	0.253358	0.522468	-0.0642564	0.661596	0.363671	0.601467
rs198	rs198	1	198	A	C	500	0.241	347	0.246398	153	0.228758	0.339081	0.199502	0.36813	-0.0999949	0.236645	0.438125	-0.0557638	0.0891996	0.819465	0.229828
rs199	rs199	1	199	A	C	500	0.126	347	0.115274	153	0.150327	-0.123969	0.251914	-0.200307	0.22211	0.311007	0.530658	-0.0967846	0.622644	0.675541	0.811656
rs200	rs200	1	200	A	C	500	0.157	347	0.164265	153	0.140523	-0.101598	0.234027	0.094686	-0.654404	0.279552	0.509791	-0.0779515	0.664193	0.199257	0.399261
rs201	rs201	1	201	A	C	500	0.303	347	0.301153	153	0.30719	0.0130906	0.184167	0.169047	-0.484564	0.223593	0.393948	-0.0499496	0.943334	0.21869	0.468134
rs202	rs202	1	202	A	C	500	0.221	347	0.224784	153	0.212418	-0.0914997	0.199939	-0.177221	0.303522	0.236074	0.444447	-0.0557875	0.647212	0.494656	0.713261
rs203	rs203	1	203	A	C	500	0.435	347	0.439481	153	0.424837	0.140581	0.170973	0.105891	0.102937	0.209878	0.361208	-0.0439683	0.410939	0.775659	0.684786
rs204	rs204	1	204	A	C	500	0.209	347	0.197406	153	0.235294	0.237428	0.212691	0.121588	0.306478	0.269704	0.438758	-0.0727631	0.264292	0.484857	0.420199
rs205	rs205	1	205	A	C	500	0.363	347	0.341499	153	0.411765	-0.095367	0.173734	-0.0718102	-0.0652138	0.217572	0.362583	-0.0474887	0.583057	0.857263	0.846341
rs206	rs206	1	206	A	C	500	0.282	347	0.269452	153	0.310458	0.301925	0.187605	0.162749	0.440743	0.226938	0.404374	-0.0516354	0.107536	0.275741	0.151221
rs207	rs207	1	207	A	C	500	0.382	347	0.403458	153	0.333333	-0.029818	0.173368	0.03077	-0.238595	0.200765	0.398696	-0.0403654	0.863443	0.549547	0.823777
rs208	rs208	1	208	A	C	500	0.382	347	0.37464	153	0.398693	-0.307003	0.171658	-0.113191	-0.618181	0.207129	0.369717	-0.0428553	0.0737014	0.0945171	0.049929
rs209	rs209	1	209	A	C	500	0.194	347	0.194524	153	0.19281	0.0335139	0.215097	0.00295873	0.10214	0.257099	0.470767	-0.0662983	0.876184	0.828236	0.964954
rs210	rs210	1	210	A	C	500	0.218	347	0.206052	153	0.245098	0.124188	0.204276	-0.0829927	0.581661	0.254265	0.42506	-0.0643547	0.543224	0.17118	0.325926
rs211	rs211	1	211	A	C	500	0.351	347	0.347262	153	0.359477	0.245498	0.170925	0.352116	-0.340378	0.206469	0.369755	-0.0428249	0.150919	0.357285	0.233359
rs212	rs212	1	212	A	C	500	0.14	347	0.132565	153	0.156863	0.128199	0.228665	0.211428	-0.264495	0.276177	0.492181	-0.0762265	0.575041	0.590996	0.739667
rs213	rs213	1	213	A	C	500	0.405	347	0.394813	153	0.428105	0.267788	0.17024	0.37208	-0.325136	0.206573	0.364779	-0.0426819	0.115718	0.372756	0.19507
rs214	rs214	1	214	A	C	500	0.184	347	0.180115	153	0.19281	-0.184422	0.225629	-0.173992	-0.0354355	0.268507	0.494546	-0.0719858	0.413718	0.942878	0.714186
rs215	rs215	1	215	A	C	500	0.238	347	0.247839	153	0.215686	0.130483	0.19935	0.103803	0.0965127	0.234435	0.446277	-0.0550558	0.512764	0.828784	0.788521
rs216	rs216	1	216	A	C	500	0.169	347	0.154179	153	0.202614	0.153028	0.233919	0.019618	0.338084	0.300778	0.479149	-0.0905953	0.512987	0.480442	0.629446
rs217	rs217	1	217	A	C	500	0.218	347	0.217579	153	0.218954	-0.162749	0.201684	-0.0810865	-0.254924	0.244589	0.431957	-0.0597715	0.419695	0.555083	0.606694
rs218	rs218	1	218	A	C	500	0.116	347	0.132565	153	0.0784314	-0.354403	0.259257	-0.384736	0.157046	0.288691	0.657508	-0.0835013	0.171626	0.811222	0.381798
rs219	rs219	1	219	A	C	500	0.198	347	0.206052	153	0.179739	-0.26183	0.21549	-0.188583	-0.265104	0.253076	0.480308	-0.0637403	0.224349	0.580985	0.410455
rs220	rs220	1	220	A	C	500	0.357	347	0.351585	153	0.369281	-0.0383669	0.180463	0.111283	-0.523655	0.213307	0.397939	-0.0452546	0.831637	0.188201	0.411304
rs221	rs221	1	221	A	C	500	0.171	347	0.181556	153	0.147059	0.0432101	0.235866	0.223553	-0.561813	0.286236	0.505193	-0.0819259	0.854643	0.266105	0.529862
rs222	rs222	1	222	A	C	500	0.355	347	0.337176	153	0.395425	0.179873	0.175972	0.329194	-0.444851	0.215906	0.372681	-0.0466213	0.306703	0.232615	0.290891
rs223	rs223	1	223	A	C	500	0.284	347	0.282421	153	0.287582	-0.178756	0.184441	-0.0638646	-0.38866	0.21969	0.403749	-0.0481883	0.332457	0.335735	0.39338
rs224	rs224	1	224	A	C	500	0.139	347	0.14121	153	0.133987	-0.0787277	0.254522	-0.273551	0.609752	0.308645	0.546414	-0.0953961	0.757081	0.264458	0.511467
rs225	rs225	1	225	A	C	500	0.186	347	0.175793	153	0.20915	-0.237045	0.217059	-0.225046	-0.0380802	0.262351	0.46764	-0.0689087	0.274799	0.9351	0.549014
rs226	rs226	1	226	A	C	500	0.142	347	0.138329	153	0.150327	0.237401	0.246538	0.246614	-0.0284774	0.30004	0.528605	-0.0903951	0.335577	0.957037	0.628085
rs227	rs227	1	227	A	C	500	0.123	347	0.121037	153	0.127451	-0.29841	0.261212	-0.207934	-0.295152	0.31368	0.56657	-0.0983999	0.253285	0.602405	0.454645
rs228	rs228	1	228	A	C	500	0.375	347	0.387608	153	0.346405	-0.0847118	0.176368	-0.148132	0.235049	0.206428	0.397568	-0.0426473	0.631005	0.554374	0.748174
rs229	rs229	1	229	A	C	500	0.222	347	0.224784	153	0.215686	-0.0961668	0.197594	0.00642078	-0.347025	0.235387	0.432721	-0.0553541	0.626479	0.422576	0.644034
rs230	rs230	1	230	A	C	500	0.143	347	0.144092	153	0.140523	-0.013924	0.252205	0.122107	-0.447132	0.30233	0.548014	-0.0913662	0.955972	0.41455	0.715781
rs231	rs231	1	231	A	C	500	0.181	347	0.170029	153	0.205882	0.0569257	0.222693	-0.0127237	0.199376	0.276472	0.469012	-0.0768442	0.798241	0.670764	0.88424
rs232	rs232	1	232	A	C	500	0.233	347	0.231988	153	0.235294	-0.178002	0.204696	-0.325713	0.486377	0.245709	0.447529	-0.0608254	0.384526	0.277123	0.379589
rs233	rs233	1	233	A	C	500	0.189	347	0.181556	153	0.205882	0.0964048	0.218966	-0.103103	0.658844	0.262232	0.476491	-0.0687524	0.65974	0.166757	0.348942
rs234	rs234	1	234	A	C	500	0.381	347	0.384726	153	0.372549	-0.0612249	0.174436	-0.0787486	0.0562902	0.21009	0.37612	-0.0440399	0.725598	0.881033	0.929791
rs235	rs235	1	235	A	C	500	0.199	347	0.195965	153	0.205882	-0.0115494	0.218887	0.0602892	-0.219751	0.266854	0.466924	-0.071272	0.95792	0.637901	0.893918
rs236	rs236	1	236	A	C	500	0.345	347	0.329971	153	0.379085	0.300938	0.179841	0.211562	0.24913	0.224571	0.3749	-0.0504229	0.0942569	0.506356	0.197729
rs237	rs237	1	237	A	C	500	0.119	347	0.126801	153	0.101307	0.0876691	0.262609	0.143943	-0.189443	0.31338	0.575684	-0.0984462	0.738501	0.742099	0.895951
rs238	rs238	1	238	A	C	500	0.281	347	0.268012	153	0.310458	0.139198	0.179662	0.266728	-0.360151	0.223603	0.375923	-0.050041	0.438471	0.33804	0.468104
rs239	rs239	1	239	A	C	500	0.372	347	0.371758	153	0.372549	0.0720232	0.173323	-0.0246384	0.349966	0.203855	0.388529	-0.0416941	0.677745	0.367723	0.611396
rs240	rs240	1	240	A	C	500	0.274	347	0.270893	153	0.281046	-0.114405	0.195828	0.0263674	-0.403221	0.2423	0.408713	-0.0583192	0.559079	0.323857	0.518247
rs241	rs241	1	241	A	C	500	0.132	347	0.132565	153	0.130719	0.0428955	0.248003	0.0060046	0.137904	0.289984	0.56179	-0.0844286	0.86268	0.80609	0.955915
rs242	rs242	1	242	A	C	500	0.24	347	0.240634	153	0.238562	0.0519611	0.206182	0.179444	-0.400702	0.249622	0.442287	-0.0622357	0.801029	0.364948	0.642651
rs243	rs243	1	243	A	C	500	0.405	347	0.410663	153	0.392157	0.21182	0.174075	0.275559	-0.197321	0.211671	0.37281	-0.0448962	0.223668	0.596611	0.414613
rs244	rs244	1	244	A	C	500	0.389	347	0.389049	153	0.388889	0.124891	0.179662	0.166997	-0.129291	0.218849	0.383723	-0.0479522	0.486965	0.736164	0.742022
rs245	rs245	1	245	A	C	500	0.331	347	0.324207	153	0.346405	0.00101874	0.179489	-0.0698296	0.201194	0.22283	0.37499	-0.049517	0.995471	0.591591	0.865932
rs246	rs246	1	246	A	C	500	0.238	347	0.253602	153	0.202614	-0.0982911	0.19842	-0.084612	-0.0447402	0.237592	0.427441	-0.0558615	0.62034	0.916638	0.879701
rs247	rs247	1	247	A	C	500	0.347	347	0.337176	153	0.369281	0.128668	0.181184	0.0346757	0.313981	0.216647	0.396779	-0.0471288	0.47761	0.428754	0.568214
rs248	rs248	1	248	A	C	500	0.156	347	0.159942	153	0.147059	-0.0262781	0.23579	-0.151608	0.463379	0.276089	0.531026	-0.0762691	0.911262	0.382875	0.679134
rs249	rs249	1	249	A	C	500	0.359	347	0.34438	153	0.392157	-0.171147	0.176657	-0.117161	-0.161879	0.216436	0.374953	-0.0468866	0.332641	0.665937	0.569788
rs250	rs250	1	250	A	C	500	0.408	347	0.407781	153	0.408497	0.127832	0.171616	0.319708	-0.681084	0.202378	0.380732	-0.0408374	0.456349	0.0736341	0.152978
rs251	rs251	1	251	A	C	500	0.264	347	0.263689	153	0.264706	0.0527128	0.191323	0.057695	-0.0155762	0.232081	0.410704	-0.053953	0.782918	0.969747	0.962064
rs252	rs252	1	252	A	C	500	0.238	347	0.252161	153	0.205882	-0.071689	0.199384	-0.134312	0.239184	0.232105	0.453833	-0.0539258	0.719181	0.598172	0.815854
rs253	rs253	1	253	A	C	500	0.202	347	0.182997	153	0.245098	0.0169582	0.211059	0.189793	-0.465147	0.266392	0.437433	-0.0710991	0.93596	0.28762	0.566322
rs254	rs254	1	254	A	C	500	0.33	347	0.350144	153	0.284314	-0.00905943	0.179352	-0.0309774	0.0758076	0.212407	0.393587	-0.0447888	0.959714	0.847267	0.980371
rs255	rs255	1	255	A	C	500	0.121	347	0.121037	153	0.120915	0.177372	0.265177	-0.0214679	0.565491	0.329255	0.555043	-0.108325	0.503573	0.308286	0.475827
rs256	rs256	1	256	A	C	500	0.325	347	0.306916	153	0.366013	0.152384	0.185831	0.0710821	0.25314	0.225491	0.397677	-0.0507925	0.41221	0.524421	0.583446
rs257	rs257	1	257	A	C	500	0.32	347	0.305476	153	0.352941	0.0613453	0.175458	0.0284023	0.105387	0.211673	0.378789	-0.044851	0.726617	0.780843	0.904997
rs258	rs258	1	258	A	C	500	0.27	347	0.279539	153	0.248366	-0.0613592	0.191373	-0.00460315	-0.205438	0.224981	0.428172	-0.0506487	0.748494	0.631368	0.846618
rs259	rs259	1	259	A	C	500	0.156	347	0.154179	153	0.160131	0.314926	0.231274	0.457389	-0.402072	0.287637	0.482665	-0.082545	0.173293	0.40483	0.279689
rs260	rs260	1	260	A	C	500	0.196	347	0.193084	153	0.202614	0.118413	0.216318	0.0426983	0.242369	0.261254	0.468933	-0.068695	0.584103	0.60526	0.753225
rs261	rs261	1	261	A	C	500	0.278	347	0.268012	153	0.300654	-0.0422575	0.190672	-0.142873	0.360545	0.225277	0.429913	-0.0515781	0.824607	0.401668	0.68645
rs262	rs262	1	262	A	C	500	0.12	347	0.118156	153	0.124183	0.141619	0.26725	0.0934074	0.148106	0.325164	0.569017	-0.105398	0.596171	0.794644	0.840063
rs263	rs263	1	263	A	C	500	0.379	347	0.353026	153	0.437908	0.128208	0.176619	0.181178	-0.150109	0.219363	0.368684	-0.0479656	0.467898	0.683898	0.707263
rs264	rs264	1	264	A	C	500	0.174	347	0.174352	153	0.173203	0.0242392	0.220389	-0.208182	0.703193	0.269244	0.467934	-0.0723721	0.912422	0.132901	0.32136
rs265	rs265	1	265	A	C	500	0.387	347	0.396254	153	0.366013	-0.177785	0.177939	-0.122787	-0.171336	0.215852	0.380644	-0.0465095	0.31773	0.652624	0.548572
rs266	rs266	1	266	A	C	500	0.354	347	0.345821	153	0.372549	-0.0656488	0.178498	-0.175451	0.353522	0.215066	0.386248	-0.046337	0.713033	0.360049	0.614778
rs267	rs267	1	267	A	C	500	0.127	347	0.135447	153	0.107843	-0.191684	0.254355	-0.294876	0.3806	0.297892	0.571897	-0.0886779	0.451084	0.505729	0.603258
rs268	rs268	1	268	A	C	500	0.187	347	0.195965	153	0.166667	0.00168852	0.218516	-0.00947503	0.037893	0.260058	0.478602	-0.0674829	0.993835	0.936894	0.996841
rs269	rs269	1	269	A	C	500	0.281	347	0.293948	153	0.251634	0.104776	0.185743	0.0400945	0.188264	0.229389	0.391788	-0.0527371	0.572691	0.630854	0.759912
rs270	rs270	1	270	A	C	500	0.118	347	0.0994236	153	0.160131	-0.275802	0.25485	-0.403767	0.318989	0.330031	0.522727	-0.109613	0.279157	0.541703	0.462184
rs271	rs271	1	271	A	C	500	0.343	347	0.353026	153	0.320261	-0.268041	0.181013	-0.298178	0.102483	0.215659	0.39865	-0.0467343	0.138664	0.797121	0.323226
rs272	rs272	1	272	A	C	500	0.293	347	0.298271	153	0.281046	0.182314	0.180082	0.259564	-0.226484	0.22217	0.381475	-0.049636	0.311349	0.552709	0.502221
rs273	rs273	1	273	A	C	500	0.19	347	0.200288	153	0.166667	-0.222227	0.211766	-0.265669	0.170411	0.245307	0.485699	-0.0601379	0.293995	0.725696	0.542175
rs274	rs274	1	274	A	C	500	0.168	347	0.175793	153	0.150327	-0.0388871	0.227796	-0.0953467	0.216421	0.264784	0.517409	-0.0698402	0.864452	0.675743	0.902984
rs275	rs275	1	275	A	C	500	0.24	347	0.233429	153	0.254902	0.00566686	0.193849	0.0323557	-0.0738929	0.242593	0.403827	-0.0589002	0.976679	0.854812	0.982978
rs276	rs276	1	276	A	C	500	0.262	347	0.273775	153	0.235294	-0.0117724	0.186624	0.0633078	-0.216425	0.230862	0.391743	-0.0532376	0.949702	0.580628	0.856758
rs277	rs277	1	277	A	C	500	0.316	347	0.306916	153	0.336601	0.131214	0.183391	-0.113851	0.730265	0.224966	0.388272	-0.0505908	0.474309	0.059998	0.132036
rs278	rs278	1	278	A	C	500	0.269	347	0.268012	153	0.271242	0.0913209	0.197941	0.118724	-0.0965902	0.233956	0.439611	-0.0548278	0.644544	0.826091	0.877602
rs279	rs279	1	279	A	C	500	0.273	347	0.28098	153	0.254902	-0.126361	0.195488	-0.0794525	-0.156801	0.233589	0.427398	-0.0546473	0.518027	0.713713	0.758656
rs280	rs280	1	280	A	C	500	0.311	347	0.289625	153	0.359477	-0.0592001	0.18563	-0.10942	0.156941	0.224926	0.396935	-0.0504176	0.749791	0.692561	0.878959
rs281	rs281	1	281	A	C	500	0.285	347	0.278098	153	0.300654	0.150517	0.183958	0.0927652	0.184713	0.222451	0.40004	-0.0500353	0.413236	0.644271	0.643177
rs282	rs282	1	282	A	C	500	0.163	347	0.162824	153	0.163399	0.243283	0.227135	0.343477	-0.317638	0.27461	0.489293	-0.075517	0.284126	0.516224	0.456421
rs283	rs283	1	283	A	C	500	0.297	347	0.291066	153	0.310458	0.113869	0.195656	0.190362	-0.244023	0.236538	0.424052	-0.0563672	0.560575	0.564983	0.715388
rs284	rs284	1	284	A	C	500	0.362	347	0.355908	153	0.375817	0.181362	0.17334	0.127927	0.16177	0.21208	0.369928	-0.0452022	0.295434	0.661892	0.525732
rs285	rs285	1	285	A	C	500	0.212	347	0.20317	153	0.232026	0.159817	0.209263	0.0643178	0.271296	0.260063	0.438642	-0.0677297	0.445037	0.536252	0.616995
rs286	rs286	1	286	A	C	500	0.313	347	0.321326	153	0.294118	0.155194	0.186636	0.129168	0.0818243	0.226953	0.405971	-0.0524227	0.405672	0.840267	0.693478
rs287	rs287	1	287	A	C	500	0.374	347	0.380403	153	0.359477	-0.153401	0.170829	-0.0616014	-0.294967	0.205895	0.369308	-0.0424466	0.369197	0.424462	0.485709
rs288	rs288	1	288	A	C	500	0.308	347	0.319885	153	0.281046	-0.0153267	0.18702	0.112203	-0.390942	0.227931	0.399408	-0.0520394	0.934685	0.327677	0.617309
rs289	rs289	1	289	A	C	500	0.164	347	0.170029	153	0.150327	0.0925165	0.235193	0.0852212	0.0258442	0.277558	0.522131	-0.0769553	0.69405	0.960523	0.924416
rs290	rs290	1	290	A	C	500	0.378	347	0.377522	153	0.379085	0.119142	0.180935	0.181743	-0.186755	0.221965	0.383564	-0.0493159	0.510231	0.626333	0.715103
rs291	rs291	1	291	A	C	500	0.275	347	0.272334	153	0.281046	-0.163262	0.193276	-0.169793	0.0208494	0.233299	0.41713	-0.0545039	0.398273	0.960136	0.699062
rs292	rs292	1	292	A	C	500	0.248	347	0.266571	153	0.205882	0.174021	0.201497	0.180336	-0.0247562	0.233548	0.46289	-0.0546589	0.387785	0.957348	0.687724
rs293	rs293	1	293	A	C	500	0.104	347	0.092219	153	0.130719	0.141358	0.28422	0.235421	-0.263815	0.355563	0.599205	-0.128017	0.618939	0.659737	0.802036
rs294	rs294	1	294	A	C	500	0.263	347	0.262248	153	0.264706	0.00290168	0.196822	0.00510288	-0.0074337	0.234444	0.430166	-0.0547931	0.988237	0.986212	0.999742
rs295	rs295	1	295	A	C	500	0.292	347	0.273775	153	0.333333	0.0273918	0.194117	0.0314871	-0.0117433	0.240362	0.406464	-0.0576157	0.887783	0.976951	0.98968
rs296	rs296	1	296	A	C	500	0.156	347	0.146974	153	0.176471	-0.0540277	0.236876	-0.17391	0.375518	0.287474	0.510216	-0.0831058	0.819581	0.461732	0.74315
rs297	rs297	1	297	A	C	500	0.198	347	0.204611	153	0.183007	0.103306	0.226458	0.198354	-0.308715	0.272067	0.48976	-0.0738506	0.64826	0.528472	0.73881
rs298	rs298	1	298	A	C	500	0.207	347	0.217579	153	0.183007	0.0959977	0.197223	0.0712992	0.0936011	0.229718	0.44638	-0.0525774	0.626438	0.83391	0.868971
rs299	rs299	1	299	A	C	500	0.252	347	0.259366	153	0.235294	0.0739582	0.196724	0.122819	-0.1761	0.231473	0.439641	-0.0536281	0.706955	0.688748	0.859942
rs300	rs300	1	300	A	C	500	0.314	347	0.32853	153	0.281046	0.331045	0.181468	0.4602	-0.440105	0.215835	0.398183	-0.0465282	0.0681117	0.269036	0.102817
rs301	rs301	1	301	A	C	500	0.196	347	0.210375	153	0.163399	0.0285992	0.221254	0.0145757	0.0505463	0.260251	0.493915	-0.0676816	0.897152	0.918488	0.986501
rs302	rs302	1	302	A	C	500	0.279	347	0.272334	153	0.294118	0.12636	0.189777	0.23703	-0.35366	0.228906	0.409028	-0.0523539	0.505516	0.387239	0.551306
rs303	rs303	1	303	A	C	500	0.143	347	0.144092	153	0.140523	-0.250778	0.244932	-0.326204	0.236142	0.297902	0.530883	-0.0900219	0.305897	0.656458	0.536289
rs304	rs304	1	304	A	C	500	0.161	347	0.165706	153	0.150327	-0.0655655	0.223504	-0.0998765	0.113099	0.267818	0.486383	-0.0717681	0.769252	0.816126	0.932335
rs305	rs305	1	305	A	C	500	0.34	347	0.341499	153	0.336601	-0.140482	0.177402	-0.0283742	-0.336602	0.21704	0.375428	-0.0469429	0.428429	0.369941	0.488962
rs306	rs306	1	306	A	C	500	0.324	347	0.327089	153	0.316993	0.106165	0.176464	0.030619	0.244443	0.21239	0.382445	-0.0452034	0.547425	0.52272	0.680289
rs307	rs307	1	307	A	C	500	0.183	347	0.174352	153	0.202614	0.191675	0.213292	-0.0954531	0.853135	0.261848	0.45131	-0.0685502	0.368837	0.058711	0.111861
rs308	rs308	1	308	A	C	500	0.258	347	0.257925	153	0.25817	0.383459	0.196442	0.528232	-0.482195	0.234669	0.427576	-0.0548899	0.0509361	0.25943	0.0787808
rs309	rs309	1	309	A	C	500	0.306	347	0.315562	153	0.284314	-0.00627219	0.1926	-0.109026	0.391022	0.224246	0.437073	-0.0501999	0.974021	0.37098	0.669838
rs310	rs310	1	310	A	C	500	0.184	347	0.194524	153	0.160131	-0.271081	0.223896	-0.245024	-0.094068	0.263257	0.499894	-0.0692219	0.225992	0.850739	0.472055
rs311	rs311	1	311	A	C	500	0.165	347	0.15562	153	0.186275	0.0727287	0.225697	0.0662872	0.0173011	0.28484	0.466712	-0.081099	0.747271	0.970429	0.948753
rs312	rs312	1	312	A	C	500	0.248	347	0.247839	153	0.248366	0.0545778	0.199407	0.106289	-0.167335	0.240533	0.435273	-0.0585489	0.784315	0.700654	0.894624
rs313	rs313	1	313	A	C	500	0.381	347	0.370317	153	0.405229	0.0537793	0.180105	0.0973223	-0.15454	0.213268	0.40537	-0.0462999	0.765246	0.703031	0.889363
rs314	rs314	1	314	A	C	500	0.299	347	0.295389	153	0.30719	0.100186	0.190334	-0.0709382	0.597611	0.225083	0.419586	-0.0504122	0.598631	0.154363	0.315742
rs315	rs315	1	315	A	C	500	0.132	347	0.12536	153	0.147059	-0.0568044	0.24999	-0.0883787	0.0981733	0.303436	0.534743	-0.0919667	0.820247	0.854335	0.958229
rs316	rs316	1	316	A	C	500	0.264	347	0.25072	153	0.294118	0.194336	0.18658	0.264206	-0.205192	0.230207	0.396006	-0.0533996	0.297613	0.604351	0.508306
rs317	rs317	1	317	A	C	500	0.245	347	0.244957	153	0.245098	-0.0188436	0.194682	-0.00245623	-0.0503384	0.237047	0.415433	-0.0561838	0.922892	0.903556	0.988047
rs318	rs318	1	318	A	C	500	0.127	347	0.126801	153	0.127451	-0.0164905	0.259688	-0.00699722	-0.0330294	0.307745	0.574534	-0.0948741	0.949368	0.954156	0.996338
rs319	rs319	1	319	A	C	500	0.317	347	0.31268	153	0.326797	-0.0470813	0.180286	-0.0460219	-0.00313494	0.22121	0.379313	-0.048621	0.793979	0.993406	0.966443
rs320	rs320	1	320	A	C	500	0.155	347	0.152738	153	0.160131	0.141735	0.22409	0.217834	-0.234173	0.272701	0.478204	-0.0743135	0.527065	0.624351	0.726205
rs321	rs321	1	321	A	C	500	0.181	347	0.180115	153	0.183007	0.132375	0.209784	0.154648	-0.071067	0.253351	0.453238	-0.0643817	0.528037	0.875404	0.809469
rs322	rs322	1	322	A	C	500	0.217	347	0.210375	153	0.232026	0.05247	0.209411	0.22169	-0.511436	0.25601	0.445092	-0.065548	0.802154	0.250532	0.500795
rs323	rs323	1	323	A	C	500	0.315	347	0.318444	153	0.30719	-0.0991456	0.184576	-0.26992	0.56857	0.220692	0.402796	-0.0487312	0.591162	0.15808	0.319654
rs324	rs324	1	324	A	C	500	0.188	347	0.188761	153	0.186275	-0.109005	0.214144	-0.102868	-0.0189066	0.260618	0.457597	-0.0679708	0.610733	0.967043	0.877738
rs325	rs325	1	325	A	C	500	0.098	347	0.105187	153	0.0816993	-0.155464	0.291363	-0.184381	0.10635	0.341373	0.654229	-0.116378	0.593635	0.870866	0.855932
rs326	rs326	1	326	A	C	500	0.322	347	0.31268	153	0.343137	-0.206579	0.181823	-0.221488	0.0507427	0.216328	0.398924	-0.0467579	0.255893	0.898783	0.520216
rs327	rs327	1	327	A	C	500	0.133	347	0.122478	153	0.156863	-0.107914	0.264256	-0.274807	0.496595	0.323918	0.557396	-0.104415	0.683002	0.372972	0.618628
rs328	rs328	1	328	A	C	500	0.166	347	0.167147	153	0.163399	-0.213025	0.216918	-0.339631	0.415652	0.260165	0.471573	-0.0677366	0.326074	0.378093	0.418675
rs329	rs329	1	329	A	C	500	0.31	347	0.327089	153	0.271242	0.106635	0.185426	0.0352743	0.259026	0.217821	0.414862	-0.047416	0.565236	0.532387	0.697484
rs330	rs330	1	330	A	C	500	0.195	347	0.200288	153	0.183007	-0.209451	0.217287	-0.157324	-0.17209	0.260182	0.472467	-0.0676154	0.335078	0.715681	0.588064
rs331	rs331	1	331	A	C	500	0.375	347	0.361671	153	0.405229	-0.0193917	0.172153	-0.0917282	0.215983	0.210993	0.364237	-0.044433	0.910314	0.553199	0.833474
rs332	rs332	1	332	A	C	500	0.335	347	0.337176	153	0.330065	0.0687209	0.178708	0.119132	-0.161701	0.215872	0.388429	-0.0470372	0.700575	0.677195	0.851643
rs333	rs333	1	333	A	C	500	0.189	347	0.191643	153	0.183007	0.0718951	0.205926	0.155822	-0.24195	0.254964	0.433404	-0.0651568	0.726991	0.57667	0.805115
rs334	rs334	1	334	A	C	500	0.194	347	0.188761	153	0.205882	0.166009	0.211128	0.205707	-0.146593	0.247547	0.477262	-0.0616842	0.431695	0.758726	0.700262
rs335	rs335	1	335	A	C	500	0.264	347	0.256484	153	0.281046	0.0729764	0.197809	0.0849643	-0.0408344	0.235266	0.433837	-0.0552551	0.712185	0.925011	0.930083
rs336	rs336	1	336	A	C	500	0.379	347	0.380403	153	0.375817	-0.195622	0.176431	-0.25489	0.18171	0.215012	0.376766	-0.0463008	0.26753	0.6296	0.481434
rs337	rs337	1	337	A	C	500	0.402	347	0.383285	153	0.444444	-0.00757674	0.177585	0.0369675	-0.153264	0.210936	0.391666	-0.0445844	0.965968	0.695566	0.925452
rs338	rs338	1	338	A	C	500	0.122	347	0.112392	153	0.143791	0.304036	0.255138	0.370671	-0.194634	0.31458	0.53752	-0.0989174	0.233397	0.71728	0.460438
rs339	rs339	1	339	A	C	500	0.314	347	0.322767	153	0.294118	-0.00757747	0.178778	0.033745	-0.14542	0.21115	0.395377	-0.0444207	0.966192	0.713022	0.933759
rs340	rs340	1	340	A	C	500	0.122	347	0.112392	153	0.143791	0.194616	0.260987	0.174521	0.0540691	0.329317	0.540369	-0.108526	0.455852	0.920297	0.753493
rs341	rs341	1	341	A	C	500	0.201	347	0.188761	153	0.228758	0.0817738	0.210632	-0.0590206	0.48257	0.250336	0.463689	-0.0627305	0.697846	0.298006	0.539609
rs342	rs342	1	342	A	C	500	0.173	347	0.168588	153	0.183007	-0.104985	0.2216	0.0268856	-0.432968	0.265482	0.480012	-0.0701773	0.635671	0.36706	0.595103
rs343	rs343	1	343	A	C	500	0.261	347	0.247839	153	0.29085	-0.13874	0.192182	-0.221939	0.233348	0.239282	0.399825	-0.0569972	0.470344	0.559473	0.649929
rs344	rs344	1	344	A	C	500	0.18	347	0.175793	153	0.189542	-0.235048	0.223667	-0.130717	-0.296216	0.278095	0.469195	-0.0775379	0.29331	0.527826	0.471673
rs345	rs345	1	345	A	C	500	0.34	347	0.334294	153	0.352941	-0.191484	0.170619	-0.317123	0.398153	0.20608	0.366266	-0.042332	0.26174	0.27701	0.295049
rs346	rs346	1	346	A	C	500	0.111	347	0.108069	153	0.117647	0.195116	0.260638	0.170398	0.0832856	0.310828	0.570638	-0.0966422	0.454093	0.883959	0.747621
rs347	rs347	1	347	A	C	500	0.316	347	0.306916	153	0.336601	-0.199056	0.178381	-0.298126	0.302662	0.217379	0.379536	-0.0471507	0.264464	0.425188	0.390399
rs348	rs348	1	348	A	C	500	0.211	347	0.216138	153	0.199346	-0.0576369	0.211177	-0.203465	0.504145	0.250523	0.465949	-0.0628006	0.784906	0.279264	0.536558
rs349	rs349	1	349	A	C	500	0.321	347	0.311239	153	0.343137	0.147268	0.194446	0.300946	-0.571923	0.227356	0.438477	-0.0516617	0.448827	0.192118	0.320634
rs350	rs350	1	350	A	C	500	0.312	347	0.298271	153	0.343137	-0.11112	0.188188	0.227862	-0.993969	0.231831	0.396998	-0.0537501	0.554875	0.0122897	0.0365666
rs351	rs351	1	351	A	C	500	0.126	347	0.119597	153	0.140523	0.062189	0.258885	0.117679	-0.170203	0.314899	0.54989	-0.098582	0.810161	0.756925	0.926118
rs352	rs352	1	352	A	C	500	0.12	347	0.122478	153	0.114379	0.161095	0.268377	0.185918	-0.0861417	0.318092	0.592561	-0.101181	0.548334	0.884417	0.826363
rs353	rs353	1	353	A	C	500	0.307	347	0.306916	153	0.30719	0.263106	0.185546	0.189498	0.2242	0.226462	0.395461	-0.0513451	0.156189	0.57076	0.311586
rs354	rs354	1	354	A	C	500	0.137	347	0.145533	153	0.117647	-0.286792	0.243089	-0.234399	-0.184405	0.28699	0.536918	-0.081906	0.238088	0.73126	0.470049
rs355	rs355	1	355	A	C	500	0.289	347	0.299712	153	0.264706	-0.0419197	0.187934	-0.0526112	0.034561	0.22629	0.407456	-0.0513585	0.823492	0.932403	0.971927
rs356	rs356	1	356	A	C	500	0.114	347	0.112392	153	0.117647	-0.193698	0.260815	-0.141668	-0.141021	0.328289	0.540377	-0.107736	0.457685	0.794117	0.733574
rs357	rs357	1	357	A	C	500	0.307	347	0.317003	153	0.284314	-0.0670865	0.175138	-0.168722	0.362588	0.206531	0.390507	-0.0427452	0.701683	0.353145	0.603852
rs358	rs358	1	358	A	C	500	0.379	347	0.39049	153	0.352941	-0.0531359	0.176043	-0.011586	-0.149411	0.207338	0.393883	-0.0431442	0.762778	0.704444	0.889143
rs359	rs359	1	359	A	C	500	0.298	347	0.304035	153	0.284314	0.121861	0.181467	0.00215514	0.42225	0.214198	0.401423	-0.0456828	0.501879	0.292854	0.458999
rs360	rs360	1	360	A	C	500	0.409	347	0.412104	153	0.401961	0.0166889	0.167797	-0.0782672	0.337389	0.198145	0.374438	-0.0394596	0.920774	0.36756	0.663056
rs361	rs361	1	361	A	C	500	0.109	347	0.108069	153	0.111111	-0.140462	0.256067	-0.114916	-0.0803283	0.309468	0.546444	-0.0949618	0.583323	0.883131	0.851078
rs362	rs362	1	362	A	C	500	0.107	347	0.113833	153	0.0915033	0.104163	0.268093	-0.00321697	0.458083	0.305621	0.625964	-0.0918494	0.697622	0.464288	0.709463
rs363	rs363	1	363	A	C	500	0.33	347	0.325648	153	0.339869	-0.0577648	0.176752	0.0986949	-0.528585	0.21064	0.38709	-0.0443518	0.743809	0.172084	0.37316
rs364	rs364	1	364	A	C	500	0.199	347	0.193084	153	0.212418	-0.0260756	0.207203	-0.250697	0.65623	0.255846	0.438457	-0.0658036	0.899854	0.134476	0.323698
rs365	rs365	1	365	A	C	500	0.166	347	0.145533	153	0.212418	-0.346451	0.228807	-0.257944	-0.246082	0.286033	0.477236	-0.0819151	0.129984	0.606106	0.278235
rs366	rs366	1	366	A	C	500	0.261	347	0.273775	153	0.232026	-0.203698	0.196547	-0.252584	0.176768	0.231045	0.439161	-0.0533378	0.300024	0.687307	0.538993
rs367	rs367	1	367	A	C	500	0.289	347	0.286744	153	0.294118	0.0564155	0.182116	0.0814912	-0.0790115	0.220473	0.391555	-0.0486574	0.75673	0.840082	0.933942
rs368	rs368	1	368	A	C	500	0.275	347	0.286744	153	0.248366	-0.0685138	0.195119	-0.0615237	-0.023535	0.232886	0.428068	-0.0544244	0.725484	0.956155	0.938793
rs369	rs369	1	369	A	C	500	0.16	347	0.159942	153	0.160131	-0.268704	0.233403	-0.175522	-0.299407	0.281223	0.504059	-0.079074	0.249631	0.552518	0.432101
rs370	rs370	1	370	A	C	500	0.224	347	0.240634	153	0.186275	-0.221442	0.198344	-0.344624	0.424781	0.235287	0.436459	-0.055242	0.264227	0.330432	0.333926
rs371	rs371	1	371	A	C	500	0.21	347	0.213256	153	0.202614	0.141814	0.206973	0.339104	-0.73322	0.242169	0.467272	-0.0587503	0.493229	0.116613	0.230881
rs372	rs372	1	372	A	C	500	0.224	347	0.229107	153	0.212418	0.0658518	0.196477	0.146705	-0.24519	0.240223	0.419146	-0.057933	0.737502	0.558565	0.79671
rs373	rs373	1	373	A	C	500	0.235	347	0.240634	153	0.222222	-0.0617759	0.201952	-0.200463	0.462938	0.241123	0.439753	-0.0579336	0.759685	0.292468	0.548319
rs374	rs374	1	374	A	C	500	0.231	347	0.226225	153	0.24183	0.0662426	0.210535	0.154108	-0.29035	0.252277	0.459292	-0.0638376	0.753035	0.527277	0.779332
rs375	rs375	1	375	A	C	500	0.344	347	0.337176	153	0.359477	-0.0446383	0.178062	-0.141544	0.259595	0.224818	0.367664	-0.0504609	0.802055	0.480148	0.755266
rs376	rs376	1	376	A	C	500	0.436	347	0.436599	153	0.434641	0.0048295	0.170017	0.0488655	-0.135697	0.206887	0.363256	-0.0428218	0.977338	0.708734	0.93223
rs377	rs377	1	377	A	C	500	0.159	347	0.149856	153	0.179739	-0.101561	0.228934	-0.0543767	-0.134255	0.284403	0.480127	-0.0810186	0.657311	0.779767	0.871536
rs378	rs378	1	378	A	C	500	0.144	347	0.128242	153	0.179739	0.173242	0.240531	0.109398	0.180702	0.298911	0.502281	-0.0891352	0.471372	0.719024	0.723183
rs379	rs379	1	379	A	C	500	0.241	347	0.255043	153	0.20915	0.067276	0.192918	0.0979254	-0.111497	0.226789	0.433741	-0.0517151	0.727293	0.797132	0.910423
rs380	rs380	1	380	A	C	500	0.294	347	0.28098	153	0.323529	-0.00327201	0.184147	-0.092105	0.246787	0.230355	0.384475	-0.0532094	0.985824	0.520951	0.8137
rs381	rs381	1	381	A	C	500	0.372	347	0.351585	153	0.418301	0.0406525	0.170187	-0.0854782	0.364263	0.210446	0.357502	-0.0442549	0.811207	0.308244	0.578324
rs382	rs382	1	382	A	C	500	0.27	347	0.268012	153	0.27451	-0.157683	0.187415	-0.196498	0.136798	0.221538	0.416332	-0.0491813	0.400146	0.742474	0.665028
rs383	rs383	1	383	A	C	500	0.282	347	0.273775	153	0.300654	-0.0959962	0.185614	-0.202649	0.341081	0.224005	0.401037	-0.0502905	0.60503	0.395049	0.609321
rs384	rs384	1	384	A	C	500	0.272	347	0.257925	153	0.303922	-0.0995625	0.188962	-0.197384	0.310883	0.228218	0.406699	-0.0520459	0.59827	0.444626	0.649882
rs385	rs385	1	385	A	C	500	0.24	347	0.242075	153	0.235294	-0.0185439	0.195682	-0.123415	0.374807	0.230478	0.435216	-0.0529979	0.924501	0.389129	0.687069
rs386	rs386	1	386	A	C	500	0.397	347	0.387608	153	0.418301	-0.0609956	0.177647	-0.0770845	0.0529832	0.21291	0.386473	-0.045355	0.731332	0.890956	0.93394
rs387	rs387	1	387	A	C	500	0.283	347	0.272334	153	0.30719	-0.0553637	0.193655	-0.123761	0.200465	0.238539	0.408205	-0.0568538	0.774964	0.623364	0.850909
rs388	rs388	1	388	A	C	500	0.136	347	0.135447	153	0.137255	-0.0445082	0.24813	0.0195697	-0.183737	0.30758	0.521182	-0.0947307	0.857644	0.724434	0.924752
rs389	rs389	1	389	A	C	500	0.192	347	0.195965	153	0.183007	0.58164	0.19983	0.374624	0.787953	0.232718	0.453974	-0.0541458	0.00360657	0.0826205	0.00320743
rs390	rs390	1	390	A	C	500	0.176	347	0.170029	153	0.189542	0.233897	0.222188	0.311794	-0.270741	0.26321	0.490447	-0.0692066	0.292479	0.580929	0.49339
rs391	rs391	1	391	A	C	500	0.271	347	0.263689	153	0.287582	0.22072	0.194215	0.316009	-0.275108	0.2402	0.408054	-0.0576736	0.25576	0.500187	0.417675
rs392	rs392	1	392	A	C	500	0.135	347	0.132565	153	0.140523	0.103531	0.254708	0.253769	-0.442753	0.313084	0.53653	-0.0976798	0.684398	0.409249	0.655013
rs393	rs393	1	393	A	C	500	0.199	347	0.206052	153	0.183007	0.0082217	0.207303	-0.030097	0.110627	0.256765	0.437395	-0.0662671	0.968364	0.800328	0.96776
rs394	rs394	1	394	A	C	500	0.155	347	0.149856	153	0.166667	-0.0921239	0.227267	-0.0957116	0.0112163	0.275638	0.487599	-0.0760499	0.685217	0.981648	0.920884
rs395	rs395	1	395	A	C	500	0.408	347	0.399135	153	0.428105	0.0180511	0.166549	-0.137606	0.525179	0.19854	0.364626	-0.0394055	0.913692	0.149776	0.352346
rs396	rs396	1	396	A	C	500	0.111	347	0.106628	153	0.120915	0.448799	0.265042	0.56035	-0.309927	0.331682	0.554038	-0.110482	0.0903961	0.575891	0.203902
rs397	rs397	1	397	A	C	500	0.156	347	0.14121	153	0.189542	0.215331	0.244526	0.360208	-0.384976	0.309569	0.50446	-0.0957678	0.378531	0.445377	0.50716
rs398	rs398	1	398	A	C	500	0.319	347	0.31268	153	0.333333	0.0287682	0.186555	0.0868699	-0.171158	0.229648	0.394518	-0.0528352	0.877446	0.664403	0.899425
rs399	rs399	1	399	A	C	500	0.306	347	0.286744	153	0.349673	-0.04295	0.184141	0.0861606	-0.413232	0.222077	0.39732	-0.0493229	0.815571	0.298318	0.566628
rs400	rs400	1	400	A	C	500	0.324	347	0.311239	153	0.352941	-0.101786	0.182505	-0.109714	0.0246339	0.221978	0.392608	-0.0496088	0.577039	0.94997	0.854284
rs401	rs401	1	401	A	C	500	0.173	347	0.175793	153	0.166667	-0.122903	0.219399	0.0207649	-0.44349	0.267014	0.469784	-0.0714942	0.575358	0.345154	0.547443
rs402	rs402	1	402	A	C	500	0.113	347	0.108069	153	0.124183	0.152194	0.276551	0.489814	-1.05095	0.335606	0.591853	-0.112532	0.582094	0.0757838	0.177645
rs403	rs403	1	403	A	C	500	0.401	347	0.367435	153	0.477124	-0.123815	0.16923	-0.109333	-0.0439884	0.206615	0.360053	-0.0426794	0.46439	0.902763	0.759489
rs404	rs404	1	404	A	C	500	0.178	347	0.190202	153	0.150327	-0.0390773	0.22677	-0.10348	0.239773	0.265215	0.512024	-0.070418	0.863185	0.639581	0.882945
rs405	rs405	1	405	A	C	500	0.389	347	0.397695	153	0.369281	0.0213148	0.177857	-0.172362	0.680534	0.210239	0.393909	-0.044159	0.904608	0.0840519	0.223228
rs406	rs406	1	406	A	C	500	0.114	347	0.115274	153	0.111111	-0.0530453	0.263827	0.101857	-0.53805	0.312822	0.583844	-0.0981361	0.840651	0.356756	0.640918
rs407	rs407	1	407	A	C	500	0.323	347	0.324207	153	0.320261	0.0193371	0.176015	0.0617646	-0.143572	0.209717	0.385825	-0.0439905	0.91252	0.709806	0.927493
rs408	rs408	1	408	A	C	500	0.266	347	0.26513	153	0.267974	-0.0802446	0.194135	-0.092414	0.042283	0.230102	0.429195	-0.0530165	0.679354	0.921522	0.913676
rs409	rs409	1	409	A	C	500	0.107	347	0.112392	153	0.0947712	-0.0380529	0.283159	-0.158634	0.417614	0.335742	0.624786	-0.112711	0.893096	0.503871	0.792616
rs410	rs410	1	410	A	C	500	0.408	347	0.393372	153	0.441176	0.0717433	0.170508	-0.0726092	0.438615	0.20787	0.361273	-0.0429549	0.673929	0.224717	0.438009
rs411	rs411	1	411	A	C	500	0.244	347	0.259366	153	0.20915	0.116637	0.198296	0.0690626	0.192401	0.22859	0.459905	-0.0523007	0.556399	0.675692	0.770669
rs412	rs412	1	412	A	C	500	0.127	347	0.129683	153	0.120915	0.0428601	0.253273	0.129455	-0.325995	0.295561	0.573518	-0.087373	0.86562	0.569755	0.838732
rs413	rs413	1	413	A	C	500	0.152	347	0.149856	153	0.156863	-0.165556	0.226775	-0.293188	0.412091	0.272889	0.490106	-0.074395	0.465362	0.400449	0.537959
rs414	rs414	1	414	A	C	500	0.37	347	0.378963	153	0.349673	-0.0709296	0.175451	-0.0730028	0.00720511	0.207654	0.386015	-0.0428754	0.686015	0.985108	0.921372
rs415	rs415	1	415	A	C	500	0.194	347	0.18732	153	0.20915	-0.157262	0.210915	0.0436379	-0.642631	0.254583	0.456059	-0.065022	0.455898	0.158806	0.280621
rs416	rs416	1	416	A	C	500	0.239	347	0.229107	153	0.261438	-0.173199	0.19998	-0.118135	-0.169307	0.243432	0.426792	-0.0592416	0.386445	0.691591	0.635252
rs417	rs417	1	417	A	C	500	0.149	347	0.151297	153	0.143791	0.293762	0.246701	0.276498	0.0575645	0.294749	0.537811	-0.0867455	0.233748	0.914761	0.489347
rs418	rs418	1	418	A	C	500	0.222	347	0.20317	153	0.264706	0.0381306	0.219758	0.186394	-0.433625	0.270957	0.463585	-0.0734812	0.862249	0.349595	0.636026
rs419	rs419	1	419	A	C	500	0.106	347	0.0951009	153	0.130719	0.0634519	0.28047	-0.0744306	0.439411	0.338844	0.605934	-0.11521	0.82102	0.468342	0.749362
rs420	rs420	1	420	A	C	500	0.285	347	0.295389	153	0.261438	-0.109193	0.188715	-0.101296	-0.0266123	0.22502	0.412993	-0.050616	0.56285	0.948622	0.84411
rs421	rs421	1	421	A	C	500	0.145	347	0.151297	153	0.130719	0.194878	0.238205	0.360968	-0.620799	0.278288	0.537801	-0.0773813	0.413294	0.248365	0.367552
rs422	rs422	1	422	A	C	500	0.217	347	0.213256	153	0.22549	-0.0889178	0.203087	-0.208257	0.387353	0.243895	0.438365	-0.0592038	0.661509	0.376896	0.614929
rs423	rs423	1	423	A	C	500	0.303	347	0.29683	153	0.316993	0.131755	0.192061	0.0791569	0.152547	0.237285	0.404132	-0.0563137	0.492709	0.705826	0.735987
rs424	rs424	1	424	A	C	500	0.321	347	0.329971	153	0.300654	0.0781987	0.178767	0.0771905	0.00320656	0.215489	0.38271	-0.0460498	0.661796	0.993315	0.908728
rs425	rs425	1	425	A	C	500	0.126	347	0.116715	153	0.147059	0.124278	0.253068	0.103305	0.0627619	0.310741	0.539621	-0.0973068	0.623367	0.907409	0.880429
rs426	rs426	1	426	A	C	500	0.262	347	0.257925	153	0.271242	-0.175632	0.194918	-0.110985	-0.188995	0.240084	0.409785	-0.0574394	0.367558	0.644652	0.599112
rs427	rs427	1	427	A	C	500	0.154	347	0.146974	153	0.169935	-0.0824631	0.240555	0.0189557	-0.273187	0.303186	0.497086	-0.0917318	0.731746	0.582609	0.810766
rs428	rs428	1	428	A	C	500	0.341	347	0.338617	153	0.346405	0.0159641	0.169137	-0.0911621	0.337303	0.204938	0.364375	-0.042167	0.924803	0.3546	0.648614
rs429	rs429	1	429	A	C	500	0.243	347	0.239193	153	0.251634	-0.138599	0.202263	-0.262785	0.344493	0.253346	0.423202	-0.0645631	0.49319	0.415636	0.567741
rs430	rs430	1	430	A	C	500	0.125	347	0.121037	153	0.133987	-0.102048	0.270127	-0.13358	0.103856	0.324281	0.590945	-0.106023	0.705595	0.860494	0.916859
rs431	rs431	1	431	A	C	500	0.342	347	0.331412	153	0.366013	0.0127057	0.179985	-0.0498855	0.203144	0.216503	0.390534	-0.0469923	0.943722	0.602945	0.87129
rs432	rs432	1	432	A	C	500	0.248	347	0.253602	153	0.235294	-0.318005	0.205102	-0.39793	0.254663	0.247729	0.442681	-0.0615031	0.121029	0.565106	0.254756
rs433	rs433	1	433	A	C	500	0.298	347	0.311239	153	0.267974	-0.0370318	0.190137	-0.118829	0.294694	0.223736	0.42484	-0.0500975	0.845578	0.487896	0.7714
rs434	rs434	1	434	A	C	500	0.156	347	0.15562	153	0.156863	-0.0404368	0.250379	-0.0914439	0.137255	0.315398	0.51611	-0.098989	0.871697	0.790284	0.952749
rs435	rs435	1	435	A	C	500	0.23	347	0.224784	153	0.24183	0.0947411	0.203891	0.211216	-0.330667	0.253434	0.427329	-0.0643229	0.642172	0.43905	0.665419
rs436	rs436	1	436	A	C	500	0.355	347	0.361671	153	0.339869	-0.15977	0.181633	-0.166861	0.0263529	0.212474	0.409737	-0.0451727	0.379061	0.948718	0.677774
rs437	rs437	1	437	A	C	500	0.173	347	0.159942	153	0.202614	-0.171095	0.237725	-0.181862	0.0312043	0.293638	0.499563	-0.0861078	0.471699	0.950194	0.770322
rs438	rs438	1	438	A	C	500	0.157	347	0.165706	153	0.137255	-0.0757546	0.232399	0.125734	-0.717701	0.274219	0.518467	-0.0754657	0.744449	0.166274	0.363769
rs439	rs439	1	439	A	C	500	0.252	347	0.259366	153	0.235294	-0.220103	0.194017	-0.26581	0.15213	0.231645	0.421236	-0.0533106	0.256605	0.717986	0.49228
rs440	rs440	1	440	A	C	500	0.204	347	0.206052	153	0.199346	-0.0593284	0.211948	-0.076537	0.0609826	0.250144	0.470794	-0.0625464	0.77954	0.896937	0.953547
rs441	rs441	1	441	A	C	500	0.291	347	0.292507	153	0.287582	-0.221416	0.191791	-0.285817	0.214699	0.228959	0.416901	-0.0521353	0.24831	0.606561	0.449778
rs442	rs442	1	442	A	C	500	0.136	347	0.123919	153	0.163399	0.103847	0.232002	0.182405	-0.202812	0.296241	0.475573	-0.0876055	0.654434	0.669774	0.826041
rs443	rs443	1	443	A	C	500	0.24	347	0.242075	153	0.235294	0.12959	0.19483	0.273855	-0.464614	0.234934	0.422802	-0.0555066	0.505958	0.271815	0.438239
rs444	rs444	1	444	A	C	500	0.295	347	0.306916	153	0.267974	0.180163	0.184422	0.188482	-0.0304253	0.216513	0.414848	-0.0470562	0.328616	0.941535	0.618869
rs445	rs445	1	445	A	C	500	0.272	347	0.276657	153	0.261438	-0.0948076	0.1907	-0.199918	0.413741	0.220795	0.43804	-0.0487464	0.61908	0.344899	0.565724
rs446	rs446	1	446	A	C	500	0.217	347	0.206052	153	0.24183	0.198831	0.204851	0.162133	0.0985685	0.258524	0.423581	-0.0668002	0.331742	0.815992	0.607673
rs447	rs447	1	447	A	C	500	0.096	347	0.0951009	153	0.0980392	0.00320161	0.295839	0.271461	-0.813984	0.361987	0.632958	-0.132035	0.991365	0.198443	0.437378
rs448	rs448	1	448	A	C	500	0.134	347	0.128242	153	0.147059	0.079966	0.249997	0.0249924	0.172923	0.302636	0.536498	-0.0915038	0.749068	0.747212	0.902035
rs449	rs449	1	449	A	C	500	0.382	347	0.393372	153	0.356209	-0.120378	0.180722	-0.201564	0.282809	0.213884	0.39849	-0.0455852	0.505349	0.47789	0.622706
rs450	rs450	1	450	A	C	500	0.234	347	0.217579	153	0.271242	0.2077	0.20223	0.154169	0.161121	0.247093	0.427342	-0.0606738	0.304398	0.706151	0.549641
rs451	rs451	1	451	A	C	500	0.33	347	0.341499	153	0.303922	-0.033939	0.181947	-0.109734	0.277551	0.21347	0.408831	-0.0456444	0.852027	0.497208	0.780483
rs452	rs452	1	452	A	C	500	0.159	347	0.146974	153	0.186275	0.0539216	0.222558	-0.0323531	0.227283	0.282408	0.457979	-0.0796172	0.808562	0.619701	0.858564
rs453	rs453	1	453	A	C	500	0.357	347	0.355908	153	0.359477	-0.0619605	0.16808	0.0030026	-0.196601	0.205376	0.357166	-0.0421522	0.712398	0.582012	0.802965
rs454	rs454	1	454	A	C	500	0.134	347	0.132565	153	0.137255	0.0636426	0.255798	0.151038	-0.260528	0.314321	0.544518	-0.0994622	0.803515	0.632326	0.864667
rs455	rs455	1	455	A	C	500	0.294	347	0.305476	153	0.267974	0.0294016	0.192141	0.104547	-0.251964	0.229497	0.420808	-0.0528123	0.878382	0.549331	0.826161
rs456	rs456	1	456	A	C	500	0.219	347	0.233429	153	0.186275	-0.222405	0.212845	-0.343795	0.451937	0.249036	0.481346	-0.0622332	0.296062	0.347781	0.372808
rs457	rs457	1	457	A	C	500	0.298	347	0.305476	153	0.281046	0.107355	0.185739	0.145113	-0.12302	0.222963	0.401874	-0.0495684	0.563271	0.759516	0.807438
rs458	rs458	1	458	A	C	500	0.187	347	0.190202	153	0.179739	-0.0643957	0.219309	-0.0233503	-0.12835	0.266158	0.471582	-0.0711187	0.769041	0.785493	0.922981
rs459	rs459	1	459	A	C	500	0.244	347	0.244957	153	0.24183	-0.163036	0.201794	-0.127763	-0.105834	0.247352	0.429197	-0.0613945	0.419128	0.805229	0.699925
rs460	rs460	1	460	A	C	500	0.365	347	0.371758	153	0.349673	0.0901526	0.185728	0.0610073	0.0849993	0.229102	0.391197	-0.052474	0.627393	0.82799	0.868132
rs461	rs461	1	461	A	C	500	0.298	347	0.304035	153	0.284314	-0.105299	0.187149	-0.198258	0.295161	0.226329	0.404136	-0.0514384	0.573673	0.465176	0.653774
rs462	rs462	1	462	A	C	500	0.341	347	0.34438	153	0.333333	-0.00131838	0.178411	-0.0173132	0.051445	0.214568	0.383393	-0.045701	0.994104	0.893258	0.991011
rs463	rs463	1	463	A	C	500	0.309	347	0.308357	153	0.310458	-0.0964488	0.187028	-0.0666883	-0.110546	0.218738	0.421348	-0.0477944	0.606069	0.793041	0.845872
rs464	rs464	1	464	A	C	500	0.258	347	0.255043	153	0.264706	0.0336468	0.196466	0.139365	-0.355708	0.234238	0.429158	-0.054738	0.864019	0.407189	0.69896
rs465	rs465	1	465	A	C	500	0.367	347	0.37464	153	0.349673	0.035715	0.172925	-0.152234	0.613514	0.207568	0.374772	-0.0430279	0.836373	0.101624	0.256336
rs466	rs466	1	466	A	C	500	0.151	347	0.142651	153	0.169935	-0.330733	0.236328	-0.249121	-0.237016	0.292255	0.499335	-0.085854	0.161672	0.635027	0.335575
rs467	rs467	1	467	A	C	500	0.287	347	0.292507	153	0.27451	-0.0695617	0.192448	-0.0662667	-0.0112803	0.228928	0.424449	-0.052624	0.717758	0.978798	0.936432
rs468	rs468	1	468	A	C	500	0.316	347	0.304035	153	0.343137	-0.157436	0.179619	-0.155109	-0.00643104	0.2257	0.377593	-0.0516042	0.380757	0.986411	0.680945
rs469	rs469	1	469	A	C	500	0.347	347	0.361671	153	0.313725	-0.0322489	0.177699	-0.0504779	0.0641935	0.210013	0.394167	-0.0441194	0.85599	0.87063	0.970708
rs470	rs470	1	470	A	C	500	0.324	347	0.329971	153	0.310458	0.0627331	0.182086	0.0343254	0.088534	0.220765	0.389034	-0.0485626	0.730451	0.819978	0.918288
rs471	rs471	1	471	A	C	500	0.181	347	0.182997	153	0.176471	0.124093	0.213891	0.283211	-0.488602	0.260502	0.456618	-0.0678996	0.5618	0.284598	0.476733
rs472	rs472	1	472	A	C	500	0.163	347	0.164265	153	0.160131	-0.0257527	0.22968	-0.10993	0.294324	0.271981	0.509345	-0.0741986	0.910725	0.563367	0.840936
rs473	rs473	1	473	A	C	500	0.397	347	0.389049	153	0.415033	0.0756693	0.171679	0.118509	-0.127102	0.211621	0.367105	-0.0454227	0.659388	0.729171	0.854643
rs474	rs474	1	474	A	C	500	0.238	347	0.231988	153	0.251634	0.028637	0.196518	-0.140131	0.560172	0.235245	0.4292	-0.0554993	0.884141	0.19184	0.422177
rs475	rs475	1	475	A	C	500	0.179	347	0.185879	153	0.163399	0.218963	0.228836	0.178458	0.132878	0.274469	0.497157	-0.0753438	0.33864	0.789257	0.610483
rs476	rs476	1	476	A	C	500	0.232	347	0.247839	153	0.196078	0.0240263	0.199692	-0.0186261	0.154163	0.234923	0.447254	-0.0553441	0.904232	0.730329	0.935529
rs477	rs477	1	477	A	C	500	0.248	347	0.252161	153	0.238562	-0.165928	0.206902	-0.0834387	-0.262028	0.249903	0.4452	-0.0623965	0.422575	0.556155	0.609709
rs478	rs478	1	478	A	C	500	0.29	347	0.278098	153	0.316993	-0.0160176	0.195319	0.0314973	-0.159555	0.233272	0.428279	-0.0546225	0.934641	0.709483	0.929824
rs479	rs479	1	479	A	C	500	0.215	347	0.220461	153	0.202614	-0.0707752	0.200727	-0.197471	0.498859	0.232368	0.460923	-0.0539562	0.724393	0.279118	0.523169
rs480	rs480	1	480	A	C	500	0.154	347	0.152738	153	0.156863	0.249928	0.242307	0.209423	0.127413	0.293089	0.51867	-0.085523	0.302328	0.805951	0.569998
rs481	rs481	1	481	A	C	500	0.186	347	0.175793	153	0.20915	0.113567	0.204814	0.171777	-0.170185	0.252572	0.432106	-0.0638643	0.579244	0.693691	0.793511
rs482	rs482	1	482	A	C	500	0.348	347	0.355908	153	0.330065	-0.102378	0.185606	-0.107311	0.0160372	0.223095	0.402444	-0.0498152	0.58123	0.968213	0.858199
rs483	rs483	1	483	A	C	500	0.404	347	0.404899	153	0.401961	0.0818032	0.171636	0.122235	-0.135933	0.204778	0.375518	-0.0419428	0.63364	0.717362	0.836026
rs484	rs484	1	484	A	C	500	0.207	347	0.223343	153	0.169935	-0.0458847	0.203922	0.0123944	-0.199454	0.242307	0.447909	-0.0586206	0.82197	0.656103	0.882973
rs485	rs485	1	485	A	C	500	0.133	347	0.12536	153	0.150327	-0.0796997	0.247089	-0.168535	0.280172	0.299979	0.536473	-0.091255	0.747032	0.601498	0.82829
rs486	rs486	1	486	A	C	500	0.209	347	0.201729	153	0.22549	0.227668	0.207582	0.0767846	0.438955	0.256513	0.438402	-0.0660643	0.272746	0.316701	0.331973
rs487	rs487	1	487	A	C	500	0.33	347	0.345821	153	0.294118	0.147141	0.185063	0.152521	-0.0184178	0.219882	0.406521	-0.0482717	0.426563	0.963863	0.728252
rs488	rs488	1	488	A	C	500	0.111	347	0.122478	153	0.0849673	0.342096	0.286138	0.249253	0.391501	0.327564	0.67236	-0.107206	0.231868	0.560379	0.413041
rs489	rs489	1	489	A	C	500	0.356	347	0.367435	153	0.330065	-0.140629	0.179977	-0.0225876	-0.38459	0.21634	0.391128	-0.0469539	0.434585	0.325467	0.454438
rs490	rs490	1	490	A	C	500	0.288	347	0.306916	153	0.245098	0.072698	0.185323	0.093843	-0.0787382	0.216386	0.415963	-0.0464658	0.694853	0.849864	0.909503
rs491	rs491	1	491	A	C	500	0.135	347	0.135447	153	0.133987	-0.12861	0.239882	-0.202254	0.268914	0.281146	0.535415	-0.0785068	0.591863	0.61549	0.763493
rs492	rs492	1	492	A	C	500	0.149	347	0.157061	153	0.130719	0.0237383	0.241864	0.107044	-0.319193	0.281008	0.548162	-0.0784226	0.921815	0.560367	0.840002
rs493	rs493	1	493	A	C	500	0.252	347	0.24928	153	0.25817	-0.136275	0.198815	-0.0254166	-0.332836	0.243176	0.420408	-0.0588682	0.493068	0.428538	0.577929
rs494	rs494	1	494	A	C	500	0.192	347	0.182997	153	0.212418	-0.0426867	0.202841	0.0569247	-0.314255	0.245397	0.435719	-0.0601783	0.833321	0.470766	0.754099
rs495	rs495	1	495	A	C	500	0.23	347	0.230548	153	0.228758	-0.0197185	0.19773	0.0341044	-0.177602	0.236819	0.430059	-0.0560499	0.920563	0.679627	0.913707
rs496	rs496	1	496	A	C	500	0.299	347	0.291066	153	0.316993	-0.0538879	0.189454	-0.0385909	-0.0480321	0.229331	0.405768	-0.0524361	0.776075	0.905772	0.95365
rs497	rs497	1	497	A	C	500	0.301	347	0.299712	153	0.303922	0.0620297	0.183038	-0.0605354	0.438664	0.215707	0.408491	-0.046623	0.734693	0.282884	0.530458
rs498	rs498	1	498	A	C	500	0.355	347	0.332853	153	0.405229	0.0819609	0.1735	0.0460866	0.123953	0.205799	0.382433	-0.0423289	0.636644	0.74585	0.848653
rs499	rs499	1	499	A	C	500	0.332	347	0.32853	153	0.339869	0.0890221	0.177599	0.0550768	0.099244	0.218651	0.372886	-0.0475586	0.616193	0.790123	0.851254
rs500	rs500	1	500	A	C	500	0.287	347	0.282421	153	0.297386	-0.11231	0.18787	0.0758242	-0.605505	0.226168	0.405283	-0.0510349	0.549968	0.135167	0.273966
rs501	rs501	1	501	A	C	500	0.192	347	0.194524	153	0.186275	0.260248	0.230896	0.295435	-0.113595	0.277676	0.497941	-0.076804	0.259691	0.819545	0.516219
rs502	rs502	1	502	A	C	500	0.104	347	0.0965418	153	0.120915	-0.187297	0.287628	-0.106387	-0.228483	0.357897	0.60143	-0.128092	0.51493	0.70402	0.752632
rs503	rs503	1	503	A	C	500	0.205	347	0.194524	153	0.228758	-0.00883604	0.217579	0.15092	-0.470076	0.267648	0.458631	-0.0714852	0.967606	0.305384	0.59091
rs504	rs504	1	504	A	C	500	0.116	347	0.116715	153	0.114379	0.144894	0.255834	0.091918	0.196147	0.299518	0.576701	-0.0898253	0.57115	0.733767	0.803947
rs505	rs505	1	505	A	C	500	0.114	347	0.10951	153	0.124183	-0.112413	0.267289	0.0865092	-0.618021	0.324013	0.568992	-0.104206	0.67407	0.277405	0.50747
rs506	rs506	1	506	A	C	500	0.361	347	0.360231	153	0.362745	0.204189	0.167895	0.0117793	0.628446	0.201505	0.363939	-0.0405523	0.223919	0.0842055	0.107481
rs507	rs507	1	507	A	C	500	0.15	347	0.15562	153	0.137255	0.0964018	0.243355	0.219095	-0.467625	0.283256	0.552478	-0.0800851	0.692005	0.397322	0.646185
rs508	rs508	1	508	A	C	500	0.362	347	0.380403	153	0.320261	-0.188569	0.181334	-0.190925	0.00811487	0.215198	0.39926	-0.0462659	0.298387	0.983784	0.582223
rs509	rs509	1	509	A	C	500	0.099	347	0.0951009	153	0.107843	-0.296743	0.286735	-0.179675	-0.395594	0.341998	0.629888	-0.117412	0.300715	0.529979	0.480596
rs510	rs510	1	510	A	C	500	0.358	347	0.371758	153	0.326797	-0.0111786	0.173127	-0.072498	0.233624	0.201983	0.396384	-0.0412395	0.948517	0.555602	0.838808
rs511	rs511	1	511	A	C	500	0.287	347	0.278098	153	0.30719	0.230196	0.187232	0.136858	0.28427	0.228434	0.398566	-0.0521592	0.218896	0.475703	0.364165
rs512	rs512	1	512	A	C	500	0.23	347	0.231988	153	0.22549	0.0901735	0.201082	0.130724	-0.138274	0.239226	0.441915	-0.0572705	0.653835	0.754359	0.861137
rs513	rs513	1	513	A	C	500	0.307	347	0.314121	153	0.29085	0.0289797	0.18129	-0.0429356	0.25285	0.214097	0.400434	-0.045606	0.872997	0.527754	0.808856
rs514	rs514	1	514	A	C	500	0.267	347	0.273775	153	0.251634	-0.0984271	0.197237	0.0787593	-0.583975	0.236368	0.429309	-0.0559212	0.617759	0.173746	0.350051
rs515	rs515	1	515	A	C	500	0.284	347	0.276657	153	0.300654	-0.0541023	0.193521	0.0311724	-0.283235	0.231536	0.422205	-0.0536686	0.779809	0.502318	0.767899
rs516	rs516	1	516	A	C	500	0.366	347	0.384726	153	0.323529	-0.116657	0.174653	-0.0499598	-0.204705	0.212993	0.374166	-0.0456146	0.504177	0.584311	0.688855
rs517	rs517	1	517	A	C	500	0.352	347	0.354467	153	0.346405	0.0848811	0.178652	-0.117776	0.6362	0.216554	0.384218	-0.0470242	0.634702	0.0977554	0.226783
rs518	rs518	1	518	A	C	500	0.286	347	0.285303	153	0.287582	0.00170465	0.183656	-0.162504	0.447033	0.231382	0.383144	-0.053924	0.992594	0.243312	0.506265
rs519	rs519	1	519	A	C	500	0.264	347	0.278098	153	0.232026	0.132142	0.190253	-0.00162234	0.396177	0.233806	0.402503	-0.0547004	0.48733	0.324976	0.484027
rs520	rs520	1	520	A	C	500	0.2	347	0.198847	153	0.202614	0.184582	0.212235	0.050746	0.481513	0.249638	0.472874	-0.0621522	0.384461	0.30855	0.407942
rs521	rs521	1	521	A	C	500	0.131	347	0.126801	153	0.140523	-0.225244	0.251848	-0.431265	0.566781	0.315758	0.523975	-0.0997973	0.371126	0.279389	0.373448
rs522	rs522	1	522	A	C	500	0.29	347	0.289625	153	0.29085	0.0370884	0.193123	0.113128	-0.224177	0.237383	0.406957	-0.0561753	0.847707	0.581728	0.843526
rs523	rs523	1	523	A	C	500	0.362	347	0.332853	153	0.428105	-0.0920872	0.173831	-0.0204035	-0.207283	0.214879	0.36526	-0.0461383	0.596285	0.570379	0.739824
rs524	rs524	1	524	A	C	500	0.368	347	0.367435	153	0.369281	0.282779	0.175587	0.400955	-0.405733	0.208358	0.385114	-0.0431982	0.107293	0.292093	0.156955
rs525	rs525	1	525	A	C	500	0.305	347	0.321326	153	0.267974	0.051878	0.184815	0.0724305	-0.0755769	0.21683	0.416992	-0.0472857	0.778938	0.856177	0.945708
rs526	rs526	1	526	A	C	500	0.12	347	0.116715	153	0.127451	-0.374864	0.258617	-0.345107	-0.0893086	0.316753	0.548904	-0.10039	0.1472	0.870752	0.345159
rs527	rs527	1	527	A	C	500	0.403	347	0.367435	153	0.48366	0.175251	0.174619	0.0622272	0.331484	0.214745	0.366591	-0.0458216	0.315563	0.365871	0.401542
rs528	rs528	1	528	A	C	500	0.248	347	0.240634	153	0.264706	-0.15496	0.190916	-0.324229	0.52423	0.232201	0.409329	-0.0541004	0.416982	0.200297	0.316793
rs529	rs529	1	529	A	C	500	0.125	347	0.128242	153	0.117647	-0.22337	0.260819	-0.220187	-0.0105445	0.312113	0.568046	-0.0973797	0.391768	0.98519	0.692882
rs530	rs530	1	530	A	C	500	0.352	347	0.355908	153	0.343137	0.213979	0.181731	0.242597	-0.0947933	0.217416	0.395327	-0.0471806	0.239016	0.810497	0.485808
rs531	rs531	1	531	A	C	500	0.292	347	0.29683	153	0.281046	-0.197588	0.187984	-0.246159	0.167643	0.223088	0.414614	-0.0498057	0.293217	0.685966	0.530392
rs532	rs532	1	532	A	C	500	0.194	347	0.200288	153	0.179739	-0.0593511	0.212678	-0.073298	0.0440611	0.257405	0.458089	-0.0664235	0.780195	0.923374	0.957371
rs533	rs533	1	533	A	C	500	0.151	347	0.154179	153	0.143791	0.0777806	0.235279	-0.00341298	0.240311	0.28879	0.495641	-0.0830005	0.740956	0.627783	0.841824
rs534	rs534	1	534	A	C	500	0.285	347	0.272334	153	0.313725	-0.155964	0.188198	-0.111013	-0.132045	0.231702	0.397035	-0.0536621	0.407263	0.739453	0.671197
rs535	rs535	1	535	A	C	500	0.199	347	0.201729	153	0.19281	0.177965	0.213448	0.110827	0.207602	0.259607	0.456925	-0.0675194	0.404415	0.64958	0.637122
rs536	rs536	1	536	A	C	500	0.122	347	0.119597	153	0.127451	0.237401	0.264612	0.119916	0.431059	0.310242	0.594238	-0.0962424	0.36963	0.468208	0.513988
rs537	rs537	1	537	A	C	500	0.281	347	0.28098	153	0.281046	0.0521849	0.186441	-0.155611	0.769725	0.218315	0.420745	-0.0477903	0.779553	0.067335	0.180399
rs538	rs538	1	538	A	C	500	0.12	347	0.134006	153	0.0882353	0.23063	0.263074	0.296808	-0.286546	0.299932	0.623729	-0.0898494	0.380665	0.645941	0.612746
rs539	rs539	1	539	A	C	500	0.118	347	0.110951	153	0.133987	-0.0446708	0.267898	-0.358132	1.03717	0.320707	0.583352	-0.102848	0.86757	0.0754119	0.203019
rs540	rs540	1	540	A	C	500	0.103	347	0.103746	153	0.101307	0.32377	0.29739	0.39117	-0.218898	0.35697	0.64127	-0.126619	0.276284	0.732839	0.521576
rs541	rs541	1	541	A	C	500	0.188	347	0.191643	153	0.179739	-0.181232	0.215139	-0.154578	-0.0990315	0.251715	0.485518	-0.0634451	0.399567	0.838376	0.686865
rs542	rs542	1	542	A	C	500	0.197	347	0.194524	153	0.202614	0.337311	0.216412	0.245332	0.304876	0.259037	0.471866	-0.0671744	0.119078	0.518209	0.240886
rs543	rs543	1	543	A	C	500	0.221	347	0.211816	153	0.24183	0.0910755	0.206142	0.17114	-0.24593	0.250902	0.439331	-0.0628369	0.658628	0.575628	0.775478
rs544	rs544	1	544	A	C	500	0.254	347	0.260807	153	0.238562	0.0846576	0.186344	0.0182089	0.258285	0.215946	0.424169	-0.0462877	0.649608	0.542578	0.74932
rs545	rs545	1	545	A	C	500	0.154	347	0.15562	153	0.150327	-0.108797	0.224608	-0.0271549	-0.263597	0.270628	0.487422	-0.0735839	0.628112	0.588646	0.768322
rs546	rs546	1	546	A	C	500	0.343	347	0.32853	153	0.375817	-0.0535885	0.176782	-0.120279	0.21321	0.213556	0.383035	-0.0458911	0.761788	0.577777	0.818022
rs547	rs547	1	547	A	C	500	0.111	347	0.106628	153	0.120915	-0.274182	0.262928	-0.195599	-0.235191	0.322193	0.557335	-0.103786	0.29704	0.673031	0.531126
rs548	rs548	1	548	A	C	500	0.384	347	0.389049	153	0.372549	-0.0535995	0.176132	-0.158405	0.333874	0.2123	0.377589	-0.0447547	0.760888	0.376573	0.645821
rs549	rs549	1	549	A	C	500	0.162	347	0.162824	153	0.160131	0.154972	0.221108	0.229862	-0.248739	0.264351	0.481231	-0.069725	0.483372	0.60524	0.684405
rs550	rs550	1	550	A	C	500	0.147	347	0.149856	153	0.140523	-0.165769	0.23854	-0.223844	0.208952	0.280941	0.533988	-0.0792507	0.487097	0.695572	0.727584
rs551	rs551	1	551	A	C	500	0.144	347	0.135447	153	0.163399	0.000722271	0.241065	0.164649	-0.443707	0.303788	0.50038	-0.0925025	0.997609	0.37522	0.674923
rs552	rs552	1	552	A	C	500	0.166	347	0.174352	153	0.147059	-0.0929582	0.232233	-0.111774	0.0720998	0.270103	0.528516	-0.0728965	0.68895	0.89149	0.914464
rs553	rs553	1	553	A	C	500	0.206	347	0.195965	153	0.228758	0.100446	0.209246	0.00697103	0.261172	0.260282	0.432512	-0.0669521	0.631202	0.545944	0.742647
rs554	rs554	1	554	A	C	500	0.39	347	0.399135	153	0.369281	0.0528067	0.178953	0.0951786	-0.136428	0.21563	0.38734	-0.0465972	0.767928	0.724675	0.899815
rs555	rs555	1	555	A	C	500	0.118	347	0.121037	153	0.111111	-0.130275	0.26296	0.262839	-1.19448	0.321299	0.560975	-0.103568	0.620307	0.0332293	0.0916588
rs556	rs556	1	556	A	C	500	0.366	347	0.363112	153	0.372549	0.0723917	0.177641	-0.0185742	0.279734	0.216281	0.379396	-0.0468078	0.683628	0.460931	0.701277
rs557	rs557	1	557	A	C	500	0.178	347	0.181556	153	0.169935	-0.255636	0.207908	-0.342601	0.281898	0.250045	0.450286	-0.0625502	0.218862	0.531288	0.386017
rs558	rs558	1	558	A	C	500	0.106	347	0.10951	153	0.0980392	-0.0264094	0.273016	0.0362454	-0.227618	0.320316	0.608602	-0.101956	0.922939	0.708404	0.928099
rs559	rs559	1	559	A	C	500	0.331	347	0.324207	153	0.346405	0.241805	0.182726	0.265502	-0.0796762	0.217931	0.399321	-0.047425	0.18573	0.841849	0.408407
rs560	rs560	1	560	A	C	500	0.233	347	0.239193	153	0.218954	-0.085191	0.198831	-0.216065	0.469098	0.233988	0.442153	-0.0545423	0.668316	0.288717	0.519657
rs561	rs561	1	561	A	C	500	0.266	347	0.259366	153	0.281046	-0.185142	0.187584	-0.21128	0.0835778	0.226425	0.40548	-0.0514186	0.323652	0.836697	0.601512
rs562	rs562	1	562	A	C	500	0.325	347	0.335735	153	0.300654	-0.0589783	0.182178	-0.000369795	-0.215128	0.213625	0.40951	-0.045687	0.746134	0.599354	0.826637
rs563	rs563	1	563	A	C	500	0.236	347	0.240634	153	0.22549	0.0827543	0.203675	0.0907076	-0.0266463	0.24318	0.445143	-0.059144	0.684517	0.952267	0.919124
rs564	rs564	1	564	A	C	500	0.351	347	0.342939	153	0.369281	-0.0808268	0.176145	-0.0888916	0.0252419	0.213755	0.379014	-0.045897	0.646332	0.946901	0.89808
rs565	rs565	1	565	A	C	500	0.124	347	0.134006	153	0.101307	-0.0580335	0.262643	0.145669	-0.831738	0.302356	0.611615	-0.0916149	0.825124	0.17386	0.387097
rs566	rs566	1	566	A	C	500	0.399	347	0.400576	153	0.395425	-0.136538	0.164928	-0.137605	0.00362719	0.196318	0.36174	-0.0385209	0.407748	0.992	0.709831
rs567	rs567	1	567	A	C	500	0.331	347	0.327089	153	0.339869	0.100067	0.177035	-0.0310431	0.413426	0.21412	0.379786	-0.0457421	0.571911	0.27634	0.471306
rs568	rs568	1	568	A	C	500	0.115	347	0.110951	153	0.124183	-0.0114145	0.267134	-0.0224331	0.0316363	0.330839	0.56038	-0.109372	0.965917	0.954979	0.997497
rs569	rs569	1	569	A	C	500	0.287	347	0.286744	153	0.287582	0.1264	0.183249	0.172979	-0.14796	0.221274	0.393965	-0.0488615	0.490338	0.707239	0.734609
rs570	rs570	1	570	A	C	500	0.171	347	0.17147	153	0.169935	0.0134547	0.235784	-0.0163631	0.104277	0.278297	0.516996	-0.07643	0.954494	0.840154	0.978271
rs571	rs571	1	571	A	C	500	0.262	347	0.275216	153	0.232026	-0.228098	0.190524	-0.310285	0.294462	0.224428	0.424965	-0.0504059	0.231223	0.488367	0.384149
rs572	rs572	1	572	A	C	500	0.379	347	0.367435	153	0.405229	0.0350764	0.173589	0.152503	-0.362	0.211525	0.372613	-0.0450374	0.839866	0.331291	0.611196
rs573	rs573	1	573	A	C	500	0.138	347	0.135447	153	0.143791	0.101799	0.243789	0.204467	-0.377238	0.285979	0.549331	-0.082127	0.67626	0.492257	0.72399
rs574	rs574	1	574	A	C	500	0.224	347	0.210375	153	0.254902	-0.334422	0.198002	-0.120353	-0.589218	0.247996	0.411006	-0.0613726	0.0912228	0.151686	0.0859546
rs575	rs575	1	575	A	C	500	0.269	347	0.262248	153	0.284314	0.110045	0.189461	0.223642	-0.383337	0.226046	0.416055	-0.0512968	0.561355	0.356862	0.552592
rs576	rs576	1	576	A	C	500	0.105	347	0.108069	153	0.0980392	0.0231065	0.268697	0.0843321	-0.223523	0.315377	0.602824	-0.0995386	0.931471	0.710791	0.93012
rs577	rs577	1	577	A	C	500	0.336	347	0.324207	153	0.362745	0.118449	0.178804	-0.0256211	0.439898	0.21798	0.380687	-0.0474632	0.507682	0.247871	0.411867
rs578	rs578	1	578	A	C	500	0.136	347	0.144092	153	0.117647	-0.263611	0.24169	-0.274433	0.0420891	0.28047	0.553429	-0.078753	0.275405	0.939378	0.550073
rs579	rs579	1	579	A	C	500	0.268	347	0.278098	153	0.245098	0.0237726	0.193408	-0.0276913	0.176721	0.229742	0.425784	-0.0527949	0.902175	0.678106	0.910568
rs580	rs580	1	580	A	C	500	0.228	347	0.224784	153	0.235294	-0.245002	0.198707	-0.201016	-0.127192	0.245742	0.418086	-0.060449	0.217582	0.760957	0.446463
rs581	rs581	1	581	A	C	500	0.304	347	0.289625	153	0.336601	-0.216247	0.179222	-0.108034	-0.33347	0.217862	0.381718	-0.0472832	0.227591	0.382333	0.329717
rs582	rs582	1	582	A	C	500	0.369	347	0.384726	153	0.333333	0.019186	0.185601	0.12611	-0.385748	0.218339	0.414873	-0.0477091	0.917667	0.352476	0.645581
rs583	rs583	1	583	A	C	500	0.324	347	0.340058	153	0.287582	0.114267	0.178276	0.14831	-0.129044	0.20788	0.405289	-0.0433335	0.521553	0.750181	0.774065
rs584	rs584	1	584	A	C	500	0.241	347	0.233429	153	0.25817	-0.00456466	0.193372	-0.123837	0.383486	0.233056	0.418251	-0.0544082	0.981167	0.359205	0.656644
rs585	rs585	1	585	A	C	500	0.39	347	0.386167	153	0.398693	0.0514465	0.173582	-0.0592704	0.3521	0.209564	0.373403	-0.0438434	0.766938	0.345707	0.613548
rs586	rs586	1	586	A	C	500	0.269	347	0.262248	153	0.284314	0.070029	0.186071	0.0838063	-0.0370437	0.234846	0.385255	-0.0552008	0.706652	0.923398	0.927331
rs587	rs587	1	587	A	C	500	0.106	347	0.0994236	153	0.120915	0.0250931	0.282742	0.174769	-0.449824	0.34557	0.597114	-0.118638	0.929281	0.451251	0.749993
rs588	rs588	1	588	A	C	500	0.145	347	0.151297	153	0.130719	-0.179203	0.241992	-0.358855	0.719009	0.279478	0.559563	-0.0782345	0.458978	0.198811	0.332958
rs589	rs589	1	589	A	C	500	0.206	347	0.214697	153	0.186275	-0.142475	0.203334	-0.191702	0.167409	0.241979	0.446117	-0.0585234	0.483494	0.707469	0.729136
rs590	rs590	1	590	A	C	500	0.202	347	0.195965	153	0.215686	0.0817375	0.215674	0.0247434	0.178667	0.261397	0.462993	-0.0683806	0.704697	0.699573	0.863921
rs591	rs591	1	591	A	C	500	0.35	347	0.351585	153	0.346405	-0.0412007	0.175037	-0.0145226	-0.102803	0.203191	0.397645	-0.0410336	0.813912	0.795998	0.940709
rs592	rs592	1	592	A	C	500	0.163	347	0.164265	153	0.160131	0.0325601	0.227128	-0.269345	1.05196	0.269076	0.502704	-0.0725262	0.886009	0.0363844	0.110828
rs593	rs593	1	593	A	C	500	0.114	347	0.119597	153	0.101307	-0.122179	0.253402	-0.122023	-0.000673823	0.289436	0.604021	-0.0844776	0.629696	0.99911	0.890264
rs594	rs594	1	594	A	C	500	0.324	347	0.32853	153	0.313725	0.00749635	0.177346	0.197502	-0.586922	0.215697	0.379247	-0.046562	0.966284	0.121719	0.30167
rs595	rs595	1	595	A	C	500	0.278	347	0.289625	153	0.251634	-0.0906931	0.191656	-0.124018	0.12289	0.224108	0.428346	-0.0497551	0.636065	0.774194	0.85803
rs596	rs596	1	596	A	C	500	0.385	347	0.381844	153	0.392157	0.0159829	0.172768	-0.0942025	0.357478	0.207802	0.374616	-0.043256	0.926292	0.339956	0.63155
rs597	rs597	1	597	A	C	500	0.166	347	0.159942	153	0.179739	-0.295676	0.220557	-0.333864	0.118138	0.268	0.470984	-0.0717047	0.180056	0.801943	0.394538
rs598	rs598	1	598	A	C	500	0.286	347	0.289625	153	0.277778	-0.0159536	0.18812	-0.123427	0.371108	0.222984	0.413393	-0.0494911	0.932416	0.369338	0.66595
rs599	rs599	1	599	A	C	500	0.406	347	0.394813	153	0.431373	-0.196442	0.170044	-0.247879	0.156668	0.207454	0.36196	-0.043014	0.247991	0.665136	0.467215
rs600	rs600	1	600	A	C	500	0.364	347	0.377522	153	0.333333	-0.129226	0.173091	-0.184808	0.179431	0.208279	0.373973	-0.0433223	0.455316	0.631371	0.674492
rs601	rs601	1	601	A	C	500	0.2	347	0.201729	153	0.196078	0.165849	0.215434	0.273649	-0.398954	0.252097	0.484529	-0.0634358	0.441397	0.41029	0.529774
rs602	rs602	1	602	A	C	500	0.363	347	0.354467	153	0.382353	-0.0810626	0.172391	-0.061404	-0.0616228	0.209113	0.371024	-0.0439153	0.638194	0.868087	0.883072
rs603	rs603	1	603	A	C	500	0.327	347	0.348703	153	0.277778	0.121719	0.182599	0.141192	-0.0670719	0.217115	0.404576	-0.0475208	0.505031	0.868327	0.789847
rs604	rs604	1	604	A	C	500	0.107	347	0.108069	153	0.104575	-0.24209	0.266885	-0.389348	0.520032	0.314994	0.590853	-0.0988565	0.364357	0.378784	0.449899
rs605	rs605	1	605	A	C	500	0.224	347	0.227666	153	0.215686	0.0315909	0.202537	-0.0380415	0.25473	0.237557	0.454151	-0.056381	0.876052	0.574871	0.844117
rs606	rs606	1	606	A	C	500	0.22	347	0.21902	153	0.222222	0.0458894	0.203873	0.0647604	-0.0600322	0.246336	0.439851	-0.0608164	0.82191	0.891439	0.965947
rs607	rs607	1	607	A	C	500	0.343	347	0.345821	153	0.336601	0.0809667	0.188232	-0.0938213	0.562838	0.226702	0.40684	-0.0514014	0.667092	0.16653	0.350126
rs608	rs608	1	608	A	C	500	0.133	347	0.12536	153	0.150327	0.169716	0.246284	0.231018	-0.158573	0.3146	0.50635	-0.0991172	0.490757	0.754152	0.750909
rs609	rs609	1	609	A	C	500	0.21	347	0.200288	153	0.232026	-0.254369	0.211879	-0.270153	0.0423575	0.267445	0.437945	-0.0714723	0.229931	0.92295	0.484169
rs610	rs610	1	610	A	C	500	0.159	347	0.148415	153	0.183007	-0.0547831	0.229902	-0.0600826	0.0151799	0.284682	0.480918	-0.080744	0.811657	0.974819	0.971524
rs611	rs611	1	611	A	C	500	0.181	347	0.182997	153	0.176471	0.0252129	0.218933	-0.0525177	0.273069	0.258993	0.486088	-0.0672587	0.908316	0.574273	0.848382
rs612	rs612	1	612	A	C	500	0.124	347	0.122478	153	0.127451	0.0634294	0.261108	0.0758301	-0.0417259	0.311638	0.572425	-0.0973818	0.808064	0.941891	0.968349
rs613	rs613	1	613	A	C	500	0.191	347	0.188761	153	0.196078	0.0231222	0.215287	-0.0273259	0.180136	0.253498	0.477901	-0.0639619	0.91447	0.706225	0.92607
rs614	rs614	1	614	A	C	500	0.171	347	0.165706	153	0.183007	-0.0113044	0.227075	0.199949	-0.638639	0.277564	0.482551	-0.0770255	0.960296	0.185681	0.416022
rs615	rs615	1	615	A	C	500	0.331	347	0.32853	153	0.336601	-0.0659516	0.175195	0.0645307	-0.398673	0.213581	0.37325	-0.0455968	0.706585	0.28547	0.526614
rs616	rs616	1	616	A	C	500	0.141	347	0.135447	153	0.153595	0.152331	0.229927	0.264194	-0.340224	0.280766	0.490072	-0.0789659	0.507639	0.487536	0.631003
rs617	rs617	1	617	A	C	500	0.302	347	0.317003	153	0.267974	-0.293131	0.180439	-0.259288	-0.117194	0.214207	0.399755	-0.0461478	0.10426	0.769396	0.256008
rs618	rs618	1	618	A	C	500	0.167	347	0.164265	153	0.173203	0.167067	0.231604	0.398295	-0.619902	0.292423	0.478607	-0.0854428	0.470696	0.195244	0.333214
rs619	rs619	1	619	A	C	500	0.203	347	0.198847	153	0.212418	-0.0762689	0.2225	-0.0604581	-0.0420784	0.281325	0.458169	-0.0788761	0.731763	0.926825	0.938975
rs620	rs620	1	620	A	C	500	0.238	347	0.229107	153	0.25817	-0.097684	0.197428	-0.0899193	-0.0232864	0.241743	0.41838	-0.0583661	0.620754	0.955614	0.883421
rs621	rs621	1	621	A	C	500	0.262	347	0.270893	153	0.24183	-0.165547	0.192624	-0.205823	0.129238	0.232205	0.416103	-0.0539572	0.390103	0.756111	0.658663
rs622	rs622	1	622	A	C	500	0.272	347	0.295389	153	0.218954	0.0330328	0.196096	0.0643481	-0.111429	0.231225	0.435965	-0.0534148	0.866228	0.798266	0.954229
rs623	rs623	1	623	A	C	500	0.211	347	0.217579	153	0.196078	0.30742	0.209414	0.303607	0.0151232	0.241341	0.475797	-0.0570779	0.142104	0.974644	0.340269
rs624	rs624	1	624	A	C	500	0.243	347	0.237752	153	0.254902	0.0239079	0.199178	-0.0533778	0.248974	0.239854	0.430497	-0.0575287	0.904457	0.563034	0.839924
rs625	rs625	1	625	A	C	500	0.337	347	0.329971	153	0.352941	0.0156106	0.184607	0.256592	-0.72428	0.226229	0.393024	-0.0513942	0.93261	0.0653521	0.18239
rs626	rs626	1	626	A	C	500	0.317	347	0.315562	153	0.320261	-0.0429831	0.182821	0.0522943	-0.289693	0.222792	0.387146	-0.0492948	0.814123	0.454292	0.73521
rs627	rs627	1	627	A	C	500	0.118	347	0.122478	153	0.107843	-0.0444441	0.265867	-0.447125	1.50718	0.31079	0.602417	-0.0969592	0.867239	0.0123531	0.0431226
rs628	rs628	1	628	A	C	500	0.133	347	0.12536	153	0.150327	-0.321776	0.2473	-0.288416	-0.098403	0.304014	0.521581	-0.0922284	0.193205	0.850357	0.421347
rs629	rs629	1	629	A	C	500	0.343	347	0.335735	153	0.359477	-0.134228	0.177194	-0.162423	0.083348	0.217777	0.374276	-0.0473859	0.448736	0.823776	0.732189
rs630	rs630	1	630	A	C	500	0.383	347	0.387608	153	0.372549	0.00828542	0.182257	0.101624	-0.348955	0.213075	0.41266	-0.0455486	0.963741	0.397763	0.698673
rs631	rs631	1	631	A	C	500	0.24	347	0.253602	153	0.20915	0.356028	0.197096	0.250867	0.362844	0.233938	0.434804	-0.0547924	0.0708605	0.404	0.138113
rs632	rs632	1	632	A	C	500	0.222	347	0.208934	153	0.251634	-0.0462836	0.200601	-0.106214	0.168871	0.249601	0.418514	-0.0621597	0.817529	0.686578	0.897606
rs633	rs633	1	633	A	C	500	0.15	347	0.158501	153	0.130719	0.103653	0.236362	0.261481	-0.515159	0.283333	0.509968	-0.0796764	0.660999	0.312409	0.545317
rs634	rs634	1	634	A	C	500	0.259	347	0.259366	153	0.25817	-0.0857972	0.193472	0.0621595	-0.440375	0.237325	0.409093	-0.0562284	0.657433	0.281718	0.507774
rs635	rs635	1	635	A	C	500	0.121	347	0.126801	153	0.107843	0.171771	0.273984	0.00558253	0.602545	0.321623	0.610731	-0.102875	0.5307	0.32384	0.504992
rs636	rs636	1	636	A	C	500	0.379	347	0.393372	153	0.346405	-0.00552965	0.173214	-0.0443224	0.134122	0.205503	0.382328	-0.0422787	0.974533	0.725735	0.939844
rs637	rs637	1	637	A	C	500	0.24	347	0.231988	153	0.25817	0.129152	0.199624	0.10182	0.0827773	0.243835	0.424058	-0.0593769	0.517648	0.845234	0.795853
rs638	rs638	1	638	A	C	500	0.138	347	0.134006	153	0.147059	0.0527574	0.251204	0.0984359	-0.151642	0.300542	0.547733	-0.0903711	0.833654	0.781892	0.941409
rs639	rs639	1	639	A	C	500	0.097	347	0.0878963	153	0.117647	-0.0812416	0.287109	-0.365765	0.715011	0.370039	0.586656	-0.136953	0.777204	0.222924	0.457143
rs640	rs640	1	640	A	C	500	0.27	347	0.275216	153	0.25817	-0.291921	0.19461	-0.256415	-0.127141	0.229358	0.43462	-0.0527524	0.133606	0.769879	0.311039
rs641	rs641	1	641	A	C	500	0.109	347	0.0994236	153	0.130719	0.0703508	0.269754	0.0212289	0.133471	0.339291	0.559174	-0.115075	0.794249	0.811343	0.939418
rs642	rs642	1	642	A	C	500	0.304	347	0.293948	153	0.326797	0.269764	0.181544	0.287491	-0.0606223	0.215712	0.398403	-0.0464161	0.137295	0.879058	0.327723
rs643	rs643	1	643	A	C	500	0.321	347	0.322767	153	0.316993	-0.144132	0.183088	-0.187031	0.165568	0.212866	0.419082	-0.0455066	0.431148	0.692789	0.678476
rs644	rs644	1	644	A	C	500	0.337	347	0.347262	153	0.313725	-0.0142519	0.173454	-0.116985	0.327211	0.209507	0.374253	-0.0439757	0.934515	0.381953	0.680057
rs645	rs645	1	645	A	C	500	0.122	347	0.113833	153	0.140523	0.0688352	0.261266	-0.0289371	0.286968	0.321752	0.551171	-0.103503	0.79219	0.60261	0.843457
rs646	rs646	1	646	A	C	500	0.169	347	0.15562	153	0.199346	0.173479	0.221797	-0.0865909	0.678153	0.28251	0.456274	-0.0798389	0.434124	0.137204	0.244045
rs647	rs647	1	647	A	C	500	0.28	347	0.257925	153	0.330065	0.262437	0.191293	0.339013	-0.257332	0.228522	0.420122	-0.0525225	0.17009	0.540196	0.323465
rs648	rs648	1	648	A	C	500	0.416	347	0.42219	153	0.401961	-0.125422	0.169432	-0.229819	0.336784	0.203924	0.366091	-0.0415446	0.459149	0.357601	0.49801
rs649	rs649	1	649	A	C	500	0.219	347	0.220461	153	0.215686	0.298482	0.206105	0.541765	-0.780746	0.248525	0.445671	-0.0618914	0.147559	0.0798005	0.0755369
rs650	rs650	1	650	A	C	500	0.098	347	0.0951009	153	0.104575	0.104422	0.291441	0.224959	-0.390144	0.350733	0.631584	-0.123241	0.720121	0.536757	0.774932
rs651	rs651	1	651	A	C	500	0.303	347	0.311239	153	0.284314	-0.162576	0.17786	-0.193658	0.101002	0.213216	0.382098	-0.04493	0.360682	0.791522	0.635912
rs652	rs652	1	652	A	C	500	0.249	347	0.240634	153	0.267974	0.00928688	0.204612	0.0172012	-0.0257747	0.245387	0.441149	-0.0597572	0.963798	0.953409	0.997267
rs653	rs653	1	653	A	C	500	0.387	347	0.402017	153	0.352941	-0.139818	0.175167	-0.0777692	-0.218534	0.206931	0.388003	-0.0427452	0.424756	0.57328	0.620536
rs654	rs654	1	654	A	C	500	0.299	347	0.295389	153	0.30719	0.33634	0.188274	0.397205	-0.204585	0.224566	0.411435	-0.0503612	0.0740283	0.619014	0.17919
rs655	rs655	1	655	A	C	500	0.321	347	0.311239	153	0.343137	0.00466976	0.190082	-0.111169	0.355081	0.231541	0.405273	-0.0535824	0.9804	0.380946	0.681047
rs656	rs656	1	656	A	C	500	0.306	347	0.304035	153	0.310458	-0.0106359	0.187294	0.142385	-0.503545	0.224215	0.405615	-0.0499967	0.954715	0.214445	0.461999
rs657	rs657	1	657	A	C	500	0.357	347	0.351585	153	0.369281	-0.229007	0.17472	-0.20462	-0.0720596	0.214818	0.369286	-0.0461528	0.189955	0.845289	0.415605
rs658	rs658	1	658	A	C	500	0.298	347	0.291066	153	0.313725	0.121281	0.191055	0.054632	0.207079	0.231961	0.408709	-0.0537634	0.525561	0.612389	0.719039
rs659	rs659	1	659	A	C	500	0.396	347	0.409222	153	0.366013	0.06629	0.173984	0.050159	0.0513422	0.210001	0.374303	-0.0440183	0.703195	0.890899	0.921279
rs660	rs660	1	660	A	C	500	0.225	347	0.240634	153	0.189542	-0.0627287	0.204679	-0.0399054	-0.0824063	0.240648	0.456968	-0.0578348	0.759244	0.856891	0.938734
rs661	rs661	1	661	A	C	500	0.362	347	0.368876	153	0.346405	0.121067	0.185364	0.17448	-0.193897	0.217491	0.412985	-0.0469829	0.513672	0.638711	0.723608
rs662	rs662	1	662	A	C	500	0.371	347	0.397695	153	0.310458	-0.0542595	0.170449	-0.157508	0.318742	0.207235	0.363879	-0.0428905	0.750233	0.381055	0.647708
rs663	rs663	1	663	A	C	500	0.257	347	0.24928	153	0.27451	0.0672201	0.191861	0.0922613	-0.0794925	0.231538	0.411451	-0.0533293	0.726069	0.846802	0.92308
rs664	rs664	1	664	A	C	500	0.122	347	0.12536	153	0.114379	0.214909	0.265156	0.123305	0.349559	0.308452	0.601368	-0.0947703	0.417654	0.561056	0.608114
rs665	rs665	1	665	A	C	500	0.167	347	0.168588	153	0.163399	-0.0848091	0.235842	-0.0044668	-0.268081	0.281729	0.514226	-0.0792476	0.719145	0.602137	0.818281
rs666	rs666	1	666	A	C	500	0.267	347	0.283862	153	0.228758	0.182995	0.1878	0.027877	0.539432	0.22262	0.415726	-0.0496979	0.329851	0.194436	0.26805
rs667	rs667	1	667	A	C	500	0.287	347	0.272334	153	0.320261	-0.279631	0.188349	-0.285559	0.0187791	0.227024	0.401531	-0.0508924	0.137638	0.962698	0.331814
rs668	rs668	1	668	A	C	500	0.27	347	0.275216	153	0.25817	-0.039919	0.190698	-0.0480865	0.0290484	0.224702	0.422695	-0.050237	0.83419	0.945211	0.976021
rs669	rs669	1	669	A	C	500	0.24	347	0.23487	153	0.251634	0.00523665	0.198766	-0.155917	0.514249	0.239744	0.427763	-0.057342	0.978981	0.229292	0.485309
rs670	rs670	1	670	A	C	500	0.321	347	0.325648	153	0.310458	-0.0171238	0.186593	-0.0396559	0.0756809	0.222838	0.409163	-0.0498436	0.92688	0.853256	0.978909
rs671	rs671	1	671	A	C	500	0.151	347	0.158501	153	0.133987	-0.279208	0.23812	-0.349462	0.263661	0.277684	0.536124	-0.0765868	0.240977	0.622866	0.445586
rs672	rs672	1	672	A	C	500	0.285	347	0.282421	153	0.29085	0.0858977	0.190983	0.132695	-0.152464	0.229577	0.415068	-0.0528797	0.652879	0.713377	0.84484
rs673	rs673	1	673	A	C	500	0.17	347	0.17147	153	0.166667	-0.24374	0.218492	-0.288654	0.165151	0.255609	0.487773	-0.0647054	0.264613	0.734925	0.506845
rs674	rs674	1	674	A	C	500	0.253	347	0.260807	153	0.235294	-0.155494	0.194109	0.0164085	-0.508712	0.238641	0.410814	-0.0570296	0.423094	0.215604	0.337042
rs675	rs675	1	675	A	C	500	0.182	347	0.185879	153	0.173203	-0.313622	0.226954	-0.355878	0.169755	0.261992	0.525816	-0.0688228	0.167011	0.746816	0.365351
rs676	rs676	1	676	A	C	500	0.266	347	0.26513	153	0.267974	0.0249192	0.189987	-0.0869489	0.38779	0.225415	0.420526	-0.0510148	0.895647	0.356448	0.648051
rs677	rs677	1	677	A	C	500	0.272	347	0.286744	153	0.238562	-0.238485	0.183061	-0.0567076	-0.602419	0.219002	0.398384	-0.04789	0.192656	0.130494	0.136435
rs678	rs678	1	678	A	C	500	0.281	347	0.273775	153	0.297386	-0.174722	0.186882	-0.114607	-0.179678	0.228735	0.394204	-0.0519915	0.349824	0.648534	0.58221
rs679	rs679	1	679	A	C	500	0.263	347	0.256484	153	0.277778	-0.210563	0.192236	-0.406796	0.621748	0.23242	0.413894	-0.0540675	0.273369	0.133048	0.177609
rs680	rs680	1	680	A	C	500	0.169	347	0.177233	153	0.150327	-0.0738626	0.230528	-0.100242	0.0918019	0.273184	0.510113	-0.0747732	0.748661	0.857181	0.934706
rs681	rs681	1	681	A	C	500	0.132	347	0.136888	153	0.120915	-0.0742462	0.253101	-0.115171	0.135123	0.303298	0.551785	-0.0922151	0.769258	0.806547	0.929592
rs682	rs682	1	682	A	C	500	0.265	347	0.266571	153	0.261438	0.0466124	0.191949	0.0865693	-0.123591	0.233318	0.410264	-0.0544168	0.808131	0.763226	0.927873
rs683	rs683	1	683	A	C	500	0.399	347	0.403458	153	0.388889	-0.231784	0.179904	-0.137364	-0.319389	0.214442	0.394772	-0.0460718	0.197616	0.418488	0.314355
rs684	rs684	1	684	A	C	500	0.345	347	0.354467	153	0.323529	-0.0909446	0.184924	-0.0634215	-0.0949284	0.219485	0.407756	-0.0482062	0.622865	0.815911	0.862405
rs685	rs685	1	685	A	C	500	0.286	347	0.299712	153	0.254902	0.0297208	0.184945	0.210574	-0.585903	0.222076	0.39827	-0.0489617	0.872329	0.141259	0.334537
rs686	rs686	1	686	A	C	500	0.126	347	0.128242	153	0.120915	0.3498	0.256293	0.430948	-0.279313	0.304522	0.566079	-0.0930981	0.172302	0.621718	0.348844
rs687	rs687	1	687	A	C	500	0.232	347	0.21902	153	0.261438	-0.167369	0.198043	-0.050502	-0.308232	0.251177	0.407477	-0.0629533	0.398047	0.449384	0.525602
rs688	rs688	1	688	A	C	500	0.235	347	0.237752	153	0.228758	0.026392	0.198269	-0.0141046	0.115875	0.245506	0.414282	-0.059982	0.894104	0.779707	0.953157
rs689	rs689	1	689	A	C	500	0.392	347	0.376081	153	0.428105	-0.0634261	0.178786	-0.143209	0.233716	0.220194	0.376525	-0.048396	0.722769	0.534786	0.774473
rs690	rs690	1	690	A	C	500	0.218	347	0.237752	153	0.173203	0.0508443	0.199821	0.15213	-0.406932	0.230249	0.459595	-0.0525751	0.799149	0.375934	0.654195
rs691	rs691	1	691	A	C	500	0.399	347	0.378963	153	0.444444	0.0423121	0.179581	0.0232166	0.0617878	0.215995	0.388347	-0.046609	0.813731	0.873587	0.960391
rs692	rs692	1	692	A	C	500	0.218	347	0.217579	153	0.218954	-0.066386	0.205843	-0.0853624	0.0604477	0.247944	0.440292	-0.0608576	0.747068	0.890801	0.940419
rs693	rs693	1	693	A	C	500	0.3	347	0.285303	153	0.333333	0.376332	0.189339	0.572618	-0.618667	0.229141	0.406777	-0.0524983	0.0468549	0.128285	0.0436363
rs694	rs694	1	694	A	C	500	0.35	347	0.350144	153	0.349673	0.0225461	0.177521	0.0521593	-0.0959921	0.213403	0.383914	-0.0454692	0.898936	0.80256	0.961439
rs695	rs695	1	695	A	C	500	0.262	347	0.256484	153	0.27451	0.134662	0.202849	0.0312448	0.353218	0.241285	0.446244	-0.0583037	0.506783	0.428632	0.586481
rs696	rs696	1	696	A	C	500	0.359	347	0.348703	153	0.382353	0.0223022	0.173262	-0.114318	0.475427	0.20524	0.382847	-0.0421194	0.89758	0.214303	0.458707
rs697	rs697	1	697	A	C	500	0.31	347	0.304035	153	0.323529	-0.0442337	0.177118	-0.0521443	0.0250445	0.214098	0.3808	-0.0458026	0.802787	0.947563	0.967202
rs698	rs698	1	698	A	C	500	0.332	347	0.337176	153	0.320261	0.0297838	0.174396	0.142409	-0.42443	0.203453	0.394868	-0.0413747	0.864395	0.282435	0.553081
rs699	rs699	1	699	A	C	500	0.265	347	0.268012	153	0.25817	0.0464933	0.19218	0.0439405	0.00756315	0.236023	0.405946	-0.0556215	0.808838	0.985136	0.970992
rs700	rs700	1	700	A	C	500	0.248	347	0.247839	153	0.248366	-0.140476	0.199554	-0.190788	0.180483	0.235159	0.446293	-0.0555234	0.481464	0.685914	0.719251
rs701	rs701	1	701	A	C	500	0.24	347	0.236311	153	0.248366	-0.0774219	0.20199	-0.0660094	-0.0404876	0.238414	0.449329	-0.0569096	0.701501	0.928202	0.925411
rs702	rs702	1	702	A	C	500	0.295	347	0.302594	153	0.277778	0.00599506	0.18794	-0.0949543	0.329209	0.225485	0.406293	-0.0506188	0.974553	0.417783	0.719801
rs703	rs703	1	703	A	C	500	0.11	347	0.105187	153	0.120915	0.420675	0.264952	0.297546	0.400436	0.318466	0.574642	-0.101537	0.112345	0.485901	0.222405
rs704	rs704	1	704	A	C	500	0.232	347	0.230548	153	0.235294	-0.0507331	0.205587	0.0651693	-0.387787	0.245588	0.449483	-0.0603846	0.805084	0.38828	0.668574
rs705	rs705	1	705	A	C	500	0.127	347	0.112392	153	0.160131	0.222638	0.257613	0.368582	-0.451814	0.313069	0.550735	-0.0979747	0.387459	0.411997	0.491661
rs706	rs706	1	706	A	C	500	0.193	347	0.193084	153	0.19281	-0.165616	0.217918	-0.05264	-0.340563	0.26679	0.463963	-0.0714096	0.447259	0.462931	0.572241
rs707	rs707	1	707	A	C	500	0.104	347	0.10951	153	0.0915033	0.0291519	0.271484	-0.0944246	0.46587	0.316635	0.614319	-0.100106	0.914488	0.44824	0.745788
rs708	rs708	1	708	A	C	500	0.113	347	0.108069	153	0.124183	-0.222314	0.262893	-0.0960224	-0.372388	0.323213	0.554419	-0.104245	0.39775	0.501792	0.558148
rs709	rs709	1	709	A	C	500	0.347	347	0.340058	153	0.362745	0.157429	0.184578	0.297588	-0.464635	0.220795	0.401674	-0.0486697	0.393709	0.247376	0.356023
rs710	rs710	1	710	A	C	500	0.239	347	0.236311	153	0.245098	-0.181389	0.185672	-0.235718	0.196819	0.218271	0.415723	-0.0477054	0.328602	0.635901	0.554731
rs711	rs711	1	711	A	C	500	0.41	347	0.400576	153	0.431373	-0.136777	0.171797	-0.277017	0.479204	0.204352	0.378128	-0.0418437	0.425942	0.205046	0.326292
rs712	rs712	1	712	A	C	500	0.314	347	0.331412	153	0.27451	-0.0631183	0.178792	-0.263795	0.715403	0.210835	0.398332	-0.0445079	0.724068	0.0724952	0.187287
rs713	rs713	1	713	A	C	500	0.386	347	0.383285	153	0.392157	0.108965	0.179256	0.243594	-0.411704	0.218409	0.381582	-0.0476135	0.543271	0.280615	0.464492
rs714	rs714	1	714	A	C	500	0.099	347	0.0965418	153	0.104575	0.694751	0.283617	0.764943	-0.219446	0.343912	0.608131	-0.118292	0.0143012	0.718209	0.0466355
rs715	rs715	1	715	A	C	500	0.184	347	0.182997	153	0.186275	0.0115132	0.225654	-0.331819	1.02963	0.276446	0.478919	-0.0764816	0.959309	0.0315628	0.0990287
rs716	rs716	1	716	A	C	500	0.127	347	0.116715	153	0.150327	0.144867	0.2538	0.182816	-0.0945604	0.327832	0.517063	-0.107294	0.568141	0.854892	0.835585
rs717	rs717	1	717	A	C	500	0.229	347	0.229107	153	0.228758	-0.148281	0.202524	0.0955711	-0.757649	0.245984	0.433785	-0.0605628	0.464068	0.0807062	0.166403
rs718	rs718	1	718	A	C	500	0.209	347	0.213256	153	0.199346	0.400738	0.208101	0.4002	0.00169045	0.251872	0.445524	-0.0632164	0.0541432	0.996973	0.156587
rs719	rs719	1	719	A	C	500	0.292	347	0.283862	153	0.310458	-0.103997	0.182491	-0.0593075	-0.123807	0.228221	0.379672	-0.0520331	0.568761	0.744356	0.8061
rs720	rs720	1	720	A	C	500	0.207	347	0.210375	153	0.199346	0.246013	0.216543	0.273795	-0.102394	0.253901	0.488603	-0.0647743	0.255919	0.834007	0.513088
rs721	rs721	1	721	A	C	500	0.377	347	0.378963	153	0.372549	-0.346181	0.167825	-0.316066	-0.0946981	0.20309	0.359639	-0.0411314	0.0391367	0.792308	0.11508
rs722	rs722	1	722	A	C	500	0.293	347	0.293948	153	0.29085	0.0508363	0.189179	-0.111421	0.559311	0.224611	0.417383	-0.0505384	0.788144	0.180231	0.392993
rs723	rs723	1	723	A	C	500	0.134	347	0.135447	153	0.130719	-0.0974031	0.246524	-0.13789	0.142134	0.2916	0.546757	-0.0851543	0.692765	0.794896	0.894185
rs724	rs724	1	724	A	C	500	0.331	347	0.342939	153	0.303922	0.0167381	0.183757	0.061369	-0.151528	0.218819	0.403361	-0.0479216	0.927423	0.707167	0.928013
rs725	rs725	1	725	A	C	500	0.307	347	0.28098	153	0.366013	0.000563749	0.185162	-0.0445251	0.136798	0.226201	0.394203	-0.0512188	0.997571	0.728574	0.94156
rs726	rs726	1	726	A	C	500	0.089	347	0.0965418	153	0.0718954	-0.454353	0.295525	-0.392315	-0.258768	0.338786	0.69096	-0.114461	0.124184	0.708029	0.285933
rs727	rs727	1	727	A	C	500	0.132	347	0.131124	153	0.133987	0.115111	0.245724	0.151786	-0.122364	0.293631	0.536314	-0.0862089	0.639459	0.819524	0.873058
rs728	rs728	1	728	A	C	500	0.158	347	0.159942	153	0.153595	0.0086141	0.244993	-0.0693544	0.270916	0.29039	0.541704	-0.0844518	0.971952	0.616992	0.8819
rs729	rs729	1	729	A	C	500	0.152	347	0.159942	153	0.133987	-0.0781111	0.24707	0.0486176	-0.453043	0.290813	0.548357	-0.0841127	0.751889	0.4087	0.676201
rs730	rs730	1	730	A	C	500	0.108	347	0.106628	153	0.111111	0.0956731	0.265192	0.156309	-0.198547	0.318217	0.575916	-0.101294	0.718272	0.730282	0.882935
rs731	rs731	1	731	A	C	500	0.377	347	0.378963	153	0.372549	-0.165939	0.173514	-0.153893	-0.0379477	0.210043	0.372876	-0.0441364	0.338897	0.918939	0.629721
rs732	rs732	1	732	A	C	500	0.138	347	0.135447	153	0.143791	-0.279618	0.247478	-0.531132	0.702401	0.308547	0.514616	-0.0948294	0.258531	0.172284	0.20809
rs733	rs733	1	733	A	C	500	0.308	347	0.29683	153	0.333333	-0.0736333	0.18082	-0.100268	0.0818793	0.22029	0.386805	-0.0486695	0.683847	0.832356	0.900038
rs734	rs734	1	734	A	C	500	0.179	347	0.177233	153	0.183007	-0.255125	0.225448	-0.305632	0.155085	0.274826	0.482597	-0.0758497	0.257789	0.747942	0.500608
rs735	rs735	1	735	A	C	500	0.21	347	0.226225	153	0.173203	-0.10754	0.203325	0.0967313	-0.677262	0.243027	0.441362	-0.0587546	0.596868	0.124911	0.267887
rs736	rs736	1	736	A	C	500	0.356	347	0.373199	153	0.316993	0.11659	0.176035	0.228404	-0.385647	0.208914	0.388023	-0.0436535	0.50777	0.320283	0.490061
rs737	rs737	1	737	A	C	500	0.217	347	0.227666	153	0.19281	0.0420735	0.206124	0.0158755	0.094613	0.242347	0.460298	-0.0586673	0.838262	0.837145	0.958911
rs738	rs738	1	738	A	C	500	0.146	347	0.154179	153	0.127451	0.304775	0.240025	0.319839	-0.0475368	0.289828	0.512627	-0.0832737	0.204169	0.926117	0.444658
rs739	rs739	1	739	A	C	500	0.331	347	0.34438	153	0.300654	-0.192926	0.178201	-0.330307	0.486806	0.210319	0.395838	-0.0442185	0.278971	0.218767	0.261252
rs740	rs740	1	740	A	C	500	0.32	347	0.32853	153	0.300654	-0.12352	0.179407	-0.109084	-0.0461768	0.216607	0.388241	-0.0471228	0.491143	0.905324	0.783422
rs741	rs741	1	741	A	C	500	0.266	347	0.259366	153	0.281046	0.118868	0.1953	0.110969	0.0249697	0.236213	0.420033	-0.0558102	0.54276	0.952596	0.829451
rs742	rs742	1	742	A	C	500	0.179	347	0.181556	153	0.173203	0.017196	0.223751	0.0514333	-0.108196	0.27059	0.480871	-0.0731722	0.93874	0.821979	0.97213
rs743	rs743	1	743	A	C	500	0.274	347	0.275216	153	0.271242	0.376301	0.185457	0.402223	-0.0874234	0.221175	0.406448	-0.0489833	0.0424532	0.829696	0.124724
rs744	rs744	1	744	A	C	500	0.392	347	0.402017	153	0.369281	-0.00500518	0.170326	0.000369078	-0.0172452	0.205221	0.367335	-0.0420509	0.976557	0.962556	0.998467
rs745	rs745	1	745	A	C	500	0.337	347	0.338617	153	0.333333	0.0304387	0.177782	-0.00438745	0.119239	0.211346	0.391286	-0.0447175	0.864056	0.760568	0.94074
rs746	rs746	1	746	A	C	500	0.219	347	0.229107	153	0.196078	-0.075709	0.20159	-0.130663	0.204037	0.235804	0.4542	-0.0555627	0.707245	0.653271	0.842465
rs747	rs747	1	747	A	C	500	0.302	347	0.289625	153	0.330065	-0.0609553	0.182115	-0.133222	0.239233	0.21807	0.397089	-0.0476315	0.737846	0.546864	0.788599
rs748	rs748	1	748	A	C	500	0.223	347	0.213256	153	0.245098	0.307485	0.204184	0.165155	0.449045	0.246966	0.438309	-0.0608932	0.132087	0.305602	0.190387
rs749	rs749	1	749	A	C	500	0.191	347	0.198847	153	0.173203	0.0653498	0.223011	0.0173285	0.156244	0.267686	0.481736	-0.071326	0.769496	0.745684	0.90889
rs750	rs750	1	750	A	C	500	0.33	347	0.334294	153	0.320261	-0.0252077	0.179052	-0.051443	0.0882841	0.213523	0.391457	-0.0455378	0.88804	0.821569	0.965276
rs751	rs751	1	751	A	C	500	0.176	347	0.184438	153	0.156863	0.0780877	0.235675	0.03651	0.151656	0.276419	0.526869	-0.0761038	0.740391	0.773466	0.908174
rs752	rs752	1	752	A	C	500	0.18	347	0.181556	153	0.176471	0.070646	0.227421	0.0121364	0.201389	0.26955	0.498041	-0.0720644	0.756075	0.685946	0.878093
rs753	rs753	1	753	A	C	500	0.232	347	0.230548	153	0.235294	-0.00353837	0.195052	-0.00351829	-6.35085e-05	0.23555	0.417778	-0.0551697	0.985527	0.999879	0.999835
rs754	rs754	1	754	A	C	500	0.16	347	0.158501	153	0.163399	0.358629	0.234121	0.175204	0.569427	0.28433	0.500868	-0.0808103	0.12557	0.255588	0.162112
rs755	rs755	1	755	A	C	500	0.33	347	0.314121	153	0.366013	-0.227304	0.177849	-0.284427	0.169267	0.218489	0.37607	-0.047728	0.201224	0.652641	0.399307
rs756	rs756	1	756	A	C	500	0.202	347	0.208934	153	0.186275	0.195517	0.214968	0.107101	0.334517	0.250732	0.488273	-0.0630137	0.363079	0.493279	0.522939
rs757	rs757	1	757	A	C	500	0.166	347	0.172911	153	0.150327	-0.0887021	0.229784	0.0867602	-0.619851	0.271401	0.510199	-0.0736844	0.699479	0.224397	0.443737
rs758	rs758	1	758	A	C	500	0.377	347	0.376081	153	0.379085	0.0858202	0.177091	0.237243	-0.486656	0.213332	0.382294	-0.0454739	0.627953	0.203021	0.395471
rs759	rs759	1	759	A	C	500	0.319	347	0.295389	153	0.372549	0.152947	0.184226	0.177705	-0.0807605	0.220952	0.397914	-0.0485401	0.406418	0.839167	0.694041
rs760	rs760	1	760	A	C	500	0.334	347	0.347262	153	0.303922	-0.229222	0.181251	-0.286203	0.172283	0.221501	0.384956	-0.0490128	0.205992	0.654486	0.406637
rs761	rs761	1	761	A	C	500	0.204	347	0.207493	153	0.196078	0.06519	0.228428	-0.00355188	0.221709	0.274985	0.493761	-0.0755911	0.775349	0.653416	0.868027
rs762	rs762	1	762	A	C	500	0.244	347	0.243516	153	0.245098	0.00914883	0.211223	0.0159499	-0.0224463	0.252705	0.457844	-0.063514	0.965452	0.960899	0.997862
rs763	rs763	1	763	A	C	500	0.306	347	0.304035	153	0.310458	0.11346	0.186694	0.261294	-0.416155	0.232645	0.390762	-0.054243	0.543363	0.286884	0.471534
rs764	rs764	1	764	A	C	500	0.247	347	0.256484	153	0.22549	-0.00743037	0.196526	0.0918308	-0.358905	0.231133	0.439872	-0.0535121	0.96984	0.414539	0.71635
rs765	rs765	1	765	A	C	500	0.191	347	0.18732	153	0.199346	0.197179	0.21123	0.350275	-0.446637	0.260587	0.445197	-0.0679382	0.350572	0.315747	0.391044
rs766	rs766	1	766	A	C	500	0.229	347	0.211816	153	0.267974	0.283403	0.206758	0.15914	0.322492	0.263719	0.424845	-0.0695482	0.170468	0.447804	0.293021
rs767	rs767	1	767	A	C	500	0.161	347	0.15562	153	0.173203	-0.359317	0.234207	-0.259625	-0.291297	0.288817	0.493823	-0.0834578	0.124985	0.55527	0.259023
rs768	rs768	1	768	A	C	500	0.304	347	0.314121	153	0.281046	0.00839929	0.187788	-0.142096	0.478303	0.226641	0.403292	-0.0511751	0.964325	0.235624	0.494458
rs769	rs769	1	769	A	C	500	0.238	347	0.243516	153	0.22549	0.0829781	0.199851	0.0164102	0.216108	0.240286	0.43309	-0.0577762	0.677996	0.617785	0.810024
rs770	rs770	1	770	A	C	500	0.281	347	0.275216	153	0.294118	-0.0113817	0.187107	0.0840048	-0.289885	0.229387	0.403282	-0.0535153	0.951495	0.472254	0.770899
rs771	rs771	1	771	A	C	500	0.361	347	0.364553	153	0.352941	0.233754	0.172061	0.316864	-0.313758	0.201298	0.394436	-0.0412106	0.174288	0.426345	0.289612
rs772	rs772	1	772	A	C	500	0.34	347	0.331412	153	0.359477	0.141932	0.177663	0.145622	-0.0116901	0.214795	0.382423	-0.0461655	0.424358	0.975614	0.726458
rs773	rs773	1	773	A	C	500	0.284	347	0.266571	153	0.323529	-0.157834	0.190748	-0.119995	-0.114948	0.233096	0.406992	-0.0545265	0.407984	0.777612	0.682346
rs774	rs774	1	774	A	C	500	0.111	347	0.0979827	153	0.140523	-0.191158	0.283293	-0.23405	0.11972	0.353578	0.59054	-0.124941	0.49982	0.839346	0.780196
rs775	rs775	1	775	A	C	500	0.106	347	0.100865	153	0.117647	-0.108756	0.29035	-0.297804	0.594715	0.350564	0.617993	-0.121403	0.707982	0.335882	0.586728
rs776	rs776	1	776	A	C	500	0.108	347	0.103746	153	0.117647	-0.0340601	0.273472	-0.0616655	0.088749	0.32946	0.590678	-0.108525	0.900882	0.880568	0.981137
rs777	rs777	1	777	A	C	500	0.211	347	0.210375	153	0.212418	-0.0213223	0.202228	-0.0235558	0.00638715	0.250828	0.424352	-0.0629682	0.916029	0.987991	0.994344
rs778	rs778	1	778	A	C	500	0.29	347	0.29683	153	0.27451	0.0158199	0.189535	0.0356668	-0.0570491	0.235019	0.399438	-0.0555065	0.93348	0.88643	0.986411
rs779	rs779	1	779	A	C	500	0.29	347	0.286744	153	0.297386	0.0666124	0.194266	0.131121	-0.187789	0.239752	0.409023	-0.0574698	0.731678	0.646151	0.848588
rs780	rs780	1	780	A	C	500	0.238	347	0.23487	153	0.245098	0.233236	0.205765	0.448778	-0.770885	0.242401	0.458277	-0.0587217	0.257001	0.0925421	0.12781
rs781	rs781	1	781	A	C	500	0.279	347	0.304035	153	0.222222	-0.0851014	0.187574	-0.110874	0.0955195	0.219544	0.422829	-0.0482382	0.650049	0.821275	0.87947
rs782	rs782	1	782	A	C	500	0.226	347	0.237752	153	0.199346	-0.122035	0.205161	-0.333909	0.663551	0.248514	0.439216	-0.061597	0.55196	0.130849	0.267641
rs783	rs783	1	783	A	C	500	0.118	347	0.113833	153	0.127451	0.0385579	0.255301	0.00198031	0.120115	0.306105	0.554588	-0.0936607	0.879953	0.828532	0.965741
rs784	rs784	1	784	A	C	500	0.227	347	0.242075	153	0.19281	-0.116019	0.204147	-0.126717	0.0369628	0.242505	0.452231	-0.0591933	0.569824	0.934858	0.848039
rs785	rs785	1	785	A	C	500	0.141	347	0.142651	153	0.137255	-0.0633973	0.238716	0.00120029	-0.216102	0.284904	0.520252	-0.0809069	0.790566	0.677864	0.88556
rs786	rs786	1	786	A	C	500	0.346	347	0.322767	153	0.398693	-0.119103	0.175512	-0.225161	0.309938	0.21635	0.369683	-0.0467659	0.497388	0.401812	0.558947
rs787	rs787	1	787	A	C	500	0.232	347	0.230548	153	0.235294	0.00929292	0.195237	0.117391	-0.361853	0.232818	0.424567	-0.0538493	0.962036	0.394055	0.694663
rs788	rs788	1	788	A	C	500	0.338	347	0.342939	153	0.326797	0.101573	0.179111	0.0920872	0.0320141	0.21361	0.392837	-0.0457254	0.570648	0.935049	0.84864
rs789	rs789	1	789	A	C	500	0.38	347	0.377522	153	0.385621	-0.108844	0.168639	-0.00169792	-0.363751	0.200562	0.368568	-0.0400134	0.518652	0.323676	0.498923
rs790	rs790	1	790	A	C	500	0.157	347	0.164265	153	0.140523	0.00323709	0.232146	0.0369035	-0.115207	0.275851	0.509891	-0.0759756	0.988874	0.821245	0.974703
rs791	rs791	1	791	A	C	500	0.355	347	0.357349	153	0.349673	0.0413889	0.177084	-0.039917	0.270964	0.211305	0.384215	-0.0442955	0.815199	0.480661	0.758816
rs792	rs792	1	792	A	C	500	0.245	347	0.237752	153	0.261438	0.0816076	0.198358	0.0689036	0.0409043	0.238742	0.427787	-0.0568364	0.680767	0.923824	0.91466
rs793	rs793	1	793	A	C	500	0.163	347	0.17147	153	0.143791	-0.164136	0.22775	-0.11601	-0.186235	0.264532	0.520726	-0.0700699	0.471104	0.720609	0.723505
rs794	rs794	1	794	A	C	500	0.315	347	0.334294	153	0.271242	-0.223678	0.179261	-0.292005	0.230414	0.21374	0.392545	-0.0456944	0.212111	0.557221	0.386452
rs795	rs795	1	795	A	C	500	0.294	347	0.305476	153	0.267974	0.165209	0.183744	0.340955	-0.666852	0.214364	0.418934	-0.0462537	0.368585	0.111433	0.188039
rs796	rs796	1	796	A	C	500	0.352	347	0.361671	153	0.330065	0.256338	0.179305	0.22798	0.0935828	0.214558	0.388857	-0.0458201	0.152827	0.809817	0.349636
rs797	rs797	1	797	A	C	500	0.363	347	0.363112	153	0.362745	-0.0428218	0.175904	-0.0684051	0.0973344	0.205678	0.405526	-0.0432243	0.807666	0.810315	0.943239
rs798	rs798	1	798	A	C	500	0.365	347	0.348703	153	0.401961	0.000990154	0.174643	0.0332291	-0.105844	0.209369	0.379126	-0.0437806	0.995476	0.780107	0.961764
rs799	rs799	1	799	A	C	500	0.255	347	0.262248	153	0.238562	0.125938	0.190387	0.156047	-0.0915676	0.232386	0.405243	-0.0539991	0.508303	0.821235	0.783247
rs800	rs800	1	800	A	C	500	0.328	347	0.350144	153	0.277778	-0.211349	0.172778	-0.28261	0.246737	0.205036	0.382244	-0.0421985	0.22124	0.518606	0.38424
rs801	rs801	1	801	A	C	500	0.308	347	0.322767	153	0.27451	-0.0956502	0.184944	-0.12328	0.0942701	0.220127	0.407306	-0.048624	0.605028	0.816967	0.851698
rs802	rs802	1	802	A	C	500	0.11	347	0.108069	153	0.114379	-0.0702415	0.264696	-0.0385641	-0.0940671	0.325392	0.561987	-0.106357	0.790727	0.867069	0.951973
rs803	rs803	1	803	A	C	500	0.249	347	0.259366	153	0.22549	0.26078	0.1942	0.413424	-0.612736	0.224088	0.448823	-0.0501831	0.179323	0.172189	0.159852
rs804	rs804	1	804	A	C	500	0.296	347	0.286744	153	0.316993	0.0549327	0.193658	0.130953	-0.237893	0.235139	0.41735	-0.0556609	0.776672	0.568672	0.816535
rs805	rs805	1	805	A	C	500	0.3	347	0.321326	153	0.251634	-0.18494	0.184266	-0.0235149	-0.554873	0.219252	0.408409	-0.0485254	0.315544	0.174267	0.240127
rs806	rs806	1	806	A	C	500	0.231	347	0.213256	153	0.271242	0.171405	0.201819	0.205464	-0.106306	0.245083	0.433999	-0.0603474	0.395714	0.806499	0.676614
rs807	rs807	1	807	A	C	500	0.11	347	0.103746	153	0.124183	0.168868	0.271468	0.243962	-0.23427	0.329274	0.581351	-0.108334	0.533908	0.686966	0.759824
rs808	rs808	1	808	A	C	500	0.127	347	0.132565	153	0.114379	0.03936	0.261142	-0.0696273	0.402748	0.305657	0.586982	-0.0932378	0.880195	0.492629	0.781338
rs809	rs809	1	809	A	C	500	0.11	347	0.110951	153	0.107843	0.257928	0.269749	0.00246149	0.890252	0.319459	0.5964	-0.10207	0.338982	0.135513	0.20779
rs810	rs810	1	810	A	C	500	0.224	347	0.224784	153	0.222222	-0.157301	0.192212	-0.144046	-0.0393225	0.23615	0.406994	-0.0558362	0.413144	0.923031	0.712102
rs811	rs811	1	811	A	C	500	0.221	347	0.223343	153	0.215686	0.294528	0.205352	0.36055	-0.226547	0.243703	0.450306	-0.0590948	0.151498	0.614897	0.315026
rs812	rs812	1	812	A	C	500	0.233	347	0.237752	153	0.222222	0.00413613	0.199129	-0.122282	0.438653	0.236013	0.43959	-0.0556906	0.983428	0.318343	0.607692
rs813	rs813	1	813	A	C	500	0.315	347	0.318444	153	0.30719	0.134622	0.179148	0.330202	-0.704289	0.21073	0.399589	-0.0443407	0.452379	0.0779791	0.159517
rs814	rs814	1	814	A	C	500	0.386	347	0.365994	153	0.431373	-0.143234	0.169631	-0.117145	-0.0787464	0.207462	0.360521	-0.0430609	0.398454	0.827099	0.683624
rs815	rs815	1	815	A	C	500	0.338	347	0.321326	153	0.375817	-0.0518306	0.183628	-0.0736169	0.0681074	0.223289	0.39714	-0.0504516	0.777746	0.863835	0.946921
rs816	rs816	1	816	A	C	500	0.379	347	0.377522	153	0.382353	-0.079138	0.170038	-0.142716	0.232669	0.199347	0.380781	-0.0396201	0.641636	0.541179	0.744543
rs817	rs817	1	817	A	C	500	0.137	347	0.136888	153	0.137255	-0.0774165	0.246609	-0.106939	0.0989579	0.294333	0.538557	-0.0865309	0.753579	0.854212	0.935985
rs818	rs818	1	818	A	C	500	0.383	347	0.373199	153	0.405229	-0.0712689	0.18009	-0.125754	0.1817	0.21527	0.393294	-0.0463832	0.692296	0.644085	0.831083
rs819	rs819	1	819	A	C	500	0.291	347	0.301153	153	0.267974	0.0547971	0.194176	0.0947579	-0.133916	0.231776	0.4241	-0.0536709	0.777788	0.752181	0.91423
rs820	rs820	1	820	A	C	500	0.399	347	0.384726	153	0.431373	-0.090966	0.168528	0.0494088	-0.431851	0.205105	0.359641	-0.0420429	0.589358	0.229835	0.420372
rs821	rs821	1	821	A	C	500	0.151	347	0.148415	153	0.156863	-0.190497	0.239717	-0.178441	-0.0363886	0.293081	0.508961	-0.0858209	0.426803	0.943003	0.727378
rs822	rs822	1	822	A	C	500	0.397	347	0.394813	153	0.401961	0.0158628	0.169976	-0.104945	0.421323	0.201333	0.376318	-0.0406058	0.925647	0.262888	0.532007
rs823	rs823	1	823	A	C	500	0.364	347	0.363112	153	0.366013	-0.0948232	0.173282	-0.0672823	-0.0888383	0.208297	0.372855	-0.0430981	0.584229	0.811675	0.836851
rs824	rs824	1	824	A	C	500	0.156	347	0.154179	153	0.160131	0.149646	0.240032	0.225606	-0.261979	0.284859	0.529037	-0.0811501	0.532994	0.620459	0.728366
rs825	rs825	1	825	A	C	500	0.357	347	0.368876	153	0.330065	0.300892	0.178799	0.282189	0.059692	0.215793	0.3856	-0.0465885	0.0924029	0.876977	0.239792
rs826	rs826	1	826	A	C	500	0.119	347	0.115274	153	0.127451	-0.111696	0.254839	-0.172898	0.157723	0.326232	0.524892	-0.106909	0.661169	0.763806	0.868316
rs827	rs827	1	827	A	C	500	0.275	347	0.283862	153	0.254902	0.237095	0.194638	0.0131628	0.671383	0.238678	0.414171	-0.0572145	0.223173	0.105011	0.127991
rs828	rs828	1	828	A	C	500	0.378	347	0.376081	153	0.382353	-0.044612	0.178035	0.0437024	-0.293186	0.212967	0.387985	-0.0453437	0.802139	0.449851	0.728397
rs829	rs829	1	829	A	C	500	0.141	347	0.135447	153	0.153595	0.256835	0.248431	0.221919	0.130609	0.29047	0.563026	-0.0847434	0.301216	0.816556	0.570462
rs830	rs830	1	830	A	C	500	0.165	347	0.157061	153	0.183007	0.138816	0.236859	0.321913	-0.549019	0.290475	0.504195	-0.0847793	0.557828	0.276197	0.465523
rs831	rs831	1	831	A	C	500	0.387	347	0.391931	153	0.375817	0.0161552	0.176754	0.0918806	-0.231309	0.215399	0.37603	-0.0462906	0.927176	0.538465	0.824175
rs832	rs832	1	832	A	C	500	0.328	347	0.319885	153	0.346405	0.117229	0.184115	0.10687	0.0324438	0.223272	0.395543	-0.0499578	0.524308	0.934628	0.813776
rs833	rs833	1	833	A	C	500	0.319	347	0.314121	153	0.330065	0.202598	0.169399	0.14367	0.185118	0.205103	0.363254	-0.0420046	0.231704	0.610325	0.429541
rs834	rs834	1	834	A	C	500	0.258	347	0.263689	153	0.245098	0.295979	0.186024	0.255393	0.13359	0.22283	0.403785	-0.0495329	0.111592	0.740761	0.267003
rs835	rs835	1	835	A	C	500	0.344	347	0.338617	153	0.356209	0.184492	0.184758	0.24522	-0.198934	0.221595	0.400786	-0.0490349	0.318006	0.619641	0.537003
rs836	rs836	1	836	A	C	500	0.391	347	0.394813	153	0.382353	-0.0543026	0.17355	-0.00136302	-0.17753	0.207124	0.379113	-0.0428596	0.754361	0.639588	0.853344
rs837	rs837	1	837	A	C	500	0.393	347	0.394813	153	0.388889	-0.0500517	0.170052	0.0143027	-0.200276	0.206599	0.365129	-0.0428391	0.768505	0.583343	0.823867
rs838	rs838	1	838	A	C	500	0.225	347	0.223343	153	0.228758	-0.202573	0.199332	-0.0388124	-0.546032	0.238551	0.436956	-0.0572619	0.309506	0.211436	0.273302
rs839	rs839	1	839	A	C	500	0.159	347	0.162824	153	0.150327	0.23966	0.235204	0.165516	0.258167	0.278596	0.519904	-0.0776292	0.308228	0.619495	0.52602
rs840	rs840	1	840	A	C	500	0.229	347	0.211816	153	0.267974	-0.0623578	0.209166	-0.0313358	-0.0861657	0.261522	0.436026	-0.068448	0.765607	0.843346	0.938037
rs841	rs841	1	841	A	C	500	0.247	347	0.26513	153	0.205882	-0.218122	0.195726	-0.321298	0.385014	0.228712	0.441534	-0.0522433	0.265098	0.383213	0.367455
rs842	rs842	1	842	A	C	500	0.171	347	0.168588	153	0.176471	-0.0511411	0.220273	-0.101915	0.147741	0.271909	0.463868	-0.0739486	0.816405	0.750107	0.925268
rs843	rs843	1	843	A	C	500	0.141	347	0.142651	153	0.137255	0.131143	0.232798	0.120721	0.0330068	0.281652	0.50211	-0.0796019	0.573208	0.947588	0.851434
rs844	rs844	1	844	A	C	500	0.313	347	0.31268	153	0.313725	0.0252695	0.18982	-0.143047	0.543772	0.228549	0.411232	-0.0523462	0.894096	0.186069	0.413501
rs845	rs845	1	845	A	C	500	0.322	347	0.318444	153	0.330065	-0.200633	0.175817	-0.173657	-0.0865809	0.211999	0.38019	-0.0450359	0.253808	0.819855	0.508118
rs846	rs846	1	846	A	C	500	0.361	347	0.367435	153	0.346405	-0.111219	0.177559	-0.0544861	-0.167453	0.218415	0.375417	-0.0477501	0.531065	0.655565	0.744045
rs847	rs847	1	847	A	C	500	0.209	347	0.211816	153	0.202614	0.0349809	0.196608	0.35802	-0.87452	0.247739	0.408054	-0.0615064	0.858784	0.0321013	0.0990266
rs848	rs848	1	848	A	C	500	0.204	347	0.200288	153	0.212418	0.0314309	0.205939	-0.124077	0.5529	0.242999	0.458603	-0.0591535	0.878696	0.227965	0.477877
rs849	rs849	1	849	A	C	500	0.194	347	0.180115	153	0.22549	0.142264	0.209956	0.0943316	0.138672	0.259275	0.440106	-0.0669513	0.498031	0.752695	0.756385
rs850	rs850	1	850	A	C	500	0.359	347	0.357349	153	0.362745	-0.0578604	0.18057	-0.0118911	-0.133257	0.223106	0.379854	-0.0497748	0.748641	0.725729	0.893264
rs851	rs851	1	851	A	C	500	0.262	347	0.266571	153	0.251634	0.194219	0.197458	0.132119	0.237061	0.229861	0.449195	-0.0528574	0.325313	0.597676	0.536338
rs852	rs852	1	852	A	C	500	0.129	347	0.128242	153	0.130719	0.06548	0.25718	0.0212609	0.135219	0.31363	0.548912	-0.0985323	0.799026	0.805419	0.939174
rs853	rs853	1	853	A	C	500	0.239	347	0.25072	153	0.212418	0.0658377	0.204162	-0.0350914	0.355721	0.241275	0.453157	-0.0582646	0.747091	0.432463	0.69761
rs854	rs854	1	854	A	C	500	0.309	347	0.314121	153	0.297386	-0.209678	0.182125	-0.115414	-0.312423	0.217934	0.39669	-0.0474798	0.249613	0.430945	0.377996
rs855	rs855	1	855	A	C	500	0.34	347	0.335735	153	0.349673	-0.293095	0.178913	-0.320554	0.0863583	0.216781	0.384975	-0.0471248	0.101379	0.822507	0.254866
rs856	rs856	1	856	A	C	500	0.317	347	0.319885	153	0.310458	0.207225	0.182614	-0.0250197	0.714957	0.223061	0.394335	-0.0505122	0.256471	0.0698209	0.101523
rs857	rs857	1	857	A	C	500	0.125	347	0.12536	153	0.124183	0.340249	0.256216	0.525793	-0.575835	0.311251	0.548458	-0.0969248	0.184185	0.293757	0.238609
rs858	rs858	1	858	A	C	500	0.182	347	0.172911	153	0.202614	0.207706	0.216806	0.0918197	0.34476	0.266244	0.459735	-0.0710448	0.338049	0.453309	0.47707
rs859	rs859	1	859	A	C	500	0.338	347	0.338617	153	0.336601	-0.0879609	0.173993	-0.0221396	-0.186227	0.216465	0.364346	-0.0469194	0.613178	0.609263	0.772278
rs860	rs860	1	860	A	C	500	0.255	347	0.266571	153	0.228758	-0.070385	0.193161	-0.0689809	-0.00568031	0.222635	0.447868	-0.04958	0.715571	0.989881	0.935692
rs861	rs861	1	861	A	C	500	0.207	347	0.214697	153	0.189542	0.191625	0.201968	0.288582	-0.308298	0.243786	0.43413	-0.0592716	0.342727	0.477609	0.495464
rs862	rs862	1	862	A	C	500	0.242	347	0.237752	153	0.251634	-0.024906	0.199532	-0.027416	0.00811925	0.239793	0.430206	-0.0572152	0.900664	0.984942	0.992063
rs863	rs863	1	863	A	C	500	0.262	347	0.269452	153	0.245098	0.143301	0.196826	0.265545	-0.394908	0.237059	0.426823	-0.0563933	0.466579	0.354848	0.500046
rs864	rs864	1	864	A	C	500	0.329	347	0.338617	153	0.30719	-0.0742526	0.18352	-0.00438872	-0.206826	0.225365	0.387237	-0.0506525	0.68577	0.593267	0.798926
rs865	rs865	1	865	A	C	500	0.228	347	0.21902	153	0.248366	-0.214079	0.202928	-0.0406847	-0.538225	0.246638	0.435125	-0.0609956	0.291447	0.216107	0.266741
rs866	rs866	1	866	A	C	500	0.364	347	0.364553	153	0.362745	0.10065	0.175937	-0.0333167	0.470794	0.208102	0.390589	-0.0434114	0.567269	0.22807	0.410629
rs867	rs867	1	867	A	C	500	0.271	347	0.272334	153	0.267974	-0.0119251	0.18851	0.154573	-0.513618	0.229014	0.401166	-0.0521695	0.949559	0.200435	0.439726
rs868	rs868	1	868	A	C	500	0.203	347	0.221902	153	0.160131	-0.241269	0.216933	-0.247237	0.0253027	0.248139	0.510715	-0.0615254	0.266062	0.960486	0.538107
rs869	rs869	1	869	A	C	500	0.104	347	0.102305	153	0.107843	-0.193528	0.281546	-0.497595	1.09271	0.331637	0.629814	-0.110379	0.491845	0.0827445	0.175289
rs870	rs870	1	870	A	C	500	0.099	347	0.0936599	153	0.111111	-0.279056	0.27956	-0.470717	0.514257	0.353108	0.578789	-0.124852	0.318184	0.374269	0.409459
rs871	rs871	1	871	A	C	500	0.106	347	0.105187	153	0.107843	0.137107	0.274125	0.194119	-0.188018	0.328683	0.598074	-0.108461	0.61696	0.753238	0.83988
rs872	rs872	1	872	A	C	500	0.279	347	0.255043	153	0.333333	-0.382844	0.196649	-0.244677	-0.398843	0.243132	0.412729	-0.0590109	0.0515538	0.333866	0.0942299
rs873	rs873	1	873	A	C	500	0.125	347	0.12536	153	0.124183	0.0127301	0.254098	0.12039	-0.322898	0.311212	0.538921	-0.0968368	0.960043	0.549068	0.834644
rs874	rs874	1	874	A	C	500	0.364	347	0.373199	153	0.343137	0.0229001	0.173447	0.104639	-0.287742	0.204948	0.384335	-0.0419609	0.894961	0.454054	0.749033
rs875	rs875	1	875	A	C	500	0.2	347	0.193084	153	0.215686	-0.16126	0.214221	-0.0391902	-0.402653	0.256533	0.465534	-0.0657021	0.451587	0.387079	0.518206
rs876	rs876	1	876	A	C	500	0.244	347	0.237752	153	0.25817	-0.139952	0.195611	-0.293879	0.505035	0.23462	0.425051	-0.0550649	0.474324	0.234764	0.382196
rs877	rs877	1	877	A	C	500	0.211	347	0.204611	153	0.22549	-0.102729	0.205904	0.0983304	-0.59272	0.253414	0.435489	-0.0643324	0.617837	0.1735	0.3497
rs878	rs878	1	878	A	C	500	0.183	347	0.182997	153	0.183007	-0.119611	0.216632	-0.168655	0.158399	0.260528	0.467424	-0.0676477	0.580854	0.734703	0.810708
rs879	rs879	1	879	A	C	500	0.246	347	0.255043	153	0.22549	-0.0153256	0.20315	-0.00829208	-0.024417	0.240785	0.448721	-0.0580005	0.939865	0.956605	0.995683
rs880	rs880	1	880	A	C	500	0.261	347	0.239193	153	0.310458	-0.0581511	0.196717	-0.0289368	-0.0815126	0.245326	0.408999	-0.0599537	0.767529	0.84203	0.938425
rs881	rs881	1	881	A	C	500	0.317	347	0.315562	153	0.320261	-0.0224195	0.176964	-0.13481	0.351868	0.214437	0.379159	-0.0459189	0.899186	0.353395	0.644914
rs882	rs882	1	882	A	C	500	0.175	347	0.170029	153	0.186275	0.0455537	0.22696	0.283171	-0.77344	0.27268	0.491958	-0.0743545	0.840923	0.115911	0.284791
rs883	rs883	1	883	A	C	500	0.196	347	0.182997	153	0.22549	-0.0423651	0.216168	0.0468359	-0.276793	0.262478	0.461985	-0.0687813	0.844624	0.549081	0.819806
rs884	rs884	1	884	A	C	500	0.183	347	0.182997	153	0.183007	-0.167484	0.214037	-0.163316	-0.0160662	0.248673	0.48797	-0.0617747	0.433919	0.973735	0.735874
rs885	rs885	1	885	A	C	500	0.387	347	0.413545	153	0.326797	0.0606678	0.176145	0.0580799	0.0101156	0.204199	0.403767	-0.0417076	0.73053	0.980013	0.942116
rs886	rs886	1	886	A	C	500	0.264	347	0.252161	153	0.29085	0.156321	0.197873	0.124915	0.0872213	0.247145	0.411253	-0.0608973	0.429525	0.832039	0.715664
rs887	rs887	1	887	A	C	500	0.147	347	0.152738	153	0.133987	-0.0806448	0.241188	-0.0768259	-0.0158434	0.276712	0.562721	-0.0763267	0.738104	0.977539	0.945259
rs888	rs888	1	888	A	C	500	0.203	347	0.198847	153	0.212418	0.180403	0.202565	0.421474	-0.767674	0.244225	0.434456	-0.0592732	0.373146	0.077232	0.141185
rs889	rs889	1	889	A	C	500	0.204	347	0.200288	153	0.212418	-0.0560484	0.214665	-0.0366506	-0.0615064	0.259494	0.462286	-0.0673989	0.794018	0.894155	0.957972
rs890	rs890	1	890	A	C	500	0.149	347	0.151297	153	0.143791	0.0250575	0.240452	0.110298	-0.274985	0.289379	0.519409	-0.0836286	0.917003	0.596515	0.864528
rs891	rs891	1	891	A	C	500	0.183	347	0.180115	153	0.189542	-0.167877	0.218301	-0.376903	0.685875	0.262013	0.475451	-0.0688918	0.441884	0.149139	0.26284
rs892	rs892	1	892	A	C	500	0.338	347	0.34438	153	0.323529	0.0227594	0.183561	-0.0838737	0.329192	0.223134	0.391641	-0.0496842	0.901325	0.400602	0.697017
rs893	rs893	1	893	A	C	500	0.272	347	0.282421	153	0.248366	-0.162106	0.194159	-0.172008	0.0341375	0.230002	0.425069	-0.0524116	0.403768	0.93599	0.703446
rs894	rs894	1	894	A	C	500	0.252	347	0.246398	153	0.264706	-0.236072	0.194156	-0.151778	-0.230179	0.244236	0.404607	-0.0599511	0.224028	0.569427	0.406159
rs895	rs895	1	895	A	C	500	0.116	347	0.12536	153	0.0947712	-0.276511	0.26595	-0.454511	0.645785	0.312783	0.597288	-0.0983331	0.298474	0.27961	0.324655
rs896	rs896	1	896	A	C	500	0.355	347	0.341499	153	0.385621	0.0634259	0.178217	-0.0686759	0.426184	0.214644	0.385937	-0.0461683	0.721922	0.26947	0.51015
rs897	rs897	1	897	A	C	500	0.206	347	0.20317	153	0.212418	-0.0100552	0.212982	-0.100827	0.317717	0.252014	0.471549	-0.0635277	0.962345	0.500455	0.796044
rs898	rs898	1	898	A	C	500	0.152	347	0.142651	153	0.173203	0.00325492	0.229121	0.00984425	-0.0199927	0.27996	0.488113	-0.0785255	0.988666	0.967328	0.999061
rs899	rs899	1	899	A	C	500	0.173	347	0.178674	153	0.160131	0.329371	0.210752	0.358898	-0.110243	0.246361	0.476337	-0.0607722	0.118091	0.816974	0.287076
rs900	rs900	1	900	A	C	500	0.232	347	0.23487	153	0.22549	0.0847578	0.197147	-0.0428607	0.430283	0.235261	0.432844	-0.0555677	0.667252	0.320182	0.556261
rs901	rs901	1	901	A	C	500	0.24	347	0.246398	153	0.22549	-0.254574	0.198764	-0.125544	-0.423699	0.23839	0.432187	-0.0568823	0.200268	0.326909	0.272324
rs902	rs902	1	902	A	C	500	0.101	347	0.102305	153	0.0980392	0.0354119	0.286563	0.0910588	-0.207668	0.335021	0.64768	-0.112407	0.901652	0.748488	0.942671
rs903	rs903	1	903	A	C	500	0.231	347	0.239193	153	0.212418	-0.221454	0.201475	-0.214797	-0.0207908	0.24457	0.433011	-0.0600347	0.271696	0.961705	0.545947
rs904	rs904	1	904	A	C	500	0.251	347	0.257925	153	0.235294	0.0314839	0.196499	-0.00705196	0.14906	0.228186	0.448715	-0.0520529	0.872705	0.739743	0.934249
rs905	rs905	1	905	A	C	500	0.16	347	0.154179	153	0.173203	0.339602	0.227829	0.21693	0.383229	0.276406	0.488924	-0.0765191	0.136068	0.433145	0.242168
rs906	rs906	1	906	A	C	500	0.184	347	0.188761	153	0.173203	-0.0181992	0.210661	-0.0722178	0.185545	0.250673	0.466668	-0.0634028	0.931156	0.690928	0.92056
rs907	rs907	1	907	A	C	500	0.284	347	0.292507	153	0.264706	-0.143914	0.183121	-0.18396	0.121971	0.223384	0.38966	-0.0498505	0.431929	0.754267	0.699209
rs908	rs908	1	908	A	C	500	0.365	347	0.363112	153	0.369281	-0.0454778	0.176944	-0.0291669	-0.0551881	0.210697	0.387021	-0.0442691	0.797165	0.886608	0.957724
rs909	rs909	1	909	A	C	500	0.162	347	0.15562	153	0.176471	-0.207065	0.235117	-0.339027	0.385752	0.28982	0.495359	-0.0839422	0.378486	0.436138	0.501066
rs910	rs910	1	910	A	C	500	0.227	347	0.244957	153	0.186275	-0.111119	0.201344	-0.244677	0.494272	0.235816	0.454304	-0.0557695	0.581028	0.276606	0.475146
rs911	rs911	1	911	A	C	500	0.311	347	0.311239	153	0.310458	0.203361	0.184436	0.277573	-0.233682	0.223316	0.396469	-0.0499194	0.270198	0.555587	0.457686
rs912	rs912	1	912	A	C	500	0.214	347	0.220461	153	0.199346	0.151238	0.204949	0.154364	-0.0112383	0.241463	0.458912	-0.0585909	0.460558	0.980463	0.761421
rs913	rs913	1	913	A	C	500	0.255	347	0.237752	153	0.294118	-0.177935	0.198307	-0.235421	0.171444	0.243202	0.419881	-0.0591147	0.369574	0.683042	0.615138
rs914	rs914	1	914	A	C	500	0.136	347	0.144092	153	0.117647	-0.186526	0.25426	-0.0361342	-0.568371	0.296312	0.575059	-0.0875018	0.46319	0.322972	0.468825
rs915	rs915	1	915	A	C	500	0.111	347	0.100865	153	0.133987	0.306236	0.257117	0.654217	-0.82367	0.33858	0.521423	-0.114864	0.233638	0.114185	0.141289
rs916	rs916	1	916	A	C	500	0.267	347	0.262248	153	0.277778	-0.00879108	0.188677	0.0207893	-0.0875285	0.231795	0.398422	-0.0536465	0.962837	0.826114	0.975098
rs917	rs917	1	917	A	C	500	0.399	347	0.40634	153	0.382353	0.0663633	0.176528	0.144169	-0.223477	0.218615	0.370397	-0.0477658	0.706964	0.54628	0.77672
rs918	rs918	1	918	A	C	500	0.349	347	0.367435	153	0.30719	-0.216117	0.169049	-0.270033	0.195088	0.19872	0.377974	-0.039483	0.2011	0.605757	0.386593
rs919	rs919	1	919	A	C	500	0.35	347	0.340058	153	0.372549	0.115339	0.178475	0.198925	-0.287533	0.212543	0.397035	-0.045825	0.518118	0.468944	0.624346
rs920	rs920	1	920	A	C	500	0.249	347	0.266571	153	0.20915	0.105915	0.202474	0.221434	-0.42183	0.23757	0.453791	-0.0563934	0.600903	0.352594	0.566166
rs921	rs921	1	921	A	C	500	0.339	347	0.322767	153	0.375817	-0.163096	0.174866	-0.203937	0.127998	0.211858	0.374857	-0.0448353	0.350977	0.732758	0.610634
rs922	rs922	1	922	A	C	500	0.361	347	0.357349	153	0.369281	-0.105695	0.174891	0.0546367	-0.537222	0.208524	0.380496	-0.0432083	0.545611	0.15798	0.307479
rs923	rs923	1	923	A	C	500	0.259	347	0.260807	153	0.254902	-0.00136134	0.183638	-0.104211	0.302825	0.226308	0.389411	-0.0515025	0.994085	0.436775	0.739045
rs924	rs924	1	924	A	C	500	0.374	347	0.364553	153	0.395425	0.112524	0.179719	0.151206	-0.12217	0.217461	0.386695	-0.0473454	0.531242	0.752053	0.781989
rs925	rs925	1	925	A	C	500	0.266	347	0.270893	153	0.254902	-0.102723	0.191879	-0.322995	0.722998	0.230044	0.416512	-0.052854	0.592408	0.0825924	0.192075
rs926	rs926	1	926	A	C	500	0.285	347	0.286744	153	0.281046	0.194437	0.188022	0.150147	0.139567	0.227577	0.404024	-0.0518018	0.301078	0.729762	0.55191
rs927	rs927	1	927	A	C	500	0.142	347	0.138329	153	0.150327	-0.115228	0.254404	0.0999398	-0.638739	0.312854	0.540544	-0.0984272	0.650597	0.23734	0.448999
rs928	rs928	1	928	A	C	500	0.381	347	0.39049	153	0.359477	0.216601	0.173615	0.297917	-0.263562	0.208774	0.375818	-0.043576	0.212181	0.483114	0.3591
rs929	rs929	1	929	A	C	500	0.29	347	0.289625	153	0.29085	-0.123723	0.184507	-0.15111	0.0856098	0.223731	0.395562	-0.0500546	0.502502	0.828656	0.780169
rs930	rs930	1	930	A	C	500	0.191	347	0.198847	153	0.173203	-0.0485437	0.208359	0.0272271	-0.269289	0.245878	0.463968	-0.0605701	0.815776	0.561641	0.822361
rs931	rs931	1	931	A	C	500	0.404	347	0.419308	153	0.369281	0.0452067	0.174734	0.100165	-0.187499	0.20788	0.384199	-0.0432663	0.795853	0.625532	0.858514
rs932	rs932	1	932	A	C	500	0.269	347	0.257925	153	0.294118	0.0492559	0.192845	0.15289	-0.304155	0.23769	0.407805	-0.0566649	0.7984	0.455768	0.732895
rs933	rs933	1	933	A	C	500	0.164	347	0.17147	153	0.147059	-0.0465544	0.230397	0.0792316	-0.424048	0.274646	0.503967	-0.0753391	0.839869	0.400112	0.687695
rs934	rs934	1	934	A	C	500	0.374	347	0.376081	153	0.369281	-0.0160729	0.17417	0.0850434	-0.335095	0.208645	0.380712	-0.0437367	0.926473	0.378762	0.675963
rs935	rs935	1	935	A	C	500	0.4	347	0.404899	153	0.388889	-0.0939875	0.17204	-0.024112	-0.222334	0.207738	0.370485	-0.0431381	0.584851	0.548429	0.719428
rs936	rs936	1	936	A	C	500	0.346	347	0.332853	153	0.375817	0.0122907	0.179748	-0.046628	0.191515	0.216198	0.390496	-0.046912	0.945485	0.623823	0.884615
rs937	rs937	1	937	A	C	500	0.141	347	0.139769	153	0.143791	0.149797	0.241218	-0.141812	0.899825	0.293129	0.513926	-0.0855941	0.534599	0.0799659	0.178063
rs938	rs938	1	938	A	C	500	0.137	347	0.138329	153	0.133987	-0.0717386	0.246879	-0.094544	0.079468	0.291931	0.542913	-0.0845874	0.771371	0.883627	0.948445
rs939	rs939	1	939	A	C	500	0.249	347	0.246398	153	0.254902	-0.370939	0.191703	-0.314027	-0.184653	0.230448	0.414947	-0.0530682	0.0529941	0.656317	0.139308
rs940	rs940	1	940	A	C	500	0.136	347	0.123919	153	0.163399	-0.128073	0.254177	0.143436	-0.869404	0.306365	0.547678	-0.0936727	0.614352	0.112414	0.249844
rs941	rs941	1	941	A	C	500	0.295	347	0.295389	153	0.294118	0.105269	0.185529	0.0116488	0.271667	0.229566	0.392328	-0.0530433	0.570444	0.488655	0.669842
rs942	rs942	1	942	A	C	500	0.128	347	0.126801	153	0.130719	-0.0895539	0.252286	-0.0679865	-0.0644685	0.309367	0.535215	-0.0958312	0.722612	0.904124	0.932155
rs943	rs943	1	943	A	C	500	0.339	347	0.340058	153	0.336601	0.0157391	0.177018	0.132641	-0.365632	0.21445	0.378613	-0.0458319	0.929152	0.334187	0.624843
rs944	rs944	1	944	A	C	500	0.313	347	0.319885	153	0.297386	-0.0856436	0.186711	0.137481	-0.7507	0.222911	0.409698	-0.0498896	0.646452	0.066903	0.16798
rs945	rs945	1	945	A	C	500	0.398	347	0.383285	153	0.431373	0.238369	0.177254	0.218851	0.0614478	0.214582	0.380747	-0.0460475	0.178693	0.871788	0.399615
rs946	rs946	1	946	A	C	500	0.238	347	0.243516	153	0.22549	-0.185423	0.192497	-0.242363	0.193115	0.229306	0.422594	-0.0526569	0.335422	0.64769	0.566466
rs947	rs947	1	947	A	C	500	0.354	347	0.348703	153	0.366013	-0.323976	0.177405	-0.299197	-0.0953232	0.206076	0.403387	-0.0422977	0.0678217	0.813195	0.183525
rs948	rs948	1	948	A	C	500	0.285	347	0.282421	153	0.29085	-0.199365	0.190404	-0.0228074	-0.526947	0.233388	0.402821	-0.054368	0.295069	0.190825	0.245664
rs949	rs949	1	949	A	C	500	0.28	347	0.273775	153	0.294118	-0.159707	0.189399	0.177285	-0.956035	0.235281	0.396009	-0.0552784	0.3991	0.0157708	0.03802
rs950	rs950	1	950	A	C	500	0.354	347	0.342939	153	0.379085	-0.15976	0.181399	0.0610348	-0.715212	0.217751	0.390192	-0.0470013	0.378475	0.0668063	0.126473
rs951	rs951	1	951	A	C	500	0.283	347	0.288184	153	0.271242	-0.0310256	0.180479	-0.11631	0.299508	0.21382	0.402661	-0.046168	0.86351	0.456984	0.747208
rs952	rs952	1	952	A	C	500	0.132	347	0.128242	153	0.140523	-0.0177097	0.24411	0.0168545	-0.121755	0.288499	0.541627	-0.0832798	0.942166	0.822138	0.972487
rs953	rs953	1	953	A	C	500	0.305	347	0.305476	153	0.303922	0.167436	0.186585	0.262281	-0.334874	0.220221	0.413012	-0.0483126	0.369522	0.417475	0.481263
rs954	rs954	1	954	A	C	500	0.194	347	0.190202	153	0.202614	0.278621	0.209952	0.236044	0.117169	0.262974	0.43578	-0.069007	0.184485	0.788028	0.399834
rs955	rs955	1	955	A	C	500	0.196	347	0.206052	153	0.173203	0.0292898	0.220668	-0.00317557	0.13018	0.254588	0.509116	-0.0646411	0.894405	0.798184	0.95935
rs956	rs956	1	956	A	C	500	0.383	347	0.391931	153	0.362745	-0.380703	0.178896	-0.495209	0.405339	0.210506	0.392736	-0.0435721	0.0333315	0.302029	0.0609963
rs957	rs957	1	957	A	C	500	0.282	347	0.28098	153	0.284314	-0.0245683	0.189198	-0.079224	0.184714	0.225472	0.414488	-0.0508346	0.896681	0.655855	0.89787
rs958	rs958	1	958	A	C	500	0.148	347	0.146974	153	0.150327	-0.252403	0.238384	-0.190532	-0.186216	0.291447	0.504655	-0.084617	0.289688	0.712131	0.53333
rs959	rs959	1	959	A	C	500	0.108	347	0.110951	153	0.101307	0.0717144	0.268994	0.167563	-0.296993	0.326913	0.575651	-0.106945	0.789775	0.605907	0.844823
rs960	rs960	1	960	A	C	500	0.318	347	0.322767	153	0.30719	0.0531736	0.186592	0.105897	-0.149445	0.231982	0.390698	-0.0538527	0.775665	0.702085	0.892471
rs961	rs961	1	961	A	C	500	0.314	347	0.302594	153	0.339869	0.0546121	0.175276	0.0319645	0.0713266	0.212018	0.37569	-0.0448156	0.755362	0.849423	0.935604
rs962	rs962	1	962	A	C	500	0.254	347	0.259366	153	0.24183	0.0414205	0.196847	0.106335	-0.208065	0.237262	0.424544	-0.0562329	0.83334	0.62407	0.867419
rs963	rs963	1	963	A	C	500	0.33	347	0.331412	153	0.326797	0.0112	0.176267	0.12288	-0.422674	0.205499	0.399812	-0.042236	0.949337	0.29043	0.570733
rs964	rs964	1	964	A	C	500	0.341	347	0.353026	153	0.313725	-0.113162	0.181233	-0.201758	0.287897	0.217995	0.393669	-0.0476915	0.532366	0.464586	0.629803
rs965	rs965	1	965	A	C	500	0.113	347	0.110951	153	0.117647	0.0811146	0.273396	0.3503	-0.888981	0.326998	0.59245	-0.106283	0.766701	0.133481	0.310433
rs966	rs966	1	966	A	C	500	0.217	347	0.223343	153	0.202614	0.232102	0.205769	0.0694024	0.531218	0.246979	0.44598	-0.060918	0.259331	0.233604	0.260396
rs967	rs967	1	967	A	C	500	0.236	347	0.220461	153	0.271242	-0.20927	0.193343	-0.132958	-0.242462	0.233558	0.416301	-0.054546	0.279085	0.560284	0.469834
rs968	rs968	1	968	A	C	500	0.406	347	0.412104	153	0.392157	0.0702123	0.175291	0.0434199	0.100899	0.204572	0.397171	-0.0418871	0.688754	0.799462	0.893608
rs969	rs969	1	969	A	C	500	0.157	347	0.161383	153	0.147059	-0.0832875	0.229638	0.110248	-0.687317	0.271051	0.511388	-0.0736385	0.716836	0.178941	0.379473
rs970	rs970	1	970	A	C	500	0.307	347	0.295389	153	0.333333	0.22125	0.184587	0.193277	0.0841401	0.225848	0.39143	-0.0509385	0.230674	0.829802	0.476421
rs971	rs971	1	971	A	C	500	0.301	347	0.304035	153	0.294118	-0.0313258	0.188391	0.0366997	-0.207054	0.229619	0.399577	-0.0524554	0.867936	0.604331	0.862361
rs972	rs972	1	972	A	C	500	0.312	347	0.314121	153	0.30719	-0.0862287	0.182536	-0.0388099	-0.174472	0.213943	0.410578	-0.0458159	0.636647	0.670878	0.817205
rs973	rs973	1	973	A	C	500	0.297	347	0.309798	153	0.267974	-0.26938	0.183473	-0.228978	-0.136593	0.218631	0.401982	-0.0477953	0.142044	0.734009	0.321239
rs974	rs974	1	974	A	C	500	0.345	347	0.340058	153	0.356209	-0.134978	0.182611	-0.244581	0.347478	0.22082	0.393616	-0.0488697	0.459813	0.377354	0.515392
rs975	rs975	1	975	A	C	500	0.21	347	0.214697	153	0.199346	0.0724537	0.204443	0.222665	-0.484366	0.246149	0.442041	-0.0605976	0.723042	0.273189	0.515236
rs976	rs976	1	976	A	C	500	0.179	347	0.180115	153	0.176471	0.201428	0.217632	0.117937	0.32861	0.252079	0.500646	-0.0636826	0.354685	0.511586	0.525333
rs977	rs977	1	977	A	C	500	0.18	347	0.17147	153	0.199346	-0.394136	0.221239	-0.536717	0.39713	0.276776	0.463215	-0.0770363	0.0748321	0.39126	0.141654
rs978	rs978	1	978	A	C	500	0.273	347	0.282421	153	0.251634	-0.0337127	0.18323	0.143416	-0.661676	0.214109	0.41378	-0.0458335	0.85402	0.109798	0.273764
rs979	rs979	1	979	A	C	500	0.19	347	0.200288	153	0.166667	0.0276056	0.210407	-0.0245069	0.191668	0.246584	0.472908	-0.0608057	0.895616	0.685259	0.913255
rs980	rs980	1	980	A	C	500	0.181	347	0.194524	153	0.150327	0.0129462	0.220688	-0.0696281	0.293405	0.260028	0.488632	-0.0671955	0.953221	0.548198	0.833602
rs981	rs981	1	981	A	C	500	0.329	347	0.315562	153	0.359477	0.00666913	0.186556	0.0944904	-0.260961	0.228689	0.393038	-0.0519869	0.971483	0.506717	0.801669
rs982	rs982	1	982	A	C	500	0.258	347	0.266571	153	0.238562	0.119303	0.198899	0.25373	-0.469652	0.235255	0.438939	-0.0551463	0.548627	0.284633	0.471277
rs983	rs983	1	983	A	C	500	0.378	347	0.357349	153	0.424837	-0.0500865	0.173646	0.0417529	-0.29175	0.209679	0.373347	-0.0438778	0.77301	0.434542	0.706858
rs984	rs984	1	984	A	C	500	0.347	347	0.345821	153	0.349673	-0.211791	0.177658	-0.268706	0.188948	0.212439	0.386695	-0.045043	0.233212	0.625109	0.436068
rs985	rs985	1	985	A	C	500	0.347	347	0.331412	153	0.382353	-0.155254	0.174513	0.00150963	-0.440057	0.217545	0.364613	-0.0473588	0.373659	0.227465	0.32496
rs986	rs986	1	986	A	C	500	0.217	347	0.216138	153	0.218954	-0.0560898	0.201433	-0.306662	0.772869	0.245012	0.430223	-0.0600088	0.780664	0.0724248	0.191596
rs987	rs987	1	987	A	C	500	0.383	347	0.378963	153	0.392157	0.0292315	0.176748	0.0136356	0.0539796	0.20967	0.390383	-0.0440315	0.868641	0.890024	0.977032
rs988	rs988	1	988	A	C	500	0.161	347	0.165706	153	0.150327	-0.069978	0.220373	0.0179285	-0.285183	0.264863	0.476658	-0.0700345	0.750831	0.549642	0.795013
rs989	rs989	1	989	A	C	500	0.122	347	0.119597	153	0.127451	-0.00188448	0.257193	0.134367	-0.37768	0.321466	0.534576	-0.103094	0.994154	0.479874	0.779111
rs990	rs990	1	990	A	C	500	0.26	347	0.266571	153	0.245098	0.274641	0.195879	0.295286	-0.0678404	0.234683	0.424751	-0.0549023	0.160887	0.873103	0.369469
rs991	rs991	1	991	A	C	500	0.137	347	0.14121	153	0.127451	0.0276583	0.255699	0.0902594	-0.229074	0.300233	0.575771	-0.0905953	0.913863	0.690736	0.918517
rs992	rs992	1	992	A	C	500	0.227	347	0.226225	153	0.228758	0.0583782	0.197535	0.128755	-0.204594	0.243933	0.41607	-0.0595479	0.767586	0.62291	0.848259
rs993	rs993	1	993	A	C	500	0.257	347	0.262248	153	0.245098	-0.0266422	0.198436	0.101002	-0.467651	0.232584	0.444478	-0.0539239	0.893196	0.292738	0.569779
rs994	rs994	1	994	A	C	500	0.322	347	0.324207	153	0.316993	-0.0942494	0.185581	-0.119447	0.0841294	0.221874	0.406014	-0.0493739	0.61155	0.835847	0.860338
rs995	rs995	1	995	A	C	500	0.314	347	0.318444	153	0.303922	-0.00680048	0.193168	0.0240845	-0.105395	0.229439	0.42249	-0.0523072	0.971916	0.803004	0.968763
rs996	rs996	1	996	A	C	500	0.155	347	0.149856	153	0.166667	0.155726	0.227535	0.139545	0.0424636	0.289554	0.469968	-0.0841614	0.49372	0.928006	0.787977
rs997	rs997	1	997	A	C	500	0.412	347	0.413545	153	0.408497	-0.0722994	0.166243	-0.1475	0.247272	0.199312	0.361528	-0.0397493	0.663634	0.493998	0.720023
rs998	rs998	1	998	A	C	500	0.178	347	0.198847	153	0.130719	0.00618649	0.221839	0.0355807	-0.119372	0.255419	0.514105	-0.0650827	0.977752	0.816388	0.973025
rs999	rs999	1	999	A	C	500	0.35	347	0.341499	153	0.369281	-0.0522244	0.18116	-0.114174	0.179949	0.223466	0.380053	-0.0497248	0.773134	0.635867	0.857576
rs1000	rs1000	1	1000	A	C	500	0.138	347	0.138329	153	0.137255	-0.131617	0.23293	0.103952	-0.721925	0.283815	0.496946	-0.0805832	0.572039	0.1463	0.296756
