SNPID	RSID	CHR	POS	Non_Effect_Allele	Effect_Allele	N_Samples	AF	N_cov1_0	AF_cov1_0	N_cov1_1	AF_cov1_1	Beta_Marginal	SE_Beta_Marginal	Beta_G	Beta_G-cov1	SE_Beta_G	SE_Beta_G-cov1	Cov_Beta_G_G-cov1	P_Value_Marginal	P_Value_Interaction	P_Value_Joint
rs1	rs1	1	1	A	C	500	0.338	223	0.304933	277	0.364621	0.0118447	0.0912706	0.0601196	-0.0834614	0.140528	0.184739	-0.0197402	0.896744	0.651427	0.89541
rs2	rs2	1	2	A	C	500	0.379	223	0.340807	277	0.409747	-0.0704735	0.082066	-0.126502	0.100195	0.123591	0.165258	-0.0152716	0.390483	0.544318	0.5755
rs3	rs3	1	3	A	C	500	0.363	223	0.345291	277	0.377256	0.155973	0.0875806	0.12236	0.059611	0.132595	0.176557	-0.0175771	0.0749277	0.735642	0.193435
rs4	rs4	1	4	A	C	500	0.366	223	0.363229	277	0.368231	-0.0347532	0.0822149	0.02904	-0.114979	0.123204	0.165387	-0.0151759	0.672505	0.48692	0.718201
rs5	rs5	1	5	A	C	500	0.239	223	0.224215	277	0.250903	0.0490584	0.10055	0.105099	-0.109173	0.144178	0.201297	-0.0208	0.625621	0.58758	0.766368
rs6	rs6	1	6	A	C	500	0.138	223	0.132287	277	0.142599	0.272588	0.120999	0.266941	0.010453	0.178378	0.242641	-0.0318016	0.0242714	0.965638	0.0789852
rs7	rs7	1	7	A	C	500	0.189	223	0.190583	277	0.187726	-0.154814	0.107013	-0.142013	-0.0225824	0.162651	0.216088	-0.0264683	0.147986	0.916768	0.349271
rs8	rs8	1	8	A	C	500	0.256	223	0.235426	277	0.272563	-0.0805606	0.0894325	-0.152146	0.128589	0.134293	0.179957	-0.0180283	0.367696	0.474884	0.516328
rs9	rs9	1	9	A	C	500	0.304	223	0.313901	277	0.296029	-0.0959582	0.0884761	-0.0722163	-0.0427211	0.132593	0.177702	-0.0175493	0.278114	0.810014	0.539539
rs10	rs10	1	10	A	C	500	0.408	223	0.401345	277	0.413357	-0.018393	0.0821681	0.0564024	-0.135068	0.123	0.165284	-0.0151281	0.822877	0.413822	0.698409
rs11	rs11	1	11	A	C	500	0.112	223	0.112108	277	0.111913	0.0211968	0.127597	-0.0976001	0.204508	0.197201	0.258839	-0.0389183	0.868061	0.429471	0.721859
rs12	rs12	1	12	A	C	500	0.128	223	0.123318	277	0.131769	-0.150082	0.128142	-0.102648	-0.076921	0.207155	0.263951	-0.0429621	0.241514	0.770729	0.482714
rs13	rs13	1	13	A	C	500	0.339	223	0.347534	277	0.33213	0.0762832	0.0890067	0.0423641	0.0606357	0.134212	0.179574	-0.0180387	0.391417	0.735617	0.654244
rs14	rs14	1	14	A	C	500	0.098	223	0.0986547	277	0.0974729	0.0134584	0.13944	-0.303403	0.477075	0.240585	0.295187	-0.057873	0.92311	0.106056	0.269638
rs15	rs15	1	15	A	C	500	0.209	223	0.210762	277	0.207581	0.0175585	0.103136	0.010593	0.0128588	0.152364	0.207039	-0.0232195	0.864817	0.950477	0.983714
rs16	rs16	1	16	A	C	500	0.229	223	0.235426	277	0.223827	0.054825	0.0987588	0.0176051	0.06538	0.15053	0.199555	-0.0226703	0.578799	0.743193	0.812402
rs17	rs17	1	17	A	C	500	0.238	223	0.23991	277	0.236462	0.0721231	0.0976588	0.0676806	0.00771589	0.150067	0.197898	-0.022549	0.460198	0.968899	0.760738
rs18	rs18	1	18	A	C	500	0.225	223	0.224215	277	0.225632	-0.0676073	0.100006	-0.0360077	-0.0569016	0.149969	0.20124	-0.0224898	0.499018	0.777365	0.764536
rs19	rs19	1	19	A	C	500	0.159	223	0.139013	277	0.17509	-0.0314456	0.114613	0.135066	-0.302035	0.171131	0.230515	-0.0292943	0.783805	0.190106	0.408185
rs20	rs20	1	20	A	C	500	0.392	223	0.41704	277	0.371841	-0.105736	0.0852398	-0.0735901	-0.0580444	0.127646	0.171562	-0.0163009	0.214807	0.735116	0.437536
rs21	rs21	1	21	A	C	500	0.251	223	0.237668	277	0.261733	-0.107304	0.0953282	-0.135058	0.0499985	0.142936	0.19187	-0.0204349	0.260323	0.794412	0.513003
rs22	rs22	1	22	A	C	500	0.235	223	0.248879	277	0.223827	0.062484	0.0979736	0.074274	-0.0199651	0.153073	0.199164	-0.0234242	0.523627	0.92015	0.811886
rs23	rs23	1	23	A	C	500	0.387	223	0.390135	277	0.384477	-0.0188262	0.0849579	0.0398512	-0.108104	0.125627	0.170497	-0.0157784	0.824629	0.526047	0.798067
rs24	rs24	1	24	A	C	500	0.289	223	0.286996	277	0.290614	0.14617	0.0919147	0.217945	-0.138616	0.132274	0.183703	-0.0174741	0.111773	0.450511	0.212425
rs25	rs25	1	25	A	C	500	0.281	223	0.244395	277	0.310469	0.00860765	0.0903897	-0.0347622	0.0791947	0.134285	0.181339	-0.0180084	0.924134	0.662313	0.90493
rs26	rs26	1	26	A	C	500	0.198	223	0.179372	277	0.212996	-0.054728	0.105471	-0.132163	0.141696	0.156694	0.212051	-0.0245731	0.603837	0.503995	0.699157
rs27	rs27	1	27	A	C	500	0.294	223	0.273543	277	0.310469	0.0202497	0.0910637	-0.0233806	0.0809254	0.134082	0.182539	-0.0179645	0.824027	0.657526	0.884268
rs28	rs28	1	28	A	C	500	0.278	223	0.298206	277	0.261733	-0.028512	0.091664	-0.105532	0.128841	0.144541	0.18695	-0.020893	0.755763	0.490714	0.751371
rs29	rs29	1	29	A	C	500	0.165	223	0.154709	277	0.173285	0.0180877	0.108672	0.132149	-0.191376	0.17109	0.221716	-0.0292984	0.867808	0.38805	0.679517
rs30	rs30	1	30	A	C	500	0.238	223	0.244395	277	0.232852	-0.12538	0.0958817	-0.198727	0.125547	0.148673	0.194489	-0.0220986	0.19099	0.51859	0.345304
rs31	rs31	1	31	A	C	500	0.32	223	0.302691	277	0.333935	0.0126752	0.0931131	0.010519	0.00382859	0.140878	0.187717	-0.0198453	0.891721	0.983728	0.990571
rs32	rs32	1	32	A	C	500	0.1	223	0.103139	277	0.0974729	0.0982892	0.138682	0.109529	-0.0220487	0.198021	0.277286	-0.0391943	0.478486	0.936622	0.775445
rs33	rs33	1	33	A	C	500	0.129	223	0.130045	277	0.128159	0.0380015	0.123681	0.050114	-0.0233619	0.178259	0.247594	-0.0317839	0.75865	0.924827	0.949657
rs34	rs34	1	34	A	C	500	0.286	223	0.295964	277	0.277978	0.0671867	0.0897903	0.0197084	0.0847933	0.13536	0.180901	-0.0183237	0.454302	0.639264	0.677191
rs35	rs35	1	35	A	C	500	0.216	223	0.233184	277	0.202166	0.17084	0.0989624	0.0537407	0.201776	0.15289	0.200815	-0.0234031	0.0842921	0.314999	0.136032
rs36	rs36	1	36	A	C	500	0.208	223	0.219731	277	0.198556	0.207124	0.103096	0.178794	0.049769	0.157086	0.208207	-0.0246769	0.0445331	0.811078	0.129162
rs37	rs37	1	37	A	C	500	0.356	223	0.327354	277	0.379061	0.0594762	0.0866673	0.0370041	0.0426732	0.125985	0.173637	-0.0158772	0.49255	0.805867	0.766688
rs38	rs38	1	38	A	C	500	0.4	223	0.392377	277	0.406137	-0.007774	0.0840115	0.0747769	-0.154195	0.123289	0.168546	-0.0152085	0.926273	0.360267	0.655234
rs39	rs39	1	39	A	C	500	0.287	223	0.289238	277	0.285199	0.04334	0.0894145	0.0141701	0.0560615	0.129162	0.179136	-0.016697	0.627883	0.754315	0.846672
rs40	rs40	1	40	A	C	500	0.14	223	0.134529	277	0.144404	-0.0537077	0.118302	-0.141984	0.172874	0.169131	0.236707	-0.0286112	0.649837	0.465189	0.690911
rs41	rs41	1	41	A	C	500	0.329	223	0.300448	277	0.351986	0.0178857	0.0838326	-0.0320436	0.0893003	0.126313	0.168985	-0.0159662	0.831053	0.597187	0.850111
rs42	rs42	1	42	A	C	500	0.209	223	0.195067	277	0.220217	-0.0715371	0.102118	-0.0500226	-0.0379638	0.155188	0.2062	-0.0240958	0.483593	0.853926	0.769263
rs43	rs43	1	43	A	C	500	0.387	223	0.432735	277	0.350181	-0.0342858	0.0857124	-0.206593	0.293969	0.133121	0.173774	-0.0176999	0.68915	0.0907078	0.220714
rs44	rs44	1	44	A	C	500	0.329	223	0.320628	277	0.33574	-0.0431795	0.0893991	0.0996662	-0.251199	0.136153	0.180586	-0.0185445	0.629098	0.164218	0.338201
rs45	rs45	1	45	A	C	500	0.173	223	0.161435	277	0.18231	0.0385343	0.110376	-0.00429595	0.0727125	0.172277	0.224561	-0.0297037	0.726999	0.746091	0.892825
rs46	rs46	1	46	A	C	500	0.19	223	0.165919	277	0.209386	-0.00635231	0.10482	0.116892	-0.199101	0.169665	0.21553	-0.0287546	0.951676	0.355603	0.651474
rs47	rs47	1	47	A	C	500	0.141	223	0.150224	277	0.133574	-0.14543	0.119357	-0.133058	-0.0267498	0.162769	0.239281	-0.0264811	0.223056	0.910988	0.473052
rs48	rs48	1	48	A	C	500	0.11	223	0.112108	277	0.108303	-0.0697912	0.137238	0.0119828	-0.146456	0.206418	0.27615	-0.0425795	0.611073	0.595871	0.763424
rs49	rs49	1	49	A	C	500	0.12	223	0.11435	277	0.124549	0.0487123	0.126006	-0.0138006	0.121876	0.180611	0.252267	-0.0326419	0.699061	0.62901	0.825779
rs50	rs50	1	50	A	C	500	0.278	223	0.280269	277	0.276173	0.0263503	0.0922867	-0.02688	0.098942	0.135747	0.185042	-0.0184212	0.775241	0.592857	0.832173
rs51	rs51	1	51	A	C	500	0.369	223	0.349776	277	0.384477	0.0140967	0.0828253	-0.00132725	0.0279682	0.123694	0.166589	-0.0153047	0.864854	0.866672	0.971828
rs52	rs52	1	52	A	C	500	0.356	223	0.347534	277	0.362816	0.144927	0.0841644	0.0815932	0.107792	0.131014	0.170883	-0.0171574	0.0850772	0.528175	0.186091
rs53	rs53	1	53	A	C	500	0.187	223	0.183857	277	0.189531	-0.0381892	0.107663	-0.0377861	-0.000665272	0.171514	0.220328	-0.0294167	0.722805	0.997591	0.939023
rs54	rs54	1	54	A	C	500	0.145	223	0.141256	277	0.148014	0.147306	0.116462	0.174605	-0.0460048	0.182656	0.237129	-0.0333669	0.205927	0.84617	0.440989
rs55	rs55	1	55	A	C	500	0.337	223	0.32287	277	0.348375	0.116116	0.0869779	0.121812	-0.0112714	0.123741	0.174176	-0.0153302	0.181875	0.948403	0.409338
rs56	rs56	1	56	A	C	500	0.26	223	0.242152	277	0.274368	0.00161575	0.0926878	0.0747224	-0.139879	0.134104	0.185437	-0.0179719	0.986092	0.450655	0.752274
rs57	rs57	1	57	A	C	500	0.333	223	0.336323	277	0.330325	-0.101045	0.0940057	-0.0311805	-0.114933	0.150027	0.192349	-0.0224901	0.282427	0.550157	0.469445
rs58	rs58	1	58	A	C	500	0.141	223	0.150224	277	0.133574	-0.225042	0.120429	-0.316545	0.15309	0.189812	0.245466	-0.0360138	0.0616685	0.532843	0.143639
rs59	rs59	1	59	A	C	500	0.225	223	0.210762	277	0.236462	-0.0226937	0.100816	-0.15946	0.216193	0.166259	0.208983	-0.0276285	0.821901	0.300902	0.570963
rs60	rs60	1	60	A	C	500	0.168	223	0.163677	277	0.17148	0.195047	0.110773	0.133147	0.128061	0.154182	0.221871	-0.0237943	0.0782764	0.563812	0.179651
rs61	rs61	1	61	A	C	500	0.351	223	0.365471	277	0.33935	0.112409	0.0843576	0.152008	-0.0703687	0.12757	0.17006	-0.0162743	0.182685	0.67903	0.377783
rs62	rs62	1	62	A	C	500	0.177	223	0.174888	277	0.1787	0.119261	0.11377	0.284856	-0.311352	0.166228	0.227869	-0.0276163	0.294517	0.171825	0.226977
rs63	rs63	1	63	A	C	500	0.39	223	0.378924	277	0.398917	0.111844	0.0865531	0.145719	-0.0596316	0.131682	0.174697	-0.0173371	0.196289	0.732846	0.409367
rs64	rs64	1	64	A	C	500	0.29	223	0.309417	277	0.274368	0.111877	0.0926928	0.130471	-0.0360245	0.133176	0.185262	-0.0177156	0.227447	0.845822	0.473652
rs65	rs65	1	65	A	C	500	0.379	223	0.392377	277	0.368231	-0.0326307	0.0839843	-0.0620783	0.049886	0.131321	0.171023	-0.0172655	0.697621	0.770522	0.888677
rs66	rs66	1	66	A	C	500	0.17	223	0.159193	277	0.1787	0.0277392	0.113777	0.0429724	-0.0283678	0.167247	0.228277	-0.0279826	0.807383	0.901102	0.963251
rs67	rs67	1	67	A	C	500	0.389	223	0.396861	277	0.382671	-0.0451997	0.0872899	-0.0841878	0.0677012	0.134091	0.176752	-0.0179914	0.60459	0.701698	0.812678
rs68	rs68	1	68	A	C	500	0.14	223	0.14574	277	0.135379	-0.184558	0.11963	0.0208602	-0.352853	0.185149	0.242733	-0.0343007	0.122893	0.146038	0.105758
rs69	rs69	1	69	A	C	500	0.259	223	0.26009	277	0.258123	-0.0338192	0.0914241	0.0257862	-0.104396	0.139602	0.184778	-0.0194941	0.711446	0.572087	0.796108
rs70	rs70	1	70	A	C	500	0.354	223	0.367713	277	0.34296	0.0294809	0.0867865	-0.0211625	0.0883277	0.132876	0.175491	-0.0176576	0.734087	0.61474	0.831636
rs71	rs71	1	71	A	C	500	0.3	223	0.284753	277	0.312274	-0.0619807	0.0902853	-0.0518687	-0.0189214	0.132206	0.180712	-0.0174525	0.492399	0.91661	0.785746
rs72	rs72	1	72	A	C	500	0.289	223	0.298206	277	0.281588	0.0715742	0.0938231	-0.0628843	0.229107	0.145974	0.190548	-0.0213088	0.445545	0.229225	0.362833
rs73	rs73	1	73	A	C	500	0.186	223	0.188341	277	0.184116	0.0247899	0.1067	0.06964	-0.0781422	0.16348	0.215799	-0.0267285	0.81628	0.717272	0.911604
rs74	rs74	1	74	A	C	500	0.2	223	0.190583	277	0.207581	0.0967684	0.10401	0.0934758	0.00573974	0.159312	0.210365	-0.0253857	0.352177	0.978233	0.648449
rs75	rs75	1	75	A	C	500	0.115	223	0.112108	277	0.117329	0.00397275	0.135396	-0.0187903	0.0448705	0.192847	0.270692	-0.0371724	0.976592	0.868344	0.985931
rs76	rs76	1	76	A	C	500	0.266	223	0.257848	277	0.272563	-0.0333958	0.0946362	-0.16449	0.237275	0.141461	0.190304	-0.0200092	0.724174	0.212463	0.431907
rs77	rs77	1	77	A	C	500	0.413	223	0.394619	277	0.427798	0.054704	0.0823118	0.192245	-0.246862	0.123662	0.165642	-0.0152868	0.50631	0.136135	0.264108
rs78	rs78	1	78	A	C	500	0.289	223	0.2713	277	0.303249	0.0189767	0.0891802	0.118769	-0.183957	0.13178	0.178846	-0.0173516	0.831491	0.303678	0.576013
rs79	rs79	1	79	A	C	500	0.254	223	0.246637	277	0.259928	0.0065826	0.0973102	-0.00740544	0.0255883	0.144476	0.19535	-0.0208613	0.946068	0.895786	0.989192
rs80	rs80	1	80	A	C	500	0.141	223	0.163677	277	0.122744	-0.0276237	0.120753	-0.106361	0.149374	0.175572	0.24179	-0.0308167	0.819054	0.536719	0.804935
rs81	rs81	1	81	A	C	500	0.356	223	0.331839	277	0.375451	-0.0718439	0.0880253	-0.0336903	-0.0671079	0.134074	0.177877	-0.0179888	0.414401	0.705972	0.667487
rs82	rs82	1	82	A	C	500	0.248	223	0.248879	277	0.247292	-0.00397714	0.0934984	-0.0967935	0.164344	0.141713	0.18856	-0.0200802	0.966071	0.38344	0.683364
rs83	rs83	1	83	A	C	500	0.105	223	0.109865	277	0.101083	0.0380092	0.131409	0.271999	-0.4071	0.201599	0.265992	-0.0406662	0.772395	0.125894	0.297293
rs84	rs84	1	84	A	C	500	0.109	223	0.0941704	277	0.120939	0.0951071	0.134104	-0.0502249	0.258081	0.202799	0.270155	-0.0410988	0.478197	0.339421	0.49273
rs85	rs85	1	85	A	C	500	0.15	223	0.168161	277	0.135379	0.0494708	0.116423	-0.0272328	0.138134	0.174549	0.234206	-0.0304586	0.670892	0.555326	0.767812
rs86	rs86	1	86	A	C	500	0.179	223	0.17713	277	0.180505	0.0426949	0.107208	-0.118857	0.281154	0.164375	0.216846	-0.0270192	0.690452	0.194783	0.398587
rs87	rs87	1	87	A	C	500	0.303	223	0.311659	277	0.296029	-0.0180119	0.0885903	-0.099823	0.148386	0.132286	0.178187	-0.0175055	0.838887	0.404985	0.692528
rs88	rs88	1	88	A	C	500	0.243	223	0.26009	277	0.229242	0.0176519	0.0933976	0.0471162	-0.0524292	0.141153	0.188325	-0.0199314	0.850095	0.780708	0.94496
rs89	rs89	1	89	A	C	500	0.307	223	0.275785	277	0.33213	-0.105351	0.0903877	-0.0846282	-0.0378107	0.134564	0.181892	-0.0181322	0.2438	0.835327	0.496164
rs90	rs90	1	90	A	C	500	0.113	223	0.103139	277	0.120939	-0.0497745	0.127434	-0.120488	0.125894	0.192602	0.257112	-0.0371314	0.696099	0.624383	0.821882
rs91	rs91	1	91	A	C	500	0.39	223	0.394619	277	0.386282	-0.0284719	0.0852449	-0.079483	0.0926152	0.127209	0.171431	-0.0161868	0.738379	0.589026	0.81733
rs92	rs92	1	92	A	C	500	0.328	223	0.356502	277	0.305054	-0.10012	0.0877343	-0.00855668	-0.159711	0.134443	0.17769	-0.0181014	0.253797	0.368748	0.348164
rs93	rs93	1	93	A	C	500	0.117	223	0.109865	277	0.122744	0.0112343	0.132407	-0.0471681	0.0985455	0.207346	0.269241	-0.0429612	0.932383	0.714356	0.931851
rs94	rs94	1	94	A	C	500	0.281	223	0.309417	277	0.258123	0.0688475	0.0960555	0.129779	-0.115257	0.139926	0.192466	-0.0195831	0.47353	0.549279	0.646509
rs95	rs95	1	95	A	C	500	0.318	223	0.307175	277	0.326715	-0.0702337	0.0917358	-0.0817806	0.021655	0.134323	0.184011	-0.0180549	0.443909	0.906319	0.740816
rs96	rs96	1	96	A	C	500	0.272	223	0.251121	277	0.288809	-0.0116426	0.0910041	0.0142883	-0.047181	0.135432	0.182494	-0.0183041	0.8982	0.795995	0.95925
rs97	rs97	1	97	A	C	500	0.303	223	0.295964	277	0.308664	-0.0474697	0.0939227	-0.129585	0.151698	0.138664	0.188452	-0.0192241	0.613269	0.420837	0.636539
rs98	rs98	1	98	A	C	500	0.333	223	0.329596	277	0.33574	-0.0279814	0.0896976	0.0325618	-0.100934	0.141791	0.183075	-0.0201042	0.755076	0.58141	0.818209
rs99	rs99	1	99	A	C	500	0.125	223	0.123318	277	0.126354	-0.112861	0.129321	-0.0934527	-0.0371554	0.187101	0.258859	-0.0350014	0.382816	0.885867	0.676298
rs100	rs100	1	100	A	C	500	0.209	223	0.183857	277	0.229242	-0.0512624	0.102522	0.139079	-0.33487	0.156034	0.206941	-0.0243417	0.617066	0.105621	0.238287
rs101	rs101	1	101	A	C	500	0.374	223	0.390135	277	0.361011	-0.0445408	0.083872	0.0456229	-0.153527	0.130529	0.170304	-0.0170332	0.595379	0.367329	0.57848
rs102	rs102	1	102	A	C	500	0.361	223	0.374439	277	0.350181	-0.0399776	0.0833095	-0.0933268	0.0943866	0.126266	0.167867	-0.0159275	0.631321	0.573932	0.760933
rs103	rs103	1	103	A	C	500	0.179	223	0.174888	277	0.18231	0.108335	0.107259	0.156883	-0.0969711	0.151771	0.214479	-0.0230302	0.312482	0.651179	0.54211
rs104	rs104	1	104	A	C	500	0.284	223	0.298206	277	0.272563	0.0373655	0.0894463	-0.0061863	0.0752325	0.137853	0.181197	-0.0190066	0.676135	0.677998	0.840761
rs105	rs105	1	105	A	C	500	0.232	223	0.23991	277	0.225632	0.0931295	0.0991145	0.0667408	0.0456409	0.152623	0.200734	-0.0232973	0.347415	0.820136	0.626701
rs106	rs106	1	106	A	C	500	0.214	223	0.217489	277	0.211191	-0.0807142	0.0979362	-0.0751482	-0.00957563	0.151354	0.198526	-0.0229094	0.409854	0.96153	0.711219
rs107	rs107	1	107	A	C	500	0.269	223	0.257848	277	0.277978	-0.0670046	0.0949911	-0.0729275	0.0102508	0.146194	0.19233	-0.0213731	0.480575	0.957494	0.778646
rs108	rs108	1	108	A	C	500	0.122	223	0.116592	277	0.126354	-0.0485816	0.128505	-0.0460336	-0.00494697	0.184682	0.257525	-0.0341585	0.705392	0.984674	0.93086
rs109	rs109	1	109	A	C	500	0.142	223	0.134529	277	0.148014	-0.118968	0.120475	-0.081298	-0.0810953	0.164462	0.24101	-0.026982	0.3234	0.736508	0.580315
rs110	rs110	1	110	A	C	500	0.407	223	0.428251	277	0.389892	0.0192388	0.0842649	-0.108008	0.229899	0.126117	0.169533	-0.0159082	0.819403	0.175078	0.388477
rs111	rs111	1	111	A	C	500	0.38	223	0.365471	277	0.391697	-0.0503069	0.0870962	-0.124154	0.127792	0.134094	0.176438	-0.0179893	0.563533	0.46889	0.65109
rs112	rs112	1	112	A	C	500	0.234	223	0.210762	277	0.252708	0.109079	0.0961913	0.0584869	0.097376	0.138708	0.192349	-0.0192225	0.256804	0.612684	0.462506
rs113	rs113	1	113	A	C	500	0.229	223	0.226457	277	0.231047	-0.145926	0.102138	-0.147128	0.0020081	0.161231	0.20837	-0.0259946	0.153088	0.992311	0.36036
rs114	rs114	1	114	A	C	500	0.215	223	0.197309	277	0.229242	-0.0614246	0.102955	-0.156783	0.185405	0.147683	0.205863	-0.0217968	0.550762	0.367788	0.55792
rs115	rs115	1	115	A	C	500	0.259	223	0.2713	277	0.249097	-0.0442439	0.0943664	0.0304709	-0.145361	0.135343	0.188755	-0.0183129	0.639175	0.441238	0.666016
rs116	rs116	1	116	A	C	500	0.407	223	0.392377	277	0.418773	-0.0137386	0.0836398	0.0190083	-0.0553309	0.131044	0.170453	-0.0171954	0.869527	0.745476	0.935966
rs117	rs117	1	117	A	C	500	0.158	223	0.150224	277	0.16426	-0.030734	0.113464	0.0418967	-0.119599	0.180965	0.23214	-0.032726	0.786491	0.606413	0.84417
rs118	rs118	1	118	A	C	500	0.274	223	0.257848	277	0.287004	-0.0125206	0.0972555	0.111962	-0.221937	0.146611	0.195598	-0.0214589	0.897564	0.256518	0.520995
rs119	rs119	1	119	A	C	500	0.299	223	0.280269	277	0.314079	-0.014424	0.0872608	0.0377512	-0.0966945	0.128549	0.174938	-0.0165132	0.868709	0.580444	0.846691
rs120	rs120	1	120	A	C	500	0.342	223	0.320628	277	0.359206	0.0165711	0.0844594	0.00596934	0.0181908	0.130793	0.171354	-0.0171127	0.844452	0.915456	0.975424
rs121	rs121	1	121	A	C	500	0.341	223	0.325112	277	0.353791	-0.0706648	0.0907588	-0.0780277	0.0128467	0.138848	0.183339	-0.0192651	0.436215	0.944137	0.736708
rs122	rs122	1	122	A	C	500	0.248	223	0.257848	277	0.240072	-0.0346357	0.0947075	0.0416725	-0.138828	0.141044	0.190148	-0.0198737	0.71458	0.465327	0.716485
rs123	rs123	1	123	A	C	500	0.252	223	0.221973	277	0.276173	-0.0379915	0.0971053	-0.186092	0.273338	0.143404	0.194757	-0.0205516	0.69562	0.160474	0.345967
rs124	rs124	1	124	A	C	500	0.298	223	0.280269	277	0.312274	0.0541808	0.0935169	0.138614	-0.156598	0.137737	0.187553	-0.0189661	0.56234	0.403745	0.59666
rs125	rs125	1	125	A	C	500	0.365	223	0.347534	277	0.379061	-0.0752998	0.0895844	-0.0461138	-0.0498697	0.13914	0.181913	-0.0193672	0.400602	0.783977	0.676492
rs126	rs126	1	126	A	C	500	0.287	223	0.313901	277	0.265343	0.00971622	0.0932794	-0.0215055	0.0619869	0.132422	0.186611	-0.01754	0.91704	0.739759	0.941205
rs127	rs127	1	127	A	C	500	0.388	223	0.381166	277	0.393502	0.0234115	0.0889035	0.011103	0.0208986	0.138704	0.180768	-0.0192455	0.792292	0.907961	0.959488
rs128	rs128	1	128	A	C	500	0.345	223	0.318386	277	0.366426	0.0097329	0.0896448	-0.0557141	0.115727	0.136141	0.181178	-0.0185637	0.913542	0.522986	0.81067
rs129	rs129	1	129	A	C	500	0.206	223	0.219731	277	0.194946	-0.0276839	0.101644	0.0395751	-0.123042	0.150972	0.204211	-0.0227958	0.785344	0.546825	0.803636
rs130	rs130	1	130	A	C	500	0.342	223	0.325112	277	0.355596	-0.0085439	0.0870281	0.0262993	-0.0637901	0.129181	0.174779	-0.0166857	0.921794	0.71513	0.931068
rs131	rs131	1	131	A	C	500	0.284	223	0.242152	277	0.31769	-0.100128	0.0903622	-0.111364	0.0198587	0.137142	0.182332	-0.0188099	0.267828	0.91327	0.538025
rs132	rs132	1	132	A	C	500	0.231	223	0.221973	277	0.238267	-0.0947722	0.0985232	-0.0685703	-0.0489561	0.14452	0.19755	-0.0208872	0.336086	0.804277	0.610572
rs133	rs133	1	133	A	C	500	0.161	223	0.172646	277	0.151625	-0.098949	0.111257	-0.0686413	-0.0503601	0.176277	0.227197	-0.031065	0.373802	0.82458	0.657008
rs134	rs134	1	134	A	C	500	0.356	223	0.345291	277	0.364621	-0.114122	0.084598	-0.0459567	-0.12186	0.12753	0.170604	-0.016281	0.17734	0.475052	0.311926
rs135	rs135	1	135	A	C	500	0.292	223	0.2713	277	0.308664	-0.0422028	0.0906694	0.177469	-0.383421	0.138718	0.183243	-0.0192376	0.641604	0.0364006	0.100515
rs136	rs136	1	136	A	C	500	0.35	223	0.378924	277	0.326715	-0.01113	0.0868484	0.0820772	-0.166355	0.130962	0.174949	-0.0171489	0.898027	0.341667	0.631098
rs137	rs137	1	137	A	C	500	0.134	223	0.112108	277	0.151625	-0.000845761	0.120071	0.0730297	-0.128086	0.184655	0.243232	-0.0341223	0.99438	0.59847	0.870507
rs138	rs138	1	138	A	C	500	0.104	223	0.109865	277	0.099278	-0.0133242	0.132387	-0.116145	0.178049	0.203666	0.268005	-0.0414791	0.919831	0.506468	0.797923
rs139	rs139	1	139	A	C	500	0.271	223	0.262332	277	0.277978	-0.0629908	0.0959289	-0.0903148	0.0525113	0.138587	0.192217	-0.0192254	0.511412	0.784709	0.776542
rs140	rs140	1	140	A	C	500	0.321	223	0.360987	277	0.288809	-0.0105771	0.0873141	-0.0985582	0.159073	0.13053	0.175429	-0.0170214	0.903582	0.36453	0.658065
rs141	rs141	1	141	A	C	500	0.314	223	0.320628	277	0.308664	0.111797	0.0878397	0.145858	-0.0651611	0.127108	0.175756	-0.0161473	0.203112	0.710826	0.415341
rs142	rs142	1	142	A	C	500	0.169	223	0.154709	277	0.180505	0.0809029	0.117258	0.00233503	0.136128	0.180532	0.237831	-0.0326464	0.490222	0.56707	0.669098
rs143	rs143	1	143	A	C	500	0.377	223	0.378924	277	0.375451	0.0101245	0.0875413	0.0850631	-0.14831	0.124454	0.175072	-0.0154871	0.907927	0.396919	0.693844
rs144	rs144	1	144	A	C	500	0.245	223	0.248879	277	0.241877	0.0535557	0.0942339	-0.0277974	0.135192	0.149328	0.192501	-0.0222992	0.569812	0.482496	0.664908
rs145	rs145	1	145	A	C	500	0.377	223	0.383408	277	0.371841	0.057305	0.0852138	0.0776186	-0.0372823	0.126264	0.171005	-0.0159331	0.501275	0.827414	0.778891
rs146	rs146	1	146	A	C	500	0.259	223	0.286996	277	0.236462	0.087225	0.0932773	0.140585	-0.0984806	0.137808	0.18722	-0.0189919	0.349729	0.598878	0.562387
rs147	rs147	1	147	A	C	500	0.313	223	0.293722	277	0.32852	-0.0303218	0.0880456	-0.0946893	0.122048	0.128102	0.176433	-0.016417	0.730555	0.489091	0.741883
rs148	rs148	1	148	A	C	500	0.311	223	0.311659	277	0.310469	0.111851	0.0898663	0.151688	-0.0745528	0.131705	0.180185	-0.0173486	0.213265	0.679053	0.423094
rs149	rs149	1	149	A	C	500	0.375	223	0.403587	277	0.351986	0.031623	0.0871937	0.0563088	-0.0446622	0.130398	0.175419	-0.0170082	0.716848	0.799029	0.906487
rs150	rs150	1	150	A	C	500	0.122	223	0.125561	277	0.119134	0.103151	0.133216	0.0916522	0.0218771	0.193406	0.266765	-0.0374034	0.438746	0.934639	0.738494
rs151	rs151	1	151	A	C	500	0.264	223	0.257848	277	0.268953	-0.0429558	0.0941846	-0.0565351	0.0252909	0.138447	0.188989	-0.0191773	0.648331	0.893543	0.893187
rs152	rs152	1	152	A	C	500	0.096	223	0.0964126	277	0.0956679	-0.121596	0.13822	-0.0872167	-0.0532605	0.232112	0.288877	-0.053867	0.379006	0.853722	0.667672
rs153	rs153	1	153	A	C	500	0.411	223	0.423767	277	0.400722	0.0161192	0.0853216	0.0675866	-0.100689	0.122002	0.170604	-0.0148775	0.850153	0.555064	0.825301
rs154	rs154	1	154	A	C	500	0.238	223	0.246637	277	0.231047	0.0444936	0.0970096	0.113862	-0.125935	0.144759	0.195061	-0.0209582	0.646484	0.518527	0.730818
rs155	rs155	1	155	A	C	500	0.386	223	0.399103	277	0.375451	0.000628253	0.0871818	0.0312477	-0.0581478	0.126703	0.174599	-0.0160527	0.99425	0.739107	0.946028
rs156	rs156	1	156	A	C	500	0.246	223	0.23991	277	0.250903	0.0178588	0.0994935	0.158923	-0.263962	0.145844	0.199541	-0.0212784	0.857547	0.185885	0.410214
rs157	rs157	1	157	A	C	500	0.257	223	0.251121	277	0.261733	-0.00899498	0.0958629	0.0160271	-0.0414347	0.152327	0.196028	-0.0232058	0.925243	0.832598	0.973613
rs158	rs158	1	158	A	C	500	0.254	223	0.2713	277	0.240072	0.00582558	0.095908	0.0811661	-0.133583	0.145372	0.1937	-0.021161	0.951565	0.490421	0.786906
rs159	rs159	1	159	A	C	500	0.198	223	0.206278	277	0.191336	-0.0924647	0.105585	-0.00325321	-0.157641	0.160274	0.213071	-0.0256921	0.381174	0.45939	0.518328
rs160	rs160	1	160	A	C	500	0.113	223	0.112108	277	0.113718	0.010402	0.129477	-0.00439572	0.026879	0.193177	0.260409	-0.0373329	0.935968	0.91779	0.991482
rs161	rs161	1	161	A	C	500	0.267	223	0.302691	277	0.238267	-0.0379789	0.0943161	0.173158	-0.365033	0.145331	0.191162	-0.0211366	0.687186	0.056191	0.148932
rs162	rs162	1	162	A	C	500	0.274	223	0.282511	277	0.267148	-0.0146223	0.0918541	-0.0787379	0.110273	0.141968	0.186178	-0.0201536	0.873519	0.553651	0.828549
rs163	rs163	1	163	A	C	500	0.324	223	0.316143	277	0.330325	-0.0400365	0.0913715	-0.0929247	0.0975452	0.135044	0.183402	-0.0182373	0.661261	0.594819	0.788646
rs164	rs164	1	164	A	C	500	0.287	223	0.304933	277	0.272563	0.050247	0.0912493	0.0601641	-0.0175485	0.138386	0.1841	-0.0191537	0.581869	0.92406	0.855427
rs165	rs165	1	165	A	C	500	0.352	223	0.334081	277	0.366426	0.0214936	0.0842971	0.0746349	-0.100378	0.122934	0.169019	-0.0151239	0.798743	0.552588	0.811512
rs166	rs166	1	166	A	C	500	0.335	223	0.293722	277	0.368231	-0.0781519	0.0860729	-0.0452452	-0.0578862	0.13099	0.173696	-0.017151	0.363892	0.738937	0.626417
rs167	rs167	1	167	A	C	500	0.125	223	0.121076	277	0.128159	-0.158529	0.124331	-0.228919	0.124097	0.189048	0.251068	-0.0357549	0.202292	0.62111	0.392574
rs168	rs168	1	168	A	C	500	0.375	223	0.360987	277	0.386282	0.00662986	0.0854613	-0.0526842	0.117155	0.121553	0.170728	-0.0147573	0.938164	0.492582	0.787848
rs169	rs169	1	169	A	C	500	0.341	223	0.338565	277	0.34296	-0.0728835	0.0862633	0.0870731	-0.26909	0.135329	0.175414	-0.0182908	0.398169	0.125022	0.215769
rs170	rs170	1	170	A	C	500	0.294	223	0.284753	277	0.301444	0.0189162	0.0890753	-0.0914147	0.197275	0.134178	0.179421	-0.018004	0.831824	0.271545	0.534186
rs171	rs171	1	171	A	C	500	0.152	223	0.147982	277	0.155235	0.0777881	0.117249	0.0402972	0.0669936	0.176556	0.23588	-0.031137	0.507046	0.776399	0.770735
rs172	rs172	1	172	A	C	500	0.122	223	0.11435	277	0.128159	-0.170186	0.128751	-0.196358	0.0448724	0.199399	0.261052	-0.0397478	0.186226	0.863523	0.411319
rs173	rs173	1	173	A	C	500	0.258	223	0.266816	277	0.250903	0.000186671	0.0946421	0.12116	-0.217137	0.142173	0.190432	-0.0202039	0.998426	0.254189	0.522011
rs174	rs174	1	174	A	C	500	0.092	223	0.0964126	277	0.0884477	-0.183031	0.14427	-0.371416	0.315482	0.22721	0.293952	-0.0515972	0.204561	0.283162	0.251408
rs175	rs175	1	175	A	C	500	0.369	223	0.396861	277	0.34657	-0.00508445	0.0839045	-0.11387	0.209247	0.121101	0.167967	-0.0146676	0.951679	0.21285	0.459414
rs176	rs176	1	176	A	C	500	0.281	223	0.289238	277	0.274368	0.0601859	0.0934843	-0.0448627	0.18098	0.144341	0.189472	-0.0208377	0.519701	0.339486	0.515082
rs177	rs177	1	177	A	C	500	0.296	223	0.298206	277	0.294224	0.0194233	0.0942933	0.0604283	-0.0749294	0.140082	0.1893	-0.0196103	0.8368	0.692235	0.905241
rs178	rs178	1	178	A	C	500	0.124	223	0.121076	277	0.126354	0.0875023	0.129054	0.143148	-0.105254	0.188059	0.258737	-0.0353924	0.497754	0.684155	0.73154
rs179	rs179	1	179	A	C	500	0.352	223	0.369955	277	0.337545	-0.113838	0.0861083	-0.0112009	-0.198715	0.123886	0.172444	-0.0153593	0.186157	0.249181	0.214847
rs180	rs180	1	180	A	C	500	0.29	223	0.318386	277	0.267148	-0.0780363	0.0899626	-0.0179525	-0.113587	0.13106	0.180175	-0.017172	0.385706	0.528418	0.562741
rs181	rs181	1	181	A	C	500	0.233	223	0.233184	277	0.232852	0.0504387	0.0971737	0.128609	-0.14879	0.141056	0.194614	-0.0198983	0.603721	0.444547	0.652484
rs182	rs182	1	182	A	C	500	0.132	223	0.125561	277	0.137184	0.123226	0.126083	0.0742604	0.0838763	0.195393	0.255693	-0.0381673	0.328401	0.742885	0.587781
rs183	rs183	1	183	A	C	500	0.243	223	0.235426	277	0.249097	-0.0187249	0.0930469	0.00534981	-0.0467573	0.133577	0.186135	-0.0178389	0.84051	0.801659	0.949519
rs184	rs184	1	184	A	C	500	0.181	223	0.188341	277	0.17509	0.0772362	0.107939	0.10618	-0.0536613	0.159058	0.216599	-0.0253048	0.474267	0.804332	0.750739
rs185	rs185	1	185	A	C	500	0.136	223	0.112108	277	0.155235	0.0491452	0.121239	0.191408	-0.274412	0.174686	0.242587	-0.0305087	0.685214	0.257976	0.485803
rs186	rs186	1	186	A	C	500	0.368	223	0.338565	277	0.391697	-0.0969601	0.0820495	-0.147554	0.0952324	0.119846	0.164429	-0.0143638	0.237314	0.562474	0.420649
rs187	rs187	1	187	A	C	500	0.314	223	0.345291	277	0.288809	0.202703	0.0907795	0.250476	-0.0784352	0.145229	0.186118	-0.0210983	0.0255547	0.673443	0.0756415
rs188	rs188	1	188	A	C	500	0.259	223	0.264574	277	0.254513	-0.0815977	0.0942679	-0.144914	0.116247	0.139742	0.189394	-0.0195372	0.386713	0.539359	0.569503
rs189	rs189	1	189	A	C	500	0.341	223	0.347534	277	0.33574	0.0455901	0.090502	-0.0325988	0.130249	0.143152	0.184764	-0.020493	0.614439	0.480842	0.687044
rs190	rs190	1	190	A	C	500	0.319	223	0.345291	277	0.297834	0.0901968	0.0877062	0.084514	0.0110691	0.125731	0.175477	-0.0158085	0.303763	0.949703	0.588141
rs191	rs191	1	191	A	C	500	0.112	223	0.141256	277	0.0884477	0.131925	0.126715	0.139347	-0.0132191	0.19139	0.255471	-0.0366432	0.297822	0.958732	0.580829
rs192	rs192	1	192	A	C	500	0.196	223	0.192825	277	0.198556	0.01514	0.105923	0.0081916	0.0117392	0.165801	0.215502	-0.0274882	0.886343	0.956558	0.988369
rs193	rs193	1	193	A	C	500	0.197	223	0.186099	277	0.205776	-0.0281717	0.102067	-0.0728719	0.0898942	0.143937	0.204101	-0.0207142	0.782538	0.659618	0.873641
rs194	rs194	1	194	A	C	500	0.286	223	0.273543	277	0.296029	0.0366386	0.0925965	-0.00923541	0.0847434	0.136963	0.186428	-0.0188141	0.692341	0.649424	0.833939
rs195	rs195	1	195	A	C	500	0.26	223	0.235426	277	0.279783	0.0363667	0.0983397	-0.00289163	0.0666855	0.153414	0.200014	-0.0235516	0.711527	0.738829	0.883417
rs196	rs196	1	196	A	C	500	0.291	223	0.309417	277	0.276173	0.00541707	0.0923584	0.113848	-0.187643	0.142197	0.187104	-0.0202297	0.953229	0.315919	0.603745
rs197	rs197	1	197	A	C	500	0.169	223	0.181614	277	0.158845	-0.171724	0.106762	-0.30767	0.240041	0.162125	0.215435	-0.0262853	0.10773	0.265186	0.147439
rs198	rs198	1	198	A	C	500	0.241	223	0.248879	277	0.234657	-0.104417	0.0986513	-0.198301	0.170582	0.147271	0.198674	-0.0217243	0.289855	0.390561	0.395049
rs199	rs199	1	199	A	C	500	0.126	223	0.123318	277	0.128159	-0.246252	0.121709	-0.250817	0.00831179	0.181319	0.244713	-0.0328897	0.0430433	0.972905	0.129066
rs200	rs200	1	200	A	C	500	0.157	223	0.163677	277	0.151625	-0.121414	0.116706	-0.186973	0.10814	0.186143	0.239201	-0.0346874	0.298181	0.651205	0.52553
rs201	rs201	1	201	A	C	500	0.303	223	0.327354	277	0.283394	-0.0611114	0.0912413	-0.0705715	0.0175882	0.134202	0.182968	-0.0180064	0.503	0.92342	0.795391
rs202	rs202	1	202	A	C	500	0.221	223	0.210762	277	0.229242	0.00257707	0.0988986	-0.0583364	0.116307	0.143414	0.198304	-0.0205955	0.979211	0.557535	0.841698
rs203	rs203	1	203	A	C	500	0.435	223	0.439462	277	0.431408	-0.00546217	0.0842162	0.182846	-0.31981	0.131289	0.171055	-0.0172285	0.948286	0.0615342	0.173796
rs204	rs204	1	204	A	C	500	0.209	223	0.219731	277	0.200361	0.0370866	0.103557	0.0495579	-0.0211639	0.161539	0.210393	-0.0260843	0.720247	0.919874	0.933152
rs205	rs205	1	205	A	C	500	0.363	223	0.369955	277	0.357401	-0.0171955	0.085148	0.00037644	-0.0310724	0.129145	0.1717	-0.0166719	0.839957	0.856392	0.963901
rs206	rs206	1	206	A	C	500	0.282	223	0.248879	277	0.308664	-0.00323994	0.0907347	0.0687791	-0.133885	0.133495	0.182033	-0.0178245	0.971515	0.462037	0.762529
rs207	rs207	1	207	A	C	500	0.382	223	0.403587	277	0.364621	-0.0130849	0.0848283	-0.0962217	0.155543	0.124366	0.170153	-0.0154746	0.877411	0.360644	0.65069
rs208	rs208	1	208	A	C	500	0.382	223	0.390135	277	0.375451	0.0592649	0.0838826	-0.0624619	0.214108	0.127767	0.169516	-0.0163371	0.479863	0.206569	0.350905
rs209	rs209	1	209	A	C	500	0.194	223	0.197309	277	0.191336	-0.123091	0.105496	-0.184216	0.101787	0.166969	0.21551	-0.0278911	0.243297	0.636709	0.452833
rs210	rs210	1	210	A	C	500	0.218	223	0.2287	277	0.209386	0.14339	0.0987834	0.287845	-0.253065	0.150787	0.199578	-0.0227366	0.146625	0.204797	0.156075
rs211	rs211	1	211	A	C	500	0.351	223	0.345291	277	0.355596	-0.0415141	0.0847475	-0.0285994	-0.024019	0.124643	0.169985	-0.0155364	0.624236	0.887632	0.878128
rs212	rs212	1	212	A	C	500	0.14	223	0.134529	277	0.144404	0.0662569	0.112456	0.0401639	0.0452263	0.172861	0.227545	-0.0298722	0.555739	0.842452	0.824218
rs213	rs213	1	213	A	C	500	0.405	223	0.394619	277	0.413357	0.0522109	0.0828101	-0.0548706	0.19336	0.123907	0.166434	-0.0153403	0.528374	0.245325	0.417436
rs214	rs214	1	214	A	C	500	0.184	223	0.179372	277	0.187726	0.0110789	0.109768	0.0943653	-0.152066	0.163239	0.220601	-0.0266536	0.919606	0.490618	0.784523
rs215	rs215	1	215	A	C	500	0.238	223	0.230942	277	0.243682	-0.0204231	0.0975706	0.0658838	-0.15475	0.146715	0.196459	-0.0215258	0.834201	0.430875	0.717388
rs216	rs216	1	216	A	C	500	0.169	223	0.199552	277	0.144404	0.139087	0.112906	0.128556	0.0182372	0.17378	0.228773	-0.030222	0.217993	0.936462	0.466758
rs217	rs217	1	217	A	C	500	0.218	223	0.226457	277	0.211191	0.00170247	0.0982429	0.0221732	-0.0355583	0.150804	0.198738	-0.0227381	0.986174	0.858	0.983973
rs218	rs218	1	218	A	C	500	0.116	223	0.109865	277	0.120939	0.0193079	0.126168	-0.072509	0.162792	0.191061	0.254387	-0.0364988	0.878372	0.522212	0.805356
rs219	rs219	1	219	A	C	500	0.198	223	0.181614	277	0.211191	0.0930177	0.103194	0.140916	-0.0821105	0.159933	0.20946	-0.0255934	0.367382	0.695051	0.616876
rs220	rs220	1	220	A	C	500	0.357	223	0.349776	277	0.362816	-0.11858	0.0883575	-0.0421892	-0.138961	0.131563	0.17732	-0.0172847	0.179581	0.433232	0.298909
rs221	rs221	1	221	A	C	500	0.171	223	0.165919	277	0.17509	0.0346554	0.113525	-0.0335419	0.131131	0.163781	0.226993	-0.0267969	0.760163	0.563474	0.807788
rs222	rs222	1	222	A	C	500	0.355	223	0.347534	277	0.361011	0.0179957	0.0860384	0.0338886	-0.0297361	0.126135	0.172577	-0.0159178	0.834324	0.863197	0.963947
rs223	rs223	1	223	A	C	500	0.284	223	0.266816	277	0.297834	0.0646888	0.0903661	-0.000890556	0.124166	0.131527	0.180947	-0.0172928	0.474082	0.492586	0.611611
rs224	rs224	1	224	A	C	500	0.139	223	0.134529	277	0.142599	-0.0105069	0.124377	-0.058604	0.0871593	0.185686	0.249852	-0.0344485	0.932678	0.727207	0.937617
rs225	rs225	1	225	A	C	500	0.186	223	0.174888	277	0.194946	0.0576928	0.106743	0.0446281	0.0247089	0.155541	0.213965	-0.0242064	0.588863	0.908064	0.858362
rs226	rs226	1	226	A	C	500	0.142	223	0.156951	277	0.129964	0.0377132	0.120235	0.0174948	0.0327308	0.194458	0.247412	-0.0378122	0.753778	0.894753	0.943704
rs227	rs227	1	227	A	C	500	0.123	223	0.123318	277	0.122744	-0.027099	0.127812	-0.0876759	0.116408	0.184614	0.255994	-0.0341022	0.83209	0.649304	0.881733
rs228	rs228	1	228	A	C	500	0.375	223	0.340807	277	0.402527	-0.0782775	0.0868839	-0.122064	0.0815391	0.127639	0.174122	-0.016281	0.367618	0.63958	0.597204
rs229	rs229	1	229	A	C	500	0.222	223	0.217489	277	0.225632	-0.0836177	0.0968451	0.0670823	-0.259144	0.149712	0.196327	-0.0224147	0.387909	0.186848	0.28826
rs230	rs230	1	230	A	C	500	0.143	223	0.150224	277	0.137184	0.0145834	0.123385	-0.0734456	0.160911	0.183241	0.247637	-0.0335485	0.905914	0.515832	0.80405
rs231	rs231	1	231	A	C	500	0.181	223	0.165919	277	0.193141	0.109529	0.108528	0.0303199	0.147274	0.159657	0.217722	-0.025495	0.312869	0.498766	0.478048
rs232	rs232	1	232	A	C	500	0.233	223	0.230942	277	0.234657	-0.0506629	0.100812	-0.0152326	-0.0588199	0.159748	0.205727	-0.0254938	0.615282	0.774946	0.846073
rs233	rs233	1	233	A	C	500	0.189	223	0.192825	277	0.185921	-0.0303041	0.107137	0.028087	-0.107898	0.158222	0.215145	-0.0250493	0.777288	0.61601	0.847249
rs234	rs234	1	234	A	C	500	0.381	223	0.387892	277	0.375451	-0.0176717	0.0849407	-0.108703	0.158035	0.13038	0.171719	-0.0169854	0.835192	0.35741	0.640742
rs235	rs235	1	235	A	C	500	0.199	223	0.183857	277	0.211191	0.0643147	0.104226	-0.0374129	0.172116	0.162935	0.211896	-0.0265377	0.537189	0.416638	0.594356
rs236	rs236	1	236	A	C	500	0.345	223	0.349776	277	0.341155	-0.121453	0.0875403	-0.0802448	-0.0791449	0.126452	0.17526	-0.0159927	0.165322	0.651567	0.344937
rs237	rs237	1	237	A	C	500	0.119	223	0.136771	277	0.104693	-0.0168474	0.127442	0.018233	-0.0623123	0.19277	0.256909	-0.0371577	0.894829	0.808357	0.962566
rs238	rs238	1	238	A	C	500	0.281	223	0.298206	277	0.267148	0.0147829	0.0901539	0.0598466	-0.0761777	0.141158	0.183613	-0.0199437	0.869752	0.678228	0.905283
rs239	rs239	1	239	A	C	500	0.372	223	0.387892	277	0.359206	-0.019924	0.0844144	-0.0374304	0.0318016	0.125938	0.169775	-0.0158671	0.813413	0.851413	0.955617
rs240	rs240	1	240	A	C	500	0.274	223	0.273543	277	0.274368	0.064337	0.0960291	0.132133	-0.125468	0.14153	0.19241	-0.0200044	0.502874	0.514347	0.645946
rs241	rs241	1	241	A	C	500	0.132	223	0.136771	277	0.128159	0.091376	0.121399	0.0608655	0.0489077	0.19785	0.250429	-0.0391238	0.451635	0.845161	0.739084
rs242	rs242	1	242	A	C	500	0.24	223	0.215247	277	0.259928	-0.0531456	0.0991665	-0.114792	0.110309	0.149263	0.19962	-0.0222694	0.592012	0.580543	0.743575
rs243	rs243	1	243	A	C	500	0.405	223	0.40583	277	0.404332	-0.00136041	0.083531	-0.116839	0.211655	0.123894	0.167707	-0.0153453	0.987006	0.206929	0.450894
rs244	rs244	1	244	A	C	500	0.389	223	0.374439	277	0.400722	0.0410603	0.0872086	-0.000129597	0.0679866	0.138988	0.178631	-0.0193321	0.637763	0.703501	0.832545
rs245	rs245	1	245	A	C	500	0.331	223	0.347534	277	0.31769	0.0640141	0.0867197	-0.0166783	0.139265	0.133606	0.175414	-0.0178288	0.46041	0.427243	0.555658
rs246	rs246	1	246	A	C	500	0.238	223	0.213004	277	0.258123	-0.00913245	0.0955564	0.0718455	-0.152108	0.139632	0.191248	-0.0194718	0.923861	0.426411	0.725528
rs247	rs247	1	247	A	C	500	0.347	223	0.358744	277	0.337545	-0.0063664	0.0874794	0.0555113	-0.119021	0.126292	0.175207	-0.0159592	0.941984	0.496936	0.791848
rs248	rs248	1	248	A	C	500	0.156	223	0.165919	277	0.148014	-0.07026	0.115456	0.0522958	-0.21982	0.17343	0.232119	-0.0300393	0.542828	0.343633	0.53069
rs249	rs249	1	249	A	C	500	0.359	223	0.32287	277	0.388087	0.0272339	0.0866408	0.0567263	-0.0562903	0.125596	0.173547	-0.0157802	0.75327	0.745672	0.903026
rs250	rs250	1	250	A	C	500	0.408	223	0.40583	277	0.409747	0.0219639	0.0837905	0.0244957	-0.00441408	0.128296	0.169388	-0.0164568	0.793222	0.97921	0.9659
rs251	rs251	1	251	A	C	500	0.264	223	0.246637	277	0.277978	-0.0569948	0.0935983	0.0634943	-0.208947	0.143816	0.189351	-0.0206751	0.542571	0.269815	0.451923
rs252	rs252	1	252	A	C	500	0.238	223	0.257848	277	0.222022	-0.0152279	0.0959291	-0.0201968	0.00836951	0.15051	0.195353	-0.0226568	0.873873	0.965827	0.986574
rs253	rs253	1	253	A	C	500	0.202	223	0.213004	277	0.193141	-0.014426	0.103011	-0.0263638	0.0215228	0.154391	0.207337	-0.0238441	0.888626	0.917323	0.984921
rs254	rs254	1	254	A	C	500	0.33	223	0.298206	277	0.355596	-0.124106	0.0887446	-0.136017	0.023444	0.126568	0.177626	-0.0160297	0.161974	0.894996	0.372857
rs255	rs255	1	255	A	C	500	0.121	223	0.116592	277	0.124549	0.070085	0.127174	-0.148043	0.379443	0.195119	0.257417	-0.0380924	0.58157	0.14047	0.289891
rs256	rs256	1	256	A	C	500	0.325	223	0.336323	277	0.315884	-0.0561939	0.089034	-0.138102	0.150312	0.131979	0.178785	-0.0174179	0.527942	0.400493	0.575453
rs257	rs257	1	257	A	C	500	0.32	223	0.325112	277	0.315884	-0.0814007	0.0871874	0.0309442	-0.203088	0.130421	0.175339	-0.0170069	0.350495	0.246759	0.330677
rs258	rs258	1	258	A	C	500	0.27	223	0.26009	277	0.277978	0.0195018	0.0918461	-0.0264878	0.0760186	0.146176	0.187969	-0.0213753	0.831849	0.685903	0.900936
rs259	rs259	1	259	A	C	500	0.156	223	0.139013	277	0.169675	-0.0233302	0.114159	0.000571936	-0.0450559	0.166592	0.228706	-0.0277487	0.838067	0.843825	0.960513
rs260	rs260	1	260	A	C	500	0.196	223	0.199552	277	0.193141	-0.0702279	0.105782	-0.160332	0.175588	0.151634	0.211711	-0.0230005	0.506761	0.406893	0.568755
rs261	rs261	1	261	A	C	500	0.278	223	0.29148	277	0.267148	-0.0721376	0.0940808	-0.21824	0.254831	0.144124	0.190435	-0.020792	0.443223	0.180846	0.304437
rs262	rs262	1	262	A	C	500	0.12	223	0.107623	277	0.129964	-0.159819	0.127386	-0.268105	0.191172	0.193524	0.2572	-0.0374705	0.209623	0.457311	0.345332
rs263	rs263	1	263	A	C	500	0.379	223	0.374439	277	0.382671	0.0612947	0.0859152	0.0840176	-0.0380034	0.135354	0.174926	-0.0182957	0.475578	0.82801	0.757227
rs264	rs264	1	264	A	C	500	0.174	223	0.172646	277	0.17509	0.0156893	0.109956	0.150031	-0.258192	0.158756	0.220082	-0.0252023	0.886537	0.240731	0.497414
rs265	rs265	1	265	A	C	500	0.387	223	0.392377	277	0.382671	-0.037252	0.0839694	-0.19778	0.296929	0.123925	0.168584	-0.0153649	0.657304	0.0781846	0.192141
rs266	rs266	1	266	A	C	500	0.354	223	0.343049	277	0.362816	-0.000165251	0.0877238	-0.0267314	0.048549	0.130412	0.176346	-0.0170169	0.998497	0.783082	0.962811
rs267	rs267	1	267	A	C	500	0.127	223	0.150224	277	0.108303	0.0393229	0.12713	-0.0642595	0.17692	0.197534	0.258232	-0.0390415	0.757084	0.493266	0.753871
rs268	rs268	1	268	A	C	500	0.187	223	0.17713	277	0.194946	0.0677933	0.105459	-0.00678014	0.142547	0.152695	0.211081	-0.023309	0.520327	0.499472	0.64749
rs269	rs269	1	269	A	C	500	0.281	223	0.275785	277	0.285199	0.0286461	0.0910295	-0.140053	0.331383	0.129856	0.181914	-0.0168466	0.752997	0.0685086	0.181099
rs270	rs270	1	270	A	C	500	0.118	223	0.116592	277	0.119134	0.0519252	0.122762	-0.00336769	0.124608	0.16461	0.247135	-0.0271016	0.672313	0.614115	0.805279
rs271	rs271	1	271	A	C	500	0.343	223	0.340807	277	0.344765	0.0309432	0.0895548	0.0291334	0.00343808	0.130138	0.17938	-0.0169377	0.729702	0.984708	0.941881
rs272	rs272	1	272	A	C	500	0.293	223	0.273543	277	0.308664	-0.0636121	0.0895416	-0.113945	0.0933782	0.131877	0.179618	-0.0173903	0.477444	0.603154	0.678765
rs273	rs273	1	273	A	C	500	0.19	223	0.190583	277	0.189531	-0.0427619	0.103168	0.228301	-0.434714	0.168161	0.212968	-0.028281	0.678516	0.0412292	0.114271
rs274	rs274	1	274	A	C	500	0.168	223	0.152466	277	0.180505	-0.0517212	0.110114	-0.139127	0.148731	0.171437	0.223588	-0.029379	0.638564	0.505922	0.717804
rs275	rs275	1	275	A	C	500	0.24	223	0.206278	277	0.267148	-0.14431	0.0955172	-0.110738	-0.0643769	0.138109	0.191281	-0.0190809	0.130832	0.736451	0.301817
rs276	rs276	1	276	A	C	500	0.262	223	0.275785	277	0.250903	0.0504811	0.0923584	0.0860374	-0.0656266	0.136476	0.185453	-0.0186339	0.584668	0.723434	0.808975
rs277	rs277	1	277	A	C	500	0.316	223	0.336323	277	0.299639	0.0360315	0.0899131	-0.0407852	0.128813	0.141568	0.183364	-0.0200506	0.688614	0.48237	0.721051
rs278	rs278	1	278	A	C	500	0.269	223	0.2713	277	0.267148	0.061973	0.0952983	0.0756102	-0.0248368	0.141832	0.191315	-0.0200967	0.515495	0.896707	0.802618
rs279	rs279	1	279	A	C	500	0.273	223	0.275785	277	0.270758	0.0736805	0.0949495	0.0947545	-0.0348812	0.15099	0.194315	-0.0228123	0.437751	0.857539	0.728187
rs280	rs280	1	280	A	C	500	0.311	223	0.347534	277	0.281588	-0.00035332	0.0907351	0.0888358	-0.147979	0.14402	0.185566	-0.0207543	0.996893	0.425191	0.727625
rs281	rs281	1	281	A	C	500	0.285	223	0.295964	277	0.276173	0.0080269	0.091677	0.0905129	-0.156555	0.133143	0.183251	-0.0176933	0.930229	0.39293	0.691591
rs282	rs282	1	282	A	C	500	0.163	223	0.179372	277	0.149819	-0.0858171	0.11194	-0.0524645	-0.0602227	0.167601	0.225231	-0.0280947	0.4433	0.789175	0.719204
rs283	rs283	1	283	A	C	500	0.297	223	0.320628	277	0.277978	-0.0567227	0.0944623	-0.154785	0.164498	0.148642	0.19252	-0.022095	0.548187	0.392857	0.579651
rs284	rs284	1	284	A	C	500	0.362	223	0.374439	277	0.351986	0.0109468	0.0863585	-0.0116087	0.0375498	0.136617	0.176234	-0.0186562	0.89913	0.831274	0.969734
rs285	rs285	1	285	A	C	500	0.212	223	0.221973	277	0.203971	0.0277409	0.103865	-0.157336	0.330286	0.156596	0.209144	-0.0245103	0.789402	0.114283	0.2773
rs286	rs286	1	286	A	C	500	0.313	223	0.293722	277	0.32852	-0.0648627	0.0913632	-0.00757604	-0.10628	0.134547	0.183242	-0.018099	0.477739	0.561917	0.65691
rs287	rs287	1	287	A	C	500	0.374	223	0.387892	277	0.362816	-0.182987	0.0833948	-0.320454	0.236071	0.128985	0.16898	-0.0166275	0.0282191	0.162403	0.0339397
rs288	rs288	1	288	A	C	500	0.308	223	0.311659	277	0.305054	-0.0511645	0.0912818	-0.0129425	-0.0673367	0.138788	0.18418	-0.0192551	0.57513	0.714662	0.79938
rs289	rs289	1	289	A	C	500	0.164	223	0.14574	277	0.1787	0.0339349	0.112932	-0.0348978	0.130564	0.164205	0.226111	-0.0269534	0.763804	0.563646	0.809077
rs290	rs290	1	290	A	C	500	0.378	223	0.387892	277	0.370036	-0.0848695	0.0900626	-0.056135	-0.0514536	0.13567	0.181688	-0.0184349	0.346019	0.777026	0.616251
rs291	rs291	1	291	A	C	500	0.275	223	0.293722	277	0.259928	0.123168	0.0933015	0.139256	-0.0300564	0.136761	0.186815	-0.0186801	0.186798	0.872181	0.413008
rs292	rs292	1	292	A	C	500	0.248	223	0.224215	277	0.267148	0.0312911	0.0987089	0.0641846	-0.0618938	0.144264	0.197964	-0.0208275	0.751241	0.754546	0.905633
rs293	rs293	1	293	A	C	500	0.104	223	0.121076	277	0.0902527	-0.0186335	0.138301	-0.204929	0.299164	0.225199	0.285406	-0.0507247	0.892825	0.294544	0.572099
rs294	rs294	1	294	A	C	500	0.263	223	0.248879	277	0.274368	-0.0165647	0.0961073	-0.00498349	-0.0213317	0.142216	0.193084	-0.0202404	0.863158	0.912029	0.979262
rs295	rs295	1	295	A	C	500	0.292	223	0.29148	277	0.292419	-0.0690797	0.0947356	-0.047814	-0.0391775	0.140161	0.190303	-0.0196578	0.465889	0.836894	0.750478
rs296	rs296	1	296	A	C	500	0.156	223	0.161435	277	0.151625	0.137827	0.115643	0.0850507	0.113579	0.158068	0.23191	-0.0249905	0.233327	0.624306	0.435978
rs297	rs297	1	297	A	C	500	0.198	223	0.181614	277	0.211191	0.123144	0.109552	0.165532	-0.0759436	0.164696	0.22033	-0.0270952	0.260984	0.730333	0.500991
rs298	rs298	1	298	A	C	500	0.207	223	0.20852	277	0.205776	-0.175357	0.0974123	-0.171977	-0.00601588	0.147219	0.196423	-0.0216816	0.071836	0.975567	0.19775
rs299	rs299	1	299	A	C	500	0.252	223	0.262332	277	0.243682	-0.017768	0.0964448	0.0315478	-0.0874079	0.146189	0.19472	-0.0213923	0.853833	0.653511	0.888944
rs300	rs300	1	300	A	C	500	0.314	223	0.329596	277	0.301444	0.0442896	0.0866328	-0.0811837	0.235255	0.126844	0.173716	-0.016095	0.609187	0.175656	0.350751
rs301	rs301	1	301	A	C	500	0.196	223	0.213004	277	0.18231	0.01701	0.108143	0.159465	-0.276224	0.155426	0.216464	-0.0241652	0.875015	0.20193	0.437556
rs302	rs302	1	302	A	C	500	0.279	223	0.278027	277	0.279783	0.0173559	0.0919569	0.0448875	-0.0485335	0.139741	0.185487	-0.0195171	0.850297	0.793587	0.949288
rs303	rs303	1	303	A	C	500	0.143	223	0.163677	277	0.126354	0.186151	0.118698	0.115254	0.119984	0.185532	0.241323	-0.0344111	0.116819	0.619052	0.258378
rs304	rs304	1	304	A	C	500	0.161	223	0.174888	277	0.149819	-0.102756	0.111016	-0.204114	0.171205	0.173818	0.225912	-0.0302147	0.354658	0.448547	0.488937
rs305	rs305	1	305	A	C	500	0.34	223	0.360987	277	0.323105	0.0464987	0.0870451	0.037188	0.0173722	0.127738	0.174436	-0.0163079	0.59321	0.920669	0.862743
rs306	rs306	1	306	A	C	500	0.324	223	0.32287	277	0.32491	-0.0382868	0.088079	-0.040874	0.00463339	0.132576	0.177459	-0.0175842	0.66379	0.97917	0.909539
rs307	rs307	1	307	A	C	500	0.183	223	0.168161	277	0.194946	-0.0545108	0.103509	-0.00390691	-0.0920923	0.154263	0.208158	-0.0238092	0.598452	0.658188	0.789359
rs308	rs308	1	308	A	C	500	0.258	223	0.269058	277	0.249097	-0.160206	0.0946197	-0.159004	-0.00222377	0.139735	0.190331	-0.0195709	0.0904267	0.990678	0.238485
rs309	rs309	1	309	A	C	500	0.306	223	0.327354	277	0.288809	-0.119334	0.0928945	-0.259998	0.238122	0.145091	0.188675	-0.0210287	0.198924	0.206922	0.197593
rs310	rs310	1	310	A	C	500	0.184	223	0.17713	277	0.189531	-0.0245236	0.10923	0.106281	-0.228609	0.167041	0.220873	-0.0279136	0.822357	0.300658	0.570729
rs311	rs311	1	311	A	C	500	0.165	223	0.170404	277	0.16065	-0.0693907	0.112981	-0.196446	0.221924	0.172745	0.228248	-0.0298265	0.539095	0.330905	0.516187
rs312	rs312	1	312	A	C	500	0.248	223	0.282511	277	0.220217	0.101482	0.0950864	0.148996	-0.0817375	0.14703	0.192916	-0.0216344	0.285856	0.671788	0.517225
rs313	rs313	1	313	A	C	500	0.381	223	0.369955	277	0.389892	0.102878	0.0885016	0.166178	-0.115858	0.131424	0.177828	-0.0172775	0.245056	0.514712	0.41153
rs314	rs314	1	314	A	C	500	0.299	223	0.286996	277	0.308664	0.129866	0.0920332	0.10349	0.0512016	0.132176	0.184162	-0.0174714	0.158221	0.780993	0.355503
rs315	rs315	1	315	A	C	500	0.132	223	0.132287	277	0.131769	-0.0479812	0.120042	-0.0736741	0.0409008	0.196856	0.24837	-0.0387507	0.689375	0.869198	0.910792
rs316	rs316	1	316	A	C	500	0.264	223	0.282511	277	0.249097	0.03105	0.0928487	0.0446578	-0.0234097	0.143464	0.188144	-0.0205768	0.738067	0.90098	0.938327
rs317	rs317	1	317	A	C	500	0.245	223	0.224215	277	0.261733	0.0113566	0.0975484	0.0427053	-0.0521278	0.154466	0.199153	-0.0238518	0.907319	0.793516	0.959798
rs318	rs318	1	318	A	C	500	0.127	223	0.116592	277	0.135379	-0.0947889	0.123987	-0.155227	0.117102	0.178345	0.248387	-0.0318421	0.444565	0.63732	0.668066
rs319	rs319	1	319	A	C	500	0.317	223	0.343049	277	0.296029	-0.0348861	0.0883287	-0.126461	0.158446	0.135958	0.178831	-0.0184835	0.692874	0.375614	0.62469
rs320	rs320	1	320	A	C	500	0.155	223	0.174888	277	0.138989	0.00410063	0.109873	-0.14514	0.22832	0.186724	0.230976	-0.034872	0.970229	0.322908	0.613079
rs321	rs321	1	321	A	C	500	0.181	223	0.190583	277	0.173285	0.106588	0.102713	0.125706	-0.043702	0.136966	0.207126	-0.018767	0.299398	0.832893	0.570811
rs322	rs322	1	322	A	C	500	0.217	223	0.201794	277	0.229242	0.0170501	0.101582	0.00232066	0.0265107	0.152401	0.204479	-0.0232307	0.866704	0.896843	0.97776
rs323	rs323	1	323	A	C	500	0.315	223	0.282511	277	0.341155	0.035187	0.0923643	-0.077913	0.203334	0.138702	0.186031	-0.0192497	0.703234	0.274389	0.511759
rs324	rs324	1	324	A	C	500	0.188	223	0.190583	277	0.185921	0.102497	0.104466	0.192688	-0.150409	0.164996	0.212983	-0.0272006	0.326515	0.480062	0.481574
rs325	rs325	1	325	A	C	500	0.098	223	0.100897	277	0.0956679	0.0894499	0.141769	0.0126375	0.129234	0.222802	0.289179	-0.0497037	0.52807	0.654948	0.741625
rs326	rs326	1	326	A	C	500	0.322	223	0.320628	277	0.323105	-0.00643279	0.0898319	-0.0258851	0.0373774	0.129722	0.179823	-0.0168287	0.942913	0.835341	0.976123
rs327	rs327	1	327	A	C	500	0.133	223	0.130045	277	0.135379	0.0795274	0.126541	0.0994525	-0.0408124	0.176826	0.252987	-0.0312466	0.529694	0.871839	0.810178
rs328	rs328	1	328	A	C	500	0.166	223	0.163677	277	0.16787	0.0936556	0.108134	0.0126352	0.131223	0.174771	0.22238	-0.0305334	0.386429	0.555134	0.577427
rs329	rs329	1	329	A	C	500	0.31	223	0.29148	277	0.32491	-0.200835	0.0908067	-0.134499	-0.111236	0.142932	0.18509	-0.0204302	0.026989	0.547852	0.0723423
rs330	rs330	1	330	A	C	500	0.195	223	0.192825	277	0.196751	-0.0651642	0.10535	0.0574737	-0.233801	0.15279	0.210971	-0.0233465	0.536213	0.267768	0.446921
rs331	rs331	1	331	A	C	500	0.375	223	0.32287	277	0.416968	0.0318213	0.0849447	-0.00209026	0.058773	0.130696	0.172147	-0.0170989	0.707949	0.732793	0.879459
rs332	rs332	1	332	A	C	500	0.335	223	0.352018	277	0.3213	-0.0533861	0.0874376	-0.0186967	-0.0630809	0.130286	0.175639	-0.0169645	0.54149	0.719482	0.77811
rs333	rs333	1	333	A	C	500	0.189	223	0.186099	277	0.191336	0.0582297	0.100552	-0.0515514	0.208794	0.14601	0.201352	-0.0213167	0.562522	0.299754	0.493949
rs334	rs334	1	334	A	C	500	0.194	223	0.206278	277	0.184116	-0.0442913	0.103525	-0.0734407	0.0542783	0.152308	0.208023	-0.0232395	0.668772	0.794151	0.882001
rs335	rs335	1	335	A	C	500	0.264	223	0.266816	277	0.261733	0.0533781	0.0961401	-0.053936	0.190869	0.145339	0.193863	-0.0211307	0.57875	0.324844	0.527925
rs336	rs336	1	336	A	C	500	0.379	223	0.392377	277	0.368231	0.0359287	0.0870776	0.122015	-0.152563	0.131933	0.175653	-0.0174099	0.679895	0.385095	0.629828
rs337	rs337	1	337	A	C	500	0.402	223	0.399103	277	0.404332	-0.0680095	0.0880186	-0.0289199	-0.072034	0.130175	0.176739	-0.0169507	0.439717	0.683587	0.68279
rs338	rs338	1	338	A	C	500	0.122	223	0.112108	277	0.129964	-0.179127	0.122068	-0.214995	0.0619897	0.188072	0.247275	-0.0353787	0.142258	0.802053	0.330184
rs339	rs339	1	339	A	C	500	0.314	223	0.307175	277	0.319495	0.157236	0.0871898	0.197901	-0.0731004	0.130903	0.175517	-0.0171374	0.0713299	0.677055	0.180359
rs340	rs340	1	340	A	C	500	0.122	223	0.0896861	277	0.148014	-0.0888435	0.128427	-0.120098	0.0521007	0.203141	0.262369	-0.041295	0.489075	0.842593	0.771826
rs341	rs341	1	341	A	C	500	0.201	223	0.195067	277	0.205776	-0.00765552	0.103797	0.153932	-0.287693	0.15671	0.209031	-0.0245415	0.941206	0.168723	0.3868
rs342	rs342	1	342	A	C	500	0.173	223	0.188341	277	0.16065	-0.054424	0.110513	-0.18145	0.213375	0.173647	0.22499	-0.0301353	0.622389	0.342939	0.564978
rs343	rs343	1	343	A	C	500	0.261	223	0.278027	277	0.247292	-0.0130513	0.0931051	-0.100318	0.154398	0.141137	0.187669	-0.0199064	0.888519	0.410671	0.70592
rs344	rs344	1	344	A	C	500	0.18	223	0.186099	277	0.17509	0.255468	0.110127	0.137705	0.230471	0.157314	0.219853	-0.0246977	0.0203544	0.294502	0.0391606
rs345	rs345	1	345	A	C	500	0.34	223	0.336323	277	0.34296	0.0282614	0.086161	-0.0449048	0.125507	0.133554	0.175043	-0.017862	0.742906	0.473369	0.732828
rs346	rs346	1	346	A	C	500	0.111	223	0.130045	277	0.0956679	-0.00905695	0.127274	-0.0858878	0.159586	0.176687	0.254559	-0.0311973	0.94327	0.530716	0.819515
rs347	rs347	1	347	A	C	500	0.316	223	0.345291	277	0.292419	-0.0767601	0.0873118	0.0819673	-0.280707	0.132406	0.176033	-0.0175222	0.37932	0.110796	0.190545
rs348	rs348	1	348	A	C	500	0.211	223	0.224215	277	0.200361	0.173843	0.103673	0.132529	0.0735174	0.156677	0.209035	-0.0245556	0.0935746	0.725065	0.230447
rs349	rs349	1	349	A	C	500	0.321	223	0.32287	277	0.319495	-0.0314084	0.0926907	-0.0201614	-0.0193657	0.143244	0.188048	-0.0205371	0.734722	0.917976	0.939213
rs350	rs350	1	350	A	C	500	0.312	223	0.329596	277	0.297834	-0.00666135	0.0920525	-0.0368247	0.0527042	0.140811	0.186183	-0.0198388	0.942312	0.777118	0.958213
rs351	rs351	1	351	A	C	500	0.126	223	0.125561	277	0.126354	-0.0363877	0.123024	-0.283374	0.470581	0.178436	0.246251	-0.0318269	0.7674	0.0560072	0.154176
rs352	rs352	1	352	A	C	500	0.12	223	0.132287	277	0.110108	0.0731765	0.132832	-0.0784521	0.229904	0.227531	0.280097	-0.0517429	0.581707	0.411759	0.613484
rs353	rs353	1	353	A	C	500	0.307	223	0.29148	277	0.319495	0.00263035	0.0907553	-0.000755158	0.00648424	0.131266	0.181641	-0.0172264	0.976878	0.971523	0.998943
rs354	rs354	1	354	A	C	500	0.137	223	0.14574	277	0.129964	-0.110352	0.118597	-0.309141	0.330759	0.187674	0.242014	-0.0352016	0.352122	0.171722	0.254916
rs355	rs355	1	355	A	C	500	0.289	223	0.298206	277	0.281588	-0.0176207	0.0929092	-0.126446	0.208046	0.134512	0.185955	-0.0180878	0.84958	0.263226	0.525272
rs356	rs356	1	356	A	C	500	0.114	223	0.118834	277	0.110108	0.0380387	0.130443	0.00018995	0.0692274	0.19372	0.261956	-0.0375173	0.770583	0.791571	0.925484
rs357	rs357	1	357	A	C	500	0.307	223	0.311659	277	0.303249	-0.101082	0.0862905	-0.148389	0.0923118	0.123555	0.172555	-0.0152589	0.241433	0.592669	0.436398
rs358	rs358	1	358	A	C	500	0.379	223	0.35426	277	0.398917	-0.00238651	0.0853608	-0.156448	0.263503	0.132473	0.173269	-0.0175528	0.977696	0.128316	0.314499
rs359	rs359	1	359	A	C	500	0.298	223	0.289238	277	0.305054	0.136009	0.0875755	0.115068	0.0349814	0.138328	0.178871	-0.0191528	0.120412	0.844949	0.293727
rs360	rs360	1	360	A	C	500	0.409	223	0.410314	277	0.407942	-0.00664989	0.0818916	0.0153122	-0.0386412	0.124732	0.165536	-0.0155743	0.93528	0.815427	0.96992
rs361	rs361	1	361	A	C	500	0.109	223	0.105381	277	0.111913	-0.00305985	0.127956	0.116553	-0.197667	0.203545	0.261593	-0.041409	0.980922	0.449872	0.751433
rs362	rs362	1	362	A	C	500	0.107	223	0.112108	277	0.102888	-0.00966136	0.133343	-0.14023	0.231782	0.201577	0.268355	-0.0405676	0.94224	0.387747	0.686861
rs363	rs363	1	363	A	C	500	0.33	223	0.325112	277	0.333935	0.0132289	0.0876199	-0.0425701	0.098617	0.132996	0.176832	-0.0176927	0.879991	0.577057	0.846279
rs364	rs364	1	364	A	C	500	0.199	223	0.199552	277	0.198556	-0.0659567	0.102496	-0.157481	0.160469	0.15643	0.207191	-0.0244843	0.519897	0.438636	0.602316
rs365	rs365	1	365	A	C	500	0.166	223	0.179372	277	0.155235	-0.0733049	0.112176	-0.055728	-0.0300441	0.174257	0.227934	-0.030395	0.513446	0.895134	0.80075
rs366	rs366	1	366	A	C	500	0.261	223	0.253363	277	0.267148	-0.0580678	0.0972712	-0.0236869	-0.0617843	0.146082	0.195855	-0.0213457	0.550528	0.752413	0.79617
rs367	rs367	1	367	A	C	500	0.289	223	0.311659	277	0.270758	0.0888416	0.0891356	0.089333	-0.000955156	0.12788	0.178219	-0.016342	0.318909	0.995724	0.608522
rs368	rs368	1	368	A	C	500	0.275	223	0.280269	277	0.270758	0.00208994	0.0973157	0.13979	-0.23718	0.150202	0.19707	-0.0225474	0.982866	0.228771	0.484579
rs369	rs369	1	369	A	C	500	0.16	223	0.188341	277	0.137184	0.0692585	0.114428	0.114099	-0.0749294	0.180646	0.233579	-0.0326504	0.545008	0.748371	0.790871
rs370	rs370	1	370	A	C	500	0.224	223	0.226457	277	0.222022	-0.0357914	0.0960051	-0.00863958	-0.048182	0.145296	0.193529	-0.0211061	0.709292	0.803388	0.904399
rs371	rs371	1	371	A	C	500	0.21	223	0.221973	277	0.200361	0.00999316	0.10228	-0.168991	0.326641	0.152086	0.205413	-0.0231207	0.922167	0.111797	0.281088
rs372	rs372	1	372	A	C	500	0.224	223	0.197309	277	0.245487	0.0825764	0.0954097	0.209328	-0.221385	0.14591	0.192812	-0.0212851	0.386769	0.25089	0.355686
rs373	rs373	1	373	A	C	500	0.235	223	0.253363	277	0.220217	0.0599494	0.0994566	0.10896	-0.0950369	0.142814	0.198741	-0.020369	0.546662	0.632511	0.743787
rs374	rs374	1	374	A	C	500	0.231	223	0.244395	277	0.220217	0.0156475	0.103446	-0.030562	0.0828887	0.155446	0.208127	-0.0241485	0.879769	0.690438	0.91325
rs375	rs375	1	375	A	C	500	0.344	223	0.340807	277	0.34657	-0.107959	0.0867674	0.0277003	-0.238188	0.13227	0.175287	-0.0174996	0.213413	0.174195	0.183178
rs376	rs376	1	376	A	C	500	0.436	223	0.428251	277	0.442238	-0.00883202	0.0819014	-0.012048	0.00558985	0.12567	0.165675	-0.0157915	0.914125	0.973085	0.993637
rs377	rs377	1	377	A	C	500	0.159	223	0.161435	277	0.15704	-0.0818718	0.11218	-0.0980297	0.0280841	0.172138	0.226935	-0.0296296	0.465498	0.90151	0.760348
rs378	rs378	1	378	A	C	500	0.144	223	0.136771	277	0.149819	-0.0876469	0.117682	-0.169588	0.143307	0.179774	0.237679	-0.0323013	0.456408	0.546547	0.631843
rs379	rs379	1	379	A	C	500	0.241	223	0.217489	277	0.259928	-0.0136605	0.0943643	-0.104261	0.152535	0.148129	0.192237	-0.0219501	0.884898	0.427503	0.722328
rs380	rs380	1	380	A	C	500	0.294	223	0.284753	277	0.301444	0.0238578	0.0902609	0.0855053	-0.114739	0.132686	0.181011	-0.0176042	0.791533	0.526161	0.789913
rs381	rs381	1	381	A	C	500	0.372	223	0.360987	277	0.380866	-0.105728	0.0843126	-0.232688	0.228795	0.126401	0.169709	-0.0159821	0.209844	0.177607	0.183596
rs382	rs382	1	382	A	C	500	0.27	223	0.264574	277	0.274368	-0.0948964	0.0933274	-0.0706183	-0.0481214	0.132643	0.186823	-0.0176091	0.309243	0.796733	0.576877
rs383	rs383	1	383	A	C	500	0.282	223	0.282511	277	0.281588	0.00309801	0.0930191	0.0308935	-0.0465342	0.146594	0.189685	-0.0214916	0.973431	0.806206	0.969819
rs384	rs384	1	384	A	C	500	0.272	223	0.313901	277	0.238267	0.0322643	0.0916757	0.0796711	-0.0866447	0.136293	0.184327	-0.0185898	0.724884	0.638312	0.841635
rs385	rs385	1	385	A	C	500	0.24	223	0.251121	277	0.231047	-0.0831037	0.0989045	-0.00840355	-0.134054	0.148736	0.199352	-0.0221454	0.400773	0.501298	0.560404
rs386	rs386	1	386	A	C	500	0.397	223	0.40583	277	0.389892	-0.00285906	0.0874731	-0.0405819	0.0667823	0.132561	0.176332	-0.0175633	0.973926	0.704888	0.930296
rs387	rs387	1	387	A	C	500	0.283	223	0.278027	277	0.287004	-0.0458671	0.0931081	-0.0337004	-0.0237437	0.133317	0.18621	-0.0177677	0.62228	0.898537	0.878563
rs388	rs388	1	388	A	C	500	0.136	223	0.136771	277	0.135379	0.0189559	0.119922	-0.216251	0.444015	0.174903	0.240345	-0.0306	0.874403	0.0646877	0.179253
rs389	rs389	1	389	A	C	500	0.192	223	0.197309	277	0.187726	0.17903	0.100343	0.290625	-0.207893	0.147429	0.201217	-0.0217338	0.0743945	0.30152	0.119388
rs390	rs390	1	390	A	C	500	0.176	223	0.188341	277	0.166065	0.105213	0.111073	-0.00346032	0.175658	0.17987	0.228683	-0.0323534	0.343518	0.442411	0.475381
rs391	rs391	1	391	A	C	500	0.271	223	0.269058	277	0.272563	0.0181624	0.0951489	0.144913	-0.221369	0.145487	0.192219	-0.0211557	0.848616	0.249465	0.505925
rs392	rs392	1	392	A	C	500	0.135	223	0.132287	277	0.137184	-0.0697448	0.123869	-0.158893	0.142152	0.202715	0.255875	-0.0410596	0.5734	0.578517	0.731373
rs393	rs393	1	393	A	C	500	0.199	223	0.197309	277	0.200361	-0.0765405	0.102996	-0.228185	0.258425	0.160217	0.20914	-0.0256665	0.457399	0.216587	0.353614
rs394	rs394	1	394	A	C	500	0.155	223	0.159193	277	0.151625	-0.171788	0.112985	-0.256281	0.157587	0.165819	0.226363	-0.0274735	0.128398	0.486323	0.247039
rs395	rs395	1	395	A	C	500	0.408	223	0.410314	277	0.406137	-0.114707	0.083311	-0.2621	0.2744	0.12243	0.167017	-0.0149836	0.168556	0.100395	0.10051
rs396	rs396	1	396	A	C	500	0.111	223	0.121076	277	0.102888	0.0904285	0.133122	0.00756041	0.12799	0.22438	0.278974	-0.0503894	0.496953	0.646386	0.714651
rs397	rs397	1	397	A	C	500	0.156	223	0.170404	277	0.144404	-0.116922	0.11625	-0.348067	0.453068	0.16613	0.232627	-0.0276085	0.314522	0.0514615	0.0905014
rs398	rs398	1	398	A	C	500	0.319	223	0.347534	277	0.296029	-0.0188279	0.0906658	-0.00307541	-0.0280993	0.136822	0.182785	-0.0187298	0.835493	0.877824	0.967173
rs399	rs399	1	399	A	C	500	0.306	223	0.320628	277	0.294224	0.0369842	0.0904185	0.059393	-0.0423283	0.13182	0.181187	-0.0173796	0.682515	0.815282	0.89499
rs400	rs400	1	400	A	C	500	0.324	223	0.284753	277	0.355596	-0.0925643	0.0896582	0.0263302	-0.202233	0.139658	0.182135	-0.0195028	0.301879	0.26685	0.316836
rs401	rs401	1	401	A	C	500	0.173	223	0.170404	277	0.17509	0.134696	0.109532	0.0703954	0.120546	0.160305	0.219435	-0.0256845	0.218795	0.582766	0.403725
rs402	rs402	1	402	A	C	500	0.113	223	0.11435	277	0.111913	-0.0769594	0.136131	0.0560588	-0.227954	0.210927	0.276107	-0.0444856	0.571846	0.409031	0.606161
rs403	rs403	1	403	A	C	500	0.401	223	0.44843	277	0.362816	0.0011816	0.0824112	0.0317689	-0.0509032	0.1304	0.168178	-0.0169955	0.98856	0.762138	0.955129
rs404	rs404	1	404	A	C	500	0.178	223	0.195067	277	0.16426	0.0870384	0.110651	0.00112842	0.145982	0.172522	0.224918	-0.029771	0.431515	0.516309	0.59452
rs405	rs405	1	405	A	C	500	0.389	223	0.392377	277	0.386282	-0.00465706	0.087484	-0.099243	0.163113	0.134948	0.177191	-0.0182063	0.957546	0.357286	0.65369
rs406	rs406	1	406	A	C	500	0.114	223	0.103139	277	0.122744	-0.116806	0.130041	-0.216499	0.172221	0.200426	0.263467	-0.040182	0.369063	0.513324	0.539533
rs407	rs407	1	407	A	C	500	0.323	223	0.295964	277	0.344765	0.0588614	0.0867303	0.0222285	0.0683432	0.127235	0.173679	-0.0161686	0.497346	0.693948	0.735121
rs408	rs408	1	408	A	C	500	0.266	223	0.29148	277	0.245487	0.134868	0.09619	0.175993	-0.0680571	0.152904	0.196694	-0.0233785	0.160886	0.729339	0.352466
rs409	rs409	1	409	A	C	500	0.107	223	0.103139	277	0.110108	-0.019404	0.135997	0.0696042	-0.156578	0.207038	0.274615	-0.0428696	0.886543	0.568561	0.841367
rs410	rs410	1	410	A	C	500	0.408	223	0.412556	277	0.404332	-0.0257829	0.0845524	-0.069779	0.0807761	0.125362	0.169929	-0.0157278	0.760417	0.634537	0.852594
rs411	rs411	1	411	A	C	500	0.244	223	0.235426	277	0.250903	0.0341839	0.0968094	-0.0318554	0.107284	0.156085	0.198903	-0.0243529	0.72401	0.589626	0.812365
rs412	rs412	1	412	A	C	500	0.127	223	0.141256	277	0.115523	-0.0507095	0.123377	0.231502	-0.498674	0.187258	0.248916	-0.0350643	0.681064	0.0451365	0.123535
rs413	rs413	1	413	A	C	500	0.152	223	0.134529	277	0.166065	-0.0787434	0.109529	-0.0323146	-0.0921791	0.155565	0.219326	-0.0242291	0.472188	0.674279	0.706986
rs414	rs414	1	414	A	C	500	0.37	223	0.360987	277	0.377256	-0.0382346	0.0859865	-0.146206	0.200045	0.126819	0.172709	-0.0160993	0.656567	0.246749	0.463166
rs415	rs415	1	415	A	C	500	0.194	223	0.224215	277	0.169675	-0.056206	0.104948	0.030403	-0.159097	0.155446	0.210646	-0.024155	0.592262	0.450079	0.651395
rs416	rs416	1	416	A	C	500	0.239	223	0.221973	277	0.252708	0.0169984	0.0976754	-0.0133387	0.0547508	0.146312	0.1966	-0.0214165	0.861843	0.780637	0.947507
rs417	rs417	1	417	A	C	500	0.149	223	0.130045	277	0.16426	0.0750492	0.11732	0.00131495	0.136483	0.173028	0.235413	-0.0299399	0.522369	0.562076	0.688894
rs418	rs418	1	418	A	C	500	0.222	223	0.248879	277	0.200361	0.127295	0.104783	0.355471	-0.380109	0.165754	0.21395	-0.0274779	0.224426	0.0756297	0.0986554
rs419	rs419	1	419	A	C	500	0.106	223	0.100897	277	0.110108	0.0415898	0.133775	0.133004	-0.164819	0.200444	0.269134	-0.0401741	0.755882	0.540271	0.789903
rs420	rs420	1	420	A	C	500	0.285	223	0.280269	277	0.288809	-0.0268815	0.0918045	-0.0498197	0.0396421	0.141335	0.185712	-0.0199564	0.769665	0.830968	0.936456
rs421	rs421	1	421	A	C	500	0.145	223	0.141256	277	0.148014	0.0321168	0.117641	0.417468	-0.656453	0.183017	0.238831	-0.0334839	0.784849	0.00598497	0.0220448
rs422	rs422	1	422	A	C	500	0.217	223	0.221973	277	0.212996	-0.00215749	0.100194	-0.00040097	-0.00325278	0.147707	0.200978	-0.021812	0.98282	0.987087	0.999637
rs423	rs423	1	423	A	C	500	0.303	223	0.280269	277	0.3213	-0.0641553	0.092218	-0.0743032	0.0192013	0.134286	0.1847	-0.0180293	0.486622	0.917202	0.78083
rs424	rs424	1	424	A	C	500	0.321	223	0.307175	277	0.33213	0.0364566	0.0867933	0.083899	-0.0806987	0.135157	0.176233	-0.0182588	0.674456	0.647017	0.824435
rs425	rs425	1	425	A	C	500	0.126	223	0.150224	277	0.106498	0.0798508	0.120967	0.137852	-0.10983	0.176094	0.242319	-0.0310094	0.509187	0.650372	0.725725
rs426	rs426	1	426	A	C	500	0.262	223	0.266816	277	0.258123	-0.0259524	0.0941548	-0.0506269	0.039546	0.153676	0.194657	-0.023642	0.782828	0.839012	0.943061
rs427	rs427	1	427	A	C	500	0.154	223	0.163677	277	0.146209	0.0626481	0.115944	-0.00306207	0.116713	0.175378	0.233717	-0.0307534	0.58897	0.617513	0.762871
rs428	rs428	1	428	A	C	500	0.341	223	0.347534	277	0.33574	-0.031465	0.082801	0.00790033	-0.0687942	0.126593	0.167347	-0.016025	0.70394	0.681009	0.854961
rs429	rs429	1	429	A	C	500	0.243	223	0.233184	277	0.250903	0.0488904	0.096894	0.0678136	-0.0346969	0.143798	0.19482	-0.0207001	0.613857	0.858647	0.866617
rs430	rs430	1	430	A	C	500	0.125	223	0.118834	277	0.129964	-0.0795898	0.133735	-0.0492604	-0.0506633	0.211282	0.273232	-0.0446924	0.551757	0.852898	0.823427
rs431	rs431	1	431	A	C	500	0.342	223	0.35426	277	0.33213	0.00969589	0.0872603	0.0276556	-0.030422	0.136372	0.177519	-0.0186039	0.911526	0.863931	0.979358
rs432	rs432	1	432	A	C	500	0.248	223	0.253363	277	0.243682	-0.190176	0.0988797	-0.257081	0.126062	0.14443	0.198356	-0.0208818	0.0544414	0.525081	0.128541
rs433	rs433	1	433	A	C	500	0.298	223	0.320628	277	0.279783	-0.122399	0.0914474	-0.117954	-0.0077508	0.140122	0.185116	-0.0196532	0.180746	0.966602	0.407947
rs434	rs434	1	434	A	C	500	0.156	223	0.183857	277	0.133574	0.0299732	0.119248	0.0751342	-0.0771242	0.185347	0.242317	-0.0343827	0.801542	0.750274	0.921051
rs435	rs435	1	435	A	C	500	0.23	223	0.233184	277	0.227437	0.0704282	0.0999059	0.106165	-0.060058	0.157061	0.203665	-0.024682	0.480844	0.76808	0.746803
rs436	rs436	1	436	A	C	500	0.355	223	0.35426	277	0.355596	0.012269	0.0882385	0.188575	-0.317697	0.132262	0.17754	-0.0174922	0.889416	0.0735432	0.199743
rs437	rs437	1	437	A	C	500	0.173	223	0.163677	277	0.180505	-0.118845	0.116599	-0.275837	0.269252	0.180584	0.236501	-0.0326125	0.308077	0.25492	0.311138
rs438	rs438	1	438	A	C	500	0.157	223	0.14574	277	0.166065	0.132725	0.117577	0.106519	0.0419209	0.192156	0.243133	-0.0369528	0.25897	0.863108	0.521007
rs439	rs439	1	439	A	C	500	0.252	223	0.23991	277	0.261733	0.0463402	0.097287	0.0293418	0.0297809	0.148554	0.196687	-0.022081	0.633843	0.87965	0.88258
rs440	rs440	1	440	A	C	500	0.204	223	0.197309	277	0.209386	-0.187892	0.103999	-0.211395	0.0426062	0.155336	0.209169	-0.0241348	0.0708134	0.838594	0.191517
rs441	rs441	1	441	A	C	500	0.291	223	0.278027	277	0.301444	0.0528201	0.0941825	0.14956	-0.170081	0.143426	0.190175	-0.0205712	0.574915	0.371142	0.572821
rs442	rs442	1	442	A	C	500	0.136	223	0.154709	277	0.120939	0.128745	0.114504	-0.0152091	0.253106	0.174346	0.231165	-0.0303923	0.260855	0.273553	0.291846
rs443	rs443	1	443	A	C	500	0.24	223	0.23991	277	0.240072	0.0374102	0.0943758	-0.0119491	0.0815092	0.150295	0.193157	-0.0225935	0.691813	0.673036	0.845692
rs444	rs444	1	444	A	C	500	0.295	223	0.318386	277	0.276173	0.121495	0.0899435	0.144349	-0.0417075	0.133737	0.180627	-0.0178773	0.176761	0.81739	0.391026
rs445	rs445	1	445	A	C	500	0.272	223	0.2713	277	0.272563	0.0470272	0.0934576	0.104616	-0.0962045	0.147541	0.190722	-0.0217741	0.614829	0.613964	0.775829
rs446	rs446	1	446	A	C	500	0.217	223	0.235426	277	0.202166	-0.0339231	0.100059	-0.074039	0.0700531	0.153063	0.202269	-0.0234286	0.734587	0.729089	0.889189
rs447	rs447	1	447	A	C	500	0.096	223	0.103139	277	0.0902527	-0.014815	0.145019	0.0617844	-0.13893	0.216384	0.291278	-0.0467785	0.918631	0.633387	0.887838
rs448	rs448	1	448	A	C	500	0.134	223	0.118834	277	0.146209	-0.00935681	0.122232	-0.0913857	0.135014	0.195159	0.250412	-0.0380976	0.938982	0.589771	0.862189
rs449	rs449	1	449	A	C	500	0.382	223	0.423767	277	0.348375	0.120802	0.0907973	0.203238	-0.147669	0.136667	0.182975	-0.01869	0.183369	0.41964	0.297984
rs450	rs450	1	450	A	C	500	0.234	223	0.230942	277	0.236462	-0.0709586	0.098732	-0.095385	0.0417141	0.153304	0.200282	-0.0234887	0.472326	0.835013	0.755818
rs451	rs451	1	451	A	C	500	0.33	223	0.327354	277	0.33213	0.0145856	0.0892038	-0.0100167	0.0431661	0.13594	0.179981	-0.0184623	0.870118	0.810456	0.958747
rs452	rs452	1	452	A	C	500	0.159	223	0.130045	277	0.18231	0.0910357	0.110566	-0.0203119	0.195638	0.168375	0.223114	-0.0283322	0.410301	0.380566	0.4851
rs453	rs453	1	453	A	C	500	0.357	223	0.349776	277	0.362816	0.0573981	0.0829234	0.0852543	-0.0501713	0.124215	0.166569	-0.0154047	0.488823	0.763259	0.752074
rs454	rs454	1	454	A	C	500	0.134	223	0.141256	277	0.128159	0.0701232	0.124529	-0.11539	0.325184	0.190074	0.251712	-0.0361454	0.573362	0.196395	0.370451
rs455	rs455	1	455	A	C	500	0.294	223	0.2713	277	0.312274	-0.000531881	0.0935754	-0.00405896	0.00643017	0.139304	0.188134	-0.0194146	0.995465	0.972735	0.9994
rs456	rs456	1	456	A	C	500	0.219	223	0.213004	277	0.223827	0.00753052	0.104209	-0.139772	0.282161	0.150749	0.208658	-0.022729	0.942392	0.176289	0.399746
rs457	rs457	1	457	A	C	500	0.298	223	0.331839	277	0.270758	-0.0108493	0.0904239	-0.0442524	0.0632759	0.131605	0.181136	-0.0173203	0.904497	0.726843	0.934061
rs458	rs458	1	458	A	C	500	0.187	223	0.172646	277	0.198556	0.145671	0.108924	0.115679	0.050022	0.17209	0.22221	-0.0296053	0.181106	0.821893	0.398679
rs459	rs459	1	459	A	C	500	0.244	223	0.253363	277	0.236462	0.00131325	0.0998805	-0.0785437	0.141725	0.151093	0.201205	-0.0228109	0.98951	0.481194	0.780232
rs460	rs460	1	460	A	C	500	0.365	223	0.367713	277	0.362816	0.0181794	0.090786	0.011874	0.011118	0.138119	0.183538	-0.0191044	0.841289	0.951697	0.978354
rs461	rs461	1	461	A	C	500	0.298	223	0.295964	277	0.299639	-0.106396	0.0921976	-0.163083	0.102127	0.138147	0.185344	-0.0190679	0.248502	0.581624	0.441463
rs462	rs462	1	462	A	C	500	0.341	223	0.32287	277	0.355596	0.0709885	0.087297	0.135696	-0.112338	0.133876	0.176212	-0.0178853	0.416113	0.52379	0.586346
rs463	rs463	1	463	A	C	500	0.309	223	0.329596	277	0.292419	-0.0800872	0.0910403	0.0917422	-0.29969	0.139348	0.183999	-0.0194114	0.379028	0.103364	0.18026
rs464	rs464	1	464	A	C	500	0.258	223	0.244395	277	0.268953	0.153137	0.0974495	0.14119	0.0217893	0.145092	0.196057	-0.0210751	0.116078	0.911507	0.289122
rs465	rs465	1	465	A	C	500	0.367	223	0.360987	277	0.371841	-0.102486	0.0857347	-0.301917	0.355424	0.129465	0.172889	-0.0167718	0.231935	0.0398028	0.0591537
rs466	rs466	1	466	A	C	500	0.151	223	0.159193	277	0.144404	-0.104584	0.11447	-0.176451	0.125768	0.174847	0.231293	-0.0305693	0.36091	0.586606	0.568246
rs467	rs467	1	467	A	C	500	0.287	223	0.282511	277	0.290614	0.0425234	0.0955436	-0.0689612	0.191325	0.147926	0.193809	-0.0218872	0.656271	0.323553	0.556378
rs468	rs468	1	468	A	C	500	0.316	223	0.327354	277	0.306859	0.0480403	0.0882844	0.0486744	-0.00114225	0.132443	0.177838	-0.0175573	0.586336	0.994875	0.862369
rs469	rs469	1	469	A	C	500	0.347	223	0.340807	277	0.351986	-0.0246356	0.0879875	-0.123898	0.16674	0.138318	0.179275	-0.019133	0.779485	0.35233	0.623928
rs470	rs470	1	470	A	C	500	0.324	223	0.336323	277	0.314079	-0.0551897	0.0892088	-0.0859598	0.059765	0.128101	0.178562	-0.0164158	0.536142	0.737851	0.780843
rs471	rs471	1	471	A	C	500	0.181	223	0.179372	277	0.18231	0.0309991	0.105561	0.0332572	-0.00467729	0.146765	0.211205	-0.0215355	0.769018	0.982332	0.957563
rs472	rs472	1	472	A	C	500	0.163	223	0.183857	277	0.146209	0.0074873	0.111949	-0.0317183	0.0732623	0.164208	0.224485	-0.0269677	0.946676	0.744155	0.946021
rs473	rs473	1	473	A	C	500	0.397	223	0.394619	277	0.398917	0.0124865	0.0849912	-0.0257313	0.0658734	0.131296	0.172495	-0.0172626	0.883199	0.702545	0.919697
rs474	rs474	1	474	A	C	500	0.238	223	0.257848	277	0.222022	0.0393361	0.0970403	0.112863	-0.138538	0.141712	0.194586	-0.0200956	0.685214	0.476487	0.714906
rs475	rs475	1	475	A	C	500	0.179	223	0.199552	277	0.162455	0.0732178	0.114989	0.166648	-0.167561	0.17293	0.231641	-0.0299189	0.524295	0.469456	0.628545
rs476	rs476	1	476	A	C	500	0.232	223	0.226457	277	0.236462	0.0542453	0.096432	-0.0145089	0.117955	0.149304	0.195552	-0.02229	0.573759	0.546385	0.711675
rs477	rs477	1	477	A	C	500	0.248	223	0.244395	277	0.250903	-0.113666	0.102425	-0.161346	0.0892587	0.15013	0.205483	-0.0225547	0.267106	0.664009	0.491585
rs478	rs478	1	478	A	C	500	0.29	223	0.320628	277	0.265343	0.0320655	0.0954245	0.0752185	-0.0752226	0.146121	0.192897	-0.021346	0.736848	0.696565	0.875909
rs479	rs479	1	479	A	C	500	0.215	223	0.226457	277	0.205776	0.0917304	0.097044	0.128727	-0.0658891	0.14656	0.195598	-0.0214821	0.344534	0.736223	0.604423
rs480	rs480	1	480	A	C	500	0.154	223	0.152466	277	0.155235	-0.14373	0.116576	-0.248999	0.200078	0.16936	0.2335	-0.0286861	0.217601	0.391518	0.323948
rs481	rs481	1	481	A	C	500	0.186	223	0.195067	277	0.1787	0.128515	0.101941	0.167484	-0.0759336	0.14611	0.203959	-0.0213487	0.207427	0.70967	0.421493
rs482	rs482	1	482	A	C	500	0.348	223	0.345291	277	0.350181	0.0511882	0.0894053	-0.0663617	0.208892	0.135219	0.18027	-0.0182872	0.566955	0.246548	0.433752
rs483	rs483	1	483	A	C	500	0.404	223	0.40583	277	0.402527	-0.0322156	0.0845634	0.0409539	-0.135968	0.124375	0.16948	-0.0154573	0.70323	0.422402	0.674099
rs484	rs484	1	484	A	C	500	0.207	223	0.192825	277	0.218412	-0.00301104	0.100748	-0.0763673	0.130156	0.152591	0.203339	-0.0233033	0.976157	0.522114	0.814399
rs485	rs485	1	485	A	C	500	0.133	223	0.136771	277	0.129964	-0.00608458	0.12343	0.0468807	-0.0811482	0.209412	0.259185	-0.0438462	0.960684	0.754212	0.951013
rs486	rs486	1	486	A	C	500	0.209	223	0.215247	277	0.203971	0.0516633	0.100765	0.00442274	0.0895309	0.146627	0.201872	-0.0215027	0.608153	0.657401	0.794705
rs487	rs487	1	487	A	C	500	0.33	223	0.32287	277	0.33574	-0.0935661	0.0877157	-0.0726142	-0.0400499	0.127051	0.175692	-0.0161483	0.286108	0.819681	0.551616
rs488	rs488	1	488	A	C	500	0.111	223	0.100897	277	0.119134	0.237845	0.138595	0.233447	0.00822429	0.203131	0.277665	-0.0412345	0.0861397	0.976371	0.229242
rs489	rs489	1	489	A	C	500	0.356	223	0.345291	277	0.364621	-0.0320977	0.0874996	0.0250736	-0.103391	0.130869	0.175992	-0.017127	0.713744	0.556884	0.786748
rs490	rs490	1	490	A	C	500	0.288	223	0.29148	277	0.285199	0.078713	0.0898189	0.258468	-0.327261	0.13383	0.180625	-0.0179203	0.380839	0.0700142	0.131949
rs491	rs491	1	491	A	C	500	0.135	223	0.147982	277	0.124549	0.0629716	0.120264	0.171763	-0.218854	0.169492	0.240259	-0.0286944	0.60055	0.362342	0.575818
rs492	rs492	1	492	A	C	500	0.149	223	0.147982	277	0.149819	0.0371851	0.114949	0.15452	-0.180371	0.194507	0.2412	-0.0378458	0.746323	0.454578	0.717538
rs493	rs493	1	493	A	C	500	0.252	223	0.286996	277	0.223827	0.123891	0.0983627	-0.0203781	0.247136	0.152533	0.199706	-0.0232819	0.20784	0.215902	0.210366
rs494	rs494	1	494	A	C	500	0.192	223	0.192825	277	0.191336	0.0584711	0.101557	-0.144221	0.364139	0.152543	0.204482	-0.0232746	0.564785	0.0749479	0.173542
rs495	rs495	1	495	A	C	500	0.23	223	0.213004	277	0.243682	-0.0720595	0.0946839	-0.263948	0.354826	0.139713	0.189973	-0.0195172	0.446625	0.0617938	0.130826
rs496	rs496	1	496	A	C	500	0.299	223	0.293722	277	0.303249	-0.00906168	0.0911599	0.0793493	-0.152061	0.140892	0.184766	-0.0198487	0.920817	0.410511	0.709212
rs497	rs497	1	497	A	C	500	0.301	223	0.329596	277	0.277978	-0.0522882	0.0897933	-0.0620237	0.0173124	0.135731	0.181	-0.0184231	0.560353	0.9238	0.840195
rs498	rs498	1	498	A	C	500	0.355	223	0.372197	277	0.341155	0.00250875	0.0842368	0.160631	-0.314969	0.119434	0.168654	-0.0142796	0.976241	0.0618249	0.174765
rs499	rs499	1	499	A	C	500	0.332	223	0.313901	277	0.34657	-0.0610881	0.0872704	-0.0507732	-0.0167708	0.140593	0.179217	-0.0197547	0.483935	0.925444	0.779292
rs500	rs500	1	500	A	C	500	0.287	223	0.280269	277	0.292419	-0.0736405	0.090923	-0.241487	0.284354	0.142079	0.184959	-0.020193	0.417985	0.124197	0.220959
rs501	rs501	1	501	A	C	500	0.192	223	0.186099	277	0.196751	-0.102378	0.109823	-0.0996846	-0.00452088	0.172787	0.223912	-0.0298688	0.35123	0.983892	0.647454
rs502	rs502	1	502	A	C	500	0.104	223	0.107623	277	0.101083	-0.109888	0.139696	-0.121338	0.0231046	0.196737	0.279526	-0.0387227	0.431502	0.934125	0.731393
rs503	rs503	1	503	A	C	500	0.205	223	0.201794	277	0.207581	-0.0230042	0.104937	-0.132422	0.212115	0.150717	0.209724	-0.0226887	0.82648	0.311823	0.585379
rs504	rs504	1	504	A	C	500	0.116	223	0.107623	277	0.122744	0.107056	0.124615	0.175209	-0.118223	0.191384	0.251969	-0.0365997	0.390288	0.638929	0.619344
rs505	rs505	1	505	A	C	500	0.114	223	0.100897	277	0.124549	-0.0709425	0.133695	0.110603	-0.301735	0.211797	0.273018	-0.0448478	0.595676	0.26908	0.471659
rs506	rs506	1	506	A	C	500	0.361	223	0.358744	277	0.362816	0.0115273	0.0826821	-0.0138846	0.045885	0.123766	0.166293	-0.0153149	0.889121	0.782603	0.953337
rs507	rs507	1	507	A	C	500	0.15	223	0.150224	277	0.149819	0.00216379	0.120843	-0.0744077	0.131699	0.186772	0.244939	-0.0348818	0.985714	0.590796	0.865272
rs508	rs508	1	508	A	C	500	0.362	223	0.363229	277	0.361011	0.0577786	0.0879936	0.0805017	-0.0406704	0.132544	0.17741	-0.017585	0.511424	0.818678	0.785171
rs509	rs509	1	509	A	C	500	0.099	223	0.105381	277	0.0938628	0.0859803	0.141445	0.181382	-0.161181	0.221347	0.287653	-0.0489754	0.543273	0.575253	0.710533
rs510	rs510	1	510	A	C	500	0.358	223	0.349776	277	0.364621	-0.0583992	0.0846545	-0.0134404	-0.0837396	0.124351	0.169657	-0.0154535	0.490287	0.621601	0.697844
rs511	rs511	1	511	A	C	500	0.287	223	0.2713	277	0.299639	0.0273476	0.0930828	-0.0850768	0.203541	0.139182	0.18734	-0.0193851	0.768912	0.277267	0.530796
rs512	rs512	1	512	A	C	500	0.23	223	0.23991	277	0.222022	0.0333659	0.098719	-0.0197047	0.0938895	0.14976	0.199237	-0.0224376	0.735372	0.637465	0.845223
rs513	rs513	1	513	A	C	500	0.307	223	0.334081	277	0.285199	-0.151271	0.0896521	-0.258099	0.194926	0.133388	0.180217	-0.0177994	0.0915443	0.279421	0.134196
rs514	rs514	1	514	A	C	500	0.267	223	0.302691	277	0.238267	0.0175502	0.0959868	0.00654535	0.0184509	0.15124	0.195957	-0.0229028	0.854924	0.924984	0.979074
rs515	rs515	1	515	A	C	500	0.284	223	0.289238	277	0.279783	0.00402787	0.0963758	-0.0838032	0.147765	0.151386	0.196408	-0.0229296	0.966663	0.451849	0.752859
rs516	rs516	1	516	A	C	500	0.366	223	0.347534	277	0.380866	-0.0447166	0.0854976	-0.148807	0.186081	0.128838	0.1723	-0.0166065	0.600963	0.280148	0.486773
rs517	rs517	1	517	A	C	500	0.352	223	0.356502	277	0.348375	0.0451198	0.0868606	0.125944	-0.146366	0.129779	0.174619	-0.0168378	0.603446	0.401917	0.614955
rs518	rs518	1	518	A	C	500	0.286	223	0.298206	277	0.276173	0.0544914	0.0903178	-0.00981947	0.116067	0.135246	0.181684	-0.0182898	0.54629	0.522927	0.679729
rs519	rs519	1	519	A	C	500	0.264	223	0.251121	277	0.274368	-0.0287533	0.0929629	-0.14217	0.194432	0.143997	0.188521	-0.0207314	0.757095	0.302375	0.560079
rs520	rs520	1	520	A	C	500	0.2	223	0.192825	277	0.205776	-0.043937	0.104259	0.0486773	-0.166256	0.156714	0.210036	-0.0245746	0.673446	0.428616	0.668925
rs521	rs521	1	521	A	C	500	0.131	223	0.141256	277	0.122744	0.161049	0.122715	0.136597	0.0467714	0.177705	0.245856	-0.0315998	0.189394	0.849122	0.415091
rs522	rs522	1	522	A	C	500	0.29	223	0.282511	277	0.296029	0.0399247	0.0943669	-0.000644312	0.0735589	0.141016	0.19	-0.0199097	0.672238	0.698643	0.848367
rs523	rs523	1	523	A	C	500	0.362	223	0.325112	277	0.391697	0.0942754	0.0857537	0.114149	-0.0331163	0.135756	0.175375	-0.018457	0.271605	0.850225	0.536795
rs524	rs524	1	524	A	C	500	0.368	223	0.365471	277	0.370036	-0.0585586	0.0858136	-0.0451359	-0.0239763	0.129296	0.172755	-0.0167077	0.49499	0.889618	0.784694
rs525	rs525	1	525	A	C	500	0.305	223	0.307175	277	0.303249	-0.0239408	0.0893454	-0.0418718	0.0332299	0.131629	0.179136	-0.0173157	0.788731	0.852836	0.948279
rs526	rs526	1	526	A	C	500	0.12	223	0.132287	277	0.110108	0.107774	0.127842	0.0165227	0.159407	0.195729	0.25891	-0.0383734	0.399213	0.538104	0.579911
rs527	rs527	1	527	A	C	500	0.403	223	0.381166	277	0.420578	-0.0790751	0.0865928	-0.207704	0.222869	0.133093	0.175121	-0.0176998	0.361146	0.203141	0.293237
rs528	rs528	1	528	A	C	500	0.248	223	0.282511	277	0.220217	0.00861275	0.0914141	-0.13731	0.297992	0.127996	0.182955	-0.016391	0.924937	0.103361	0.264242
rs529	rs529	1	529	A	C	500	0.125	223	0.123318	277	0.126354	0.157273	0.13066	0.17746	-0.039993	0.185605	0.261156	-0.0344263	0.228714	0.878289	0.478956
rs530	rs530	1	530	A	C	500	0.352	223	0.345291	277	0.357401	-0.0843158	0.0891266	-0.178997	0.163645	0.13727	0.180444	-0.0188385	0.344137	0.36446	0.423707
rs531	rs531	1	531	A	C	500	0.292	223	0.2713	277	0.308664	-0.00164991	0.0909972	0.0703964	-0.120969	0.143138	0.185518	-0.0204978	0.985534	0.51436	0.808352
rs532	rs532	1	532	A	C	500	0.194	223	0.179372	277	0.205776	0.0665192	0.10572	0.107541	-0.0698312	0.164642	0.214855	-0.0271179	0.529218	0.74517	0.778206
rs533	rs533	1	533	A	C	500	0.151	223	0.139013	277	0.16065	-0.0798743	0.113882	-0.38628	0.499839	0.182968	0.233612	-0.0334548	0.483069	0.0323866	0.079268
rs534	rs534	1	534	A	C	500	0.285	223	0.289238	277	0.281588	0.0874704	0.0920167	0.272271	-0.324215	0.140198	0.185572	-0.0196289	0.341811	0.0806185	0.138345
rs535	rs535	1	535	A	C	500	0.199	223	0.210762	277	0.189531	-0.0303805	0.103707	-0.00952722	-0.0366793	0.157862	0.209342	-0.0249154	0.769565	0.860913	0.943407
rs536	rs536	1	536	A	C	500	0.122	223	0.103139	277	0.137184	0.0642824	0.129865	-0.0305845	0.173382	0.192953	0.26082	-0.0372212	0.620605	0.506205	0.709311
rs537	rs537	1	537	A	C	500	0.281	223	0.275785	277	0.285199	0.0500544	0.0912982	0.169754	-0.230047	0.131857	0.182839	-0.0173945	0.583519	0.20832	0.389916
rs538	rs538	1	538	A	C	500	0.12	223	0.112108	277	0.126354	-0.016025	0.126336	-0.0394905	0.0426228	0.188458	0.254009	-0.035521	0.899063	0.86674	0.97812
rs539	rs539	1	539	A	C	500	0.118	223	0.11435	277	0.120939	-0.0623886	0.132835	-0.0224175	-0.0703706	0.202109	0.268173	-0.0408492	0.638592	0.793007	0.865262
rs540	rs540	1	540	A	C	500	0.103	223	0.100897	277	0.104693	-0.093979	0.136237	-0.153837	0.114915	0.196903	0.272921	-0.0387992	0.490308	0.673714	0.721394
rs541	rs541	1	541	A	C	500	0.188	223	0.206278	277	0.173285	-0.0269856	0.10698	0.124526	-0.265184	0.163248	0.215824	-0.0266131	0.800848	0.219181	0.455355
rs542	rs542	1	542	A	C	500	0.197	223	0.206278	277	0.189531	0.17806	0.107003	0.0844099	0.148857	0.175657	0.221424	-0.0308454	0.0960977	0.50141	0.199779
rs543	rs543	1	543	A	C	500	0.221	223	0.213004	277	0.227437	0.0180201	0.100761	-0.0392678	0.11409	0.142817	0.201565	-0.0204008	0.858064	0.571381	0.838467
rs544	rs544	1	544	A	C	500	0.254	223	0.23991	277	0.265343	0.0251061	0.0916175	-0.0611962	0.155341	0.137337	0.184158	-0.0188415	0.784061	0.398937	0.674819
rs545	rs545	1	545	A	C	500	0.154	223	0.163677	277	0.146209	-0.050648	0.114326	-0.114131	0.114565	0.171084	0.22969	-0.0292341	0.657755	0.617934	0.800497
rs546	rs546	1	546	A	C	500	0.343	223	0.343049	277	0.34296	-0.103263	0.087537	-0.153226	0.0869655	0.134324	0.177338	-0.0180678	0.23814	0.623854	0.442184
rs547	rs547	1	547	A	C	500	0.111	223	0.125561	277	0.099278	0.0596144	0.131939	0.141752	-0.153784	0.19325	0.264365	-0.0373283	0.65139	0.560761	0.76241
rs548	rs548	1	548	A	C	500	0.384	223	0.40583	277	0.366426	0.0389923	0.0859088	0.0187518	0.0353899	0.131289	0.173588	-0.0172339	0.649915	0.838453	0.883569
rs549	rs549	1	549	A	C	500	0.162	223	0.156951	277	0.166065	0.111094	0.112842	0.117001	-0.0105675	0.169893	0.227235	-0.0288601	0.324863	0.962908	0.615257
rs550	rs550	1	550	A	C	500	0.147	223	0.150224	277	0.144404	0.0937902	0.116573	0.0910594	0.00512013	0.170662	0.233704	-0.0291301	0.421073	0.982521	0.723323
rs551	rs551	1	551	A	C	500	0.144	223	0.14574	277	0.142599	-0.0476123	0.117492	-0.00538181	-0.0840415	0.16654	0.234887	-0.0277236	0.685304	0.720496	0.864056
rs552	rs552	1	552	A	C	500	0.166	223	0.183857	277	0.151625	-0.0419445	0.111363	-0.045581	0.00633595	0.170557	0.225077	-0.0290759	0.706435	0.977542	0.931156
rs553	rs553	1	553	A	C	500	0.206	223	0.217489	277	0.196751	0.039317	0.102072	-0.00340374	0.0702213	0.163035	0.208964	-0.0265652	0.700098	0.736837	0.877527
rs554	rs554	1	554	A	C	500	0.39	223	0.40583	277	0.377256	0.0762773	0.0875358	0.089197	-0.0228373	0.132767	0.17645	-0.0176136	0.383544	0.89702	0.678391
rs555	rs555	1	555	A	C	500	0.118	223	0.143498	277	0.0974729	-0.0470291	0.127465	-0.0791457	0.0551424	0.197254	0.258467	-0.0389094	0.71216	0.831059	0.91318
rs556	rs556	1	556	A	C	500	0.366	223	0.352018	277	0.377256	0.0565126	0.0872864	0.0793118	-0.0404948	0.132123	0.176167	-0.0174731	0.517348	0.818196	0.789775
rs557	rs557	1	557	A	C	500	0.178	223	0.168161	277	0.185921	0.00185909	0.102439	-0.141351	0.254489	0.15494	0.20657	-0.0240126	0.985521	0.217959	0.468113
rs558	rs558	1	558	A	C	500	0.106	223	0.0986547	277	0.111913	0.0679044	0.134946	0.134002	-0.127042	0.194863	0.270187	-0.0379811	0.614827	0.638212	0.788876
rs559	rs559	1	559	A	C	500	0.331	223	0.352018	277	0.314079	0.0182633	0.0888101	-0.0335423	0.0921953	0.134206	0.179063	-0.0180169	0.837069	0.60664	0.857535
rs560	rs560	1	560	A	C	500	0.233	223	0.244395	277	0.223827	0.0533515	0.0991439	0.173685	-0.185214	0.167398	0.207604	-0.0280016	0.590493	0.372311	0.581145
rs561	rs561	1	561	A	C	500	0.266	223	0.280269	277	0.254513	0.00833949	0.092258	0.16153	-0.281894	0.136624	0.185431	-0.0186857	0.927975	0.128457	0.313609
rs562	rs562	1	562	A	C	500	0.325	223	0.338565	277	0.314079	-0.0382684	0.0893187	0.00324134	-0.0729217	0.136126	0.180461	-0.0185379	0.668325	0.68615	0.840779
rs563	rs563	1	563	A	C	500	0.236	223	0.2287	277	0.241877	0.0861907	0.0999166	0.0281063	0.099706	0.15471	0.202758	-0.0239493	0.388343	0.622896	0.610809
rs564	rs564	1	564	A	C	500	0.351	223	0.352018	277	0.350181	0.00359866	0.0887627	0.0948226	-0.165721	0.132403	0.178472	-0.0175337	0.967661	0.353121	0.649257
rs565	rs565	1	565	A	C	500	0.124	223	0.132287	277	0.117329	-0.0281034	0.129501	0.0726382	-0.173635	0.199831	0.262312	-0.0399214	0.828197	0.508008	0.78456
rs566	rs566	1	566	A	C	500	0.399	223	0.396861	277	0.400722	0.0185061	0.0820445	0.0503237	-0.0542175	0.127585	0.166493	-0.0162675	0.821542	0.744693	0.924538
rs567	rs567	1	567	A	C	500	0.331	223	0.334081	277	0.32852	-0.00461443	0.0859704	-0.0523535	0.0938403	0.122646	0.171939	-0.0150395	0.957194	0.58522	0.860384
rs568	rs568	1	568	A	C	500	0.115	223	0.11435	277	0.115523	0.145802	0.130675	0.108973	0.0609627	0.207859	0.267568	-0.0432514	0.264525	0.819771	0.522873
rs569	rs569	1	569	A	C	500	0.287	223	0.286996	277	0.287004	-0.165533	0.089953	-0.0686652	-0.185224	0.130172	0.179917	-0.0169287	0.0657372	0.303246	0.108271
rs570	rs570	1	570	A	C	500	0.171	223	0.143498	277	0.193141	-0.0514324	0.110585	-0.00751849	-0.0842397	0.159808	0.221309	-0.0255319	0.641863	0.703468	0.834768
rs571	rs571	1	571	A	C	500	0.262	223	0.242152	277	0.277978	0.050808	0.0941639	0.104545	-0.0938714	0.144004	0.190324	-0.020736	0.589494	0.621858	0.76552
rs572	rs572	1	572	A	C	500	0.379	223	0.378924	277	0.379061	0.0788494	0.0859353	0.0142626	0.117126	0.128409	0.173031	-0.0165097	0.358858	0.498466	0.522023
rs573	rs573	1	573	A	C	500	0.138	223	0.136771	277	0.138989	0.0447977	0.120562	-0.0174167	0.111296	0.181478	0.242653	-0.0329142	0.710211	0.646476	0.840113
rs574	rs574	1	574	A	C	500	0.224	223	0.237668	277	0.212996	0.0881546	0.0977441	0.0399458	0.0896352	0.143798	0.196102	-0.0206829	0.367115	0.64761	0.599795
rs575	rs575	1	575	A	C	500	0.269	223	0.293722	277	0.249097	-0.0163974	0.0945508	-0.0172448	0.00148668	0.144164	0.190938	-0.0207793	0.862318	0.993788	0.985045
rs576	rs576	1	576	A	C	500	0.105	223	0.0964126	277	0.111913	0.136173	0.134849	0.185992	-0.0929499	0.197959	0.270398	-0.0391877	0.312582	0.731033	0.56612
rs577	rs577	1	577	A	C	500	0.336	223	0.329596	277	0.341155	0.0738532	0.0877653	0.121009	-0.0848589	0.131612	0.176492	-0.0173096	0.400076	0.630653	0.625229
rs578	rs578	1	578	A	C	500	0.136	223	0.127803	277	0.142599	0.0931774	0.115043	0.170221	-0.145599	0.167625	0.230396	-0.0280886	0.417977	0.527419	0.589973
rs579	rs579	1	579	A	C	500	0.268	223	0.266816	277	0.268953	-0.0406211	0.0940385	-0.0702047	0.0546546	0.138887	0.188825	-0.0192993	0.665769	0.77224	0.873554
rs580	rs580	1	580	A	C	500	0.228	223	0.226457	277	0.229242	-0.0857916	0.0956559	-0.267614	0.289474	0.156863	0.19793	-0.024607	0.369784	0.143602	0.229544
rs581	rs581	1	581	A	C	500	0.304	223	0.309417	277	0.299639	-0.0248228	0.0893616	-0.0185368	-0.0114409	0.133095	0.179522	-0.0177071	0.781182	0.949185	0.960202
rs582	rs582	1	582	A	C	500	0.369	223	0.349776	277	0.384477	0.0235558	0.0903545	-0.110124	0.24744	0.133171	0.181081	-0.017715	0.794321	0.171794	0.379997
rs583	rs583	1	583	A	C	500	0.324	223	0.343049	277	0.308664	-0.0328204	0.088161	-0.0597259	0.045384	0.138181	0.179481	-0.0190974	0.709686	0.800374	0.903694
rs584	rs584	1	584	A	C	500	0.241	223	0.255605	277	0.229242	0.0341497	0.0946611	-0.0392201	0.130372	0.143191	0.19091	-0.0205111	0.718281	0.494671	0.742117
rs585	rs585	1	585	A	C	500	0.39	223	0.367713	277	0.407942	-0.0757627	0.0840315	-0.129469	0.0889002	0.133552	0.171823	-0.0178355	0.36727	0.604882	0.58258
rs586	rs586	1	586	A	C	500	0.269	223	0.2713	277	0.267148	0.098859	0.0940854	-0.025629	0.227892	0.139797	0.189283	-0.0195713	0.293379	0.228599	0.278927
rs587	rs587	1	587	A	C	500	0.106	223	0.112108	277	0.101083	0.0144411	0.134859	-0.0806766	0.156247	0.215466	0.27604	-0.0463866	0.914723	0.571373	0.847106
rs588	rs588	1	588	A	C	500	0.145	223	0.154709	277	0.137184	0.0305081	0.116802	0.0276411	0.00495975	0.179803	0.23648	-0.0323265	0.793942	0.983267	0.966251
rs589	rs589	1	589	A	C	500	0.206	223	0.204036	277	0.207581	0.0956794	0.100057	0.20061	-0.200206	0.145059	0.200389	-0.0210461	0.338948	0.317752	0.384315
rs590	rs590	1	590	A	C	500	0.202	223	0.165919	277	0.231047	0.0298296	0.103814	0.0415832	-0.0221119	0.151638	0.207935	-0.0229827	0.773855	0.915312	0.954149
rs591	rs591	1	591	A	C	500	0.35	223	0.325112	277	0.370036	-0.00544917	0.0844617	0.0668782	-0.130995	0.126074	0.169521	-0.015867	0.948559	0.439678	0.740343
rs592	rs592	1	592	A	C	500	0.163	223	0.172646	277	0.155235	-0.0186786	0.109936	0.01735	-0.0646651	0.165188	0.221291	-0.0272838	0.865085	0.77012	0.944472
rs593	rs593	1	593	A	C	500	0.114	223	0.116592	277	0.111913	-0.00668934	0.125374	-0.200329	0.356456	0.185444	0.251532	-0.0343696	0.957449	0.156442	0.365837
rs594	rs594	1	594	A	C	500	0.324	223	0.327354	277	0.3213	0.0307395	0.0873418	-0.125148	0.263948	0.13651	0.177636	-0.0186361	0.724879	0.137308	0.311651
rs595	rs595	1	595	A	C	500	0.278	223	0.275785	277	0.279783	-0.013194	0.0934643	-0.18387	0.29803	0.142907	0.188772	-0.0204074	0.887738	0.114386	0.284723
rs596	rs596	1	596	A	C	500	0.385	223	0.365471	277	0.400722	-0.0940408	0.0857749	-0.0324291	-0.111793	0.128047	0.172506	-0.0164005	0.272918	0.516951	0.444415
rs597	rs597	1	597	A	C	500	0.166	223	0.170404	277	0.162455	0.114627	0.110841	0.214916	-0.17311	0.171005	0.224773	-0.0292698	0.301062	0.441208	0.435478
rs598	rs598	1	598	A	C	500	0.286	223	0.307175	277	0.268953	-0.0120866	0.0916093	0.049303	-0.104657	0.142453	0.185976	-0.0202881	0.895035	0.573609	0.846162
rs599	rs599	1	599	A	C	500	0.406	223	0.392377	277	0.416968	0.144278	0.0838174	0.155242	-0.0190166	0.128813	0.169667	-0.0165956	0.0851885	0.910758	0.225871
rs600	rs600	1	600	A	C	500	0.364	223	0.372197	277	0.357401	-0.0503921	0.0843744	-0.0531195	0.00493476	0.126096	0.169548	-0.0158881	0.550344	0.976781	0.836295
rs601	rs601	1	601	A	C	500	0.2	223	0.213004	277	0.189531	-0.0117292	0.104447	0.117275	-0.205175	0.171325	0.215991	-0.0293326	0.910587	0.342151	0.632874
rs602	rs602	1	602	A	C	500	0.363	223	0.365471	277	0.361011	-0.0794971	0.0849137	-0.097343	0.0319362	0.127864	0.171077	-0.0163546	0.349165	0.851914	0.634023
rs603	rs603	1	603	A	C	500	0.327	223	0.369955	277	0.292419	-0.0101396	0.0886374	0.120085	-0.211787	0.142782	0.182046	-0.0203779	0.908926	0.244681	0.504971
rs604	rs604	1	604	A	C	500	0.107	223	0.107623	277	0.106498	0.0191934	0.133253	-0.152466	0.299861	0.203771	0.269298	-0.0415158	0.885472	0.265497	0.532429
rs605	rs605	1	605	A	C	500	0.224	223	0.230942	277	0.218412	0.0683547	0.0988726	0.109051	-0.0820007	0.139416	0.198051	-0.0194666	0.489351	0.678845	0.722751
rs606	rs606	1	606	A	C	500	0.22	223	0.217489	277	0.222022	-0.0143437	0.10105	0.0839343	-0.175238	0.152372	0.203351	-0.0231909	0.887122	0.388822	0.682914
rs607	rs607	1	607	A	C	500	0.343	223	0.343049	277	0.34296	0.0815237	0.0923327	0.108757	-0.046314	0.143977	0.187871	-0.0207544	0.377272	0.80528	0.656933
rs608	rs608	1	608	A	C	500	0.133	223	0.132287	277	0.133574	-0.0292644	0.122041	-0.198825	0.336208	0.173423	0.244312	-0.0301026	0.810492	0.168777	0.376952
rs609	rs609	1	609	A	C	500	0.21	223	0.204036	277	0.214801	-0.0537641	0.105531	-0.0820149	0.0478359	0.165088	0.214965	-0.0272906	0.610426	0.823902	0.856812
rs610	rs610	1	610	A	C	500	0.159	223	0.161435	277	0.15704	0.0148894	0.114071	0.00859902	0.011035	0.174029	0.230566	-0.0303034	0.896149	0.961827	0.990383
rs611	rs611	1	611	A	C	500	0.181	223	0.159193	277	0.198556	-0.0236824	0.107436	-0.0715853	0.0895618	0.15758	0.215529	-0.0248457	0.825534	0.677744	0.895267
rs612	rs612	1	612	A	C	500	0.124	223	0.109865	277	0.135379	-0.00344515	0.129171	0.0876891	-0.148721	0.207652	0.265322	-0.0431375	0.978722	0.575117	0.854317
rs613	rs613	1	613	A	C	500	0.191	223	0.186099	277	0.194946	0.0843597	0.105376	0.119565	-0.0644674	0.156339	0.211483	-0.024424	0.423388	0.760492	0.692873
rs614	rs614	1	614	A	C	500	0.171	223	0.190583	277	0.155235	-0.0642072	0.108793	-0.193441	0.201646	0.181567	0.226814	-0.0329704	0.555073	0.373983	0.565895
rs615	rs615	1	615	A	C	500	0.331	223	0.316143	277	0.34296	-0.00567596	0.0866531	-0.0571452	0.0895694	0.13291	0.175379	-0.0176744	0.947774	0.609549	0.875849
rs616	rs616	1	616	A	C	500	0.141	223	0.165919	277	0.120939	0.0629582	0.1156	0.00387067	0.107001	0.172731	0.23242	-0.0298301	0.586015	0.645246	0.775476
rs617	rs617	1	617	A	C	500	0.302	223	0.300448	277	0.303249	0.0286709	0.0886986	0.0253074	0.00667853	0.125924	0.177483	-0.0158641	0.746514	0.969983	0.948428
rs618	rs618	1	618	A	C	500	0.167	223	0.190583	277	0.148014	0.0727776	0.110971	-0.0311666	0.202774	0.158916	0.221908	-0.0252427	0.511936	0.360837	0.531239
rs619	rs619	1	619	A	C	500	0.203	223	0.204036	277	0.202166	0.0430597	0.108094	0.0374693	0.0102821	0.159986	0.21693	-0.025586	0.690369	0.962196	0.922686
rs620	rs620	1	620	A	C	500	0.238	223	0.255605	277	0.223827	0.0754052	0.0987389	0.126721	-0.0912276	0.149219	0.198895	-0.0222523	0.445056	0.64647	0.672471
rs621	rs621	1	621	A	C	500	0.262	223	0.286996	277	0.241877	-0.0531315	0.0953091	-0.0561638	0.00532608	0.145312	0.192661	-0.0211329	0.57721	0.977945	0.85576
rs622	rs622	1	622	A	C	500	0.272	223	0.304933	277	0.245487	-0.0468783	0.0958484	-0.0482666	0.00255916	0.141656	0.192274	-0.020055	0.62478	0.98938	0.887194
rs623	rs623	1	623	A	C	500	0.211	223	0.213004	277	0.209386	0.0261861	0.0998281	0.0791614	-0.0969517	0.148161	0.200365	-0.0219361	0.793081	0.628474	0.859442
rs624	rs624	1	624	A	C	500	0.243	223	0.219731	277	0.261733	-0.0552037	0.0977254	-0.0605514	0.00989874	0.144187	0.196241	-0.020805	0.572152	0.95977	0.851445
rs625	rs625	1	625	A	C	500	0.337	223	0.35426	277	0.323105	-0.0792728	0.0904539	0.02746	-0.215497	0.127353	0.181003	-0.0162267	0.380818	0.233823	0.335291
rs626	rs626	1	626	A	C	500	0.317	223	0.345291	277	0.294224	-0.0831724	0.0896625	0.0231444	-0.195744	0.132614	0.179896	-0.0175775	0.353607	0.276553	0.359798
rs627	rs627	1	627	A	C	500	0.118	223	0.11435	277	0.120939	-0.216034	0.129535	-0.126358	-0.163722	0.192735	0.260558	-0.0371855	0.0953633	0.529774	0.204308
rs628	rs628	1	628	A	C	500	0.133	223	0.123318	277	0.140794	-0.108137	0.12124	-0.0692724	-0.0703383	0.181293	0.243943	-0.0328808	0.37243	0.773087	0.644461
rs629	rs629	1	629	A	C	500	0.343	223	0.347534	277	0.33935	0.127475	0.0872913	0.170732	-0.0901958	0.120954	0.174575	-0.0146164	0.144198	0.605393	0.301266
rs630	rs630	1	630	A	C	500	0.383	223	0.401345	277	0.368231	0.0164659	0.0882221	-0.0361892	0.102802	0.126324	0.17652	-0.0159597	0.851942	0.560308	0.829441
rs631	rs631	1	631	A	C	500	0.24	223	0.235426	277	0.243682	-0.0247924	0.099238	0.0733792	-0.168994	0.153321	0.201186	-0.023513	0.802721	0.400914	0.681133
rs632	rs632	1	632	A	C	500	0.222	223	0.215247	277	0.227437	-0.0131539	0.0981588	0.088286	-0.183178	0.146988	0.197569	-0.0216159	0.893398	0.353843	0.644815
rs633	rs633	1	633	A	C	500	0.15	223	0.134529	277	0.162455	0.0295613	0.115708	-0.038482	0.116628	0.179187	0.234512	-0.032086	0.798351	0.618963	0.855303
rs634	rs634	1	634	A	C	500	0.259	223	0.275785	277	0.245487	-0.134051	0.094496	-0.108665	-0.0430536	0.147499	0.192073	-0.0217531	0.156017	0.822639	0.356534
rs635	rs635	1	635	A	C	500	0.121	223	0.107623	277	0.131769	0.159004	0.130829	0.207694	-0.0865208	0.197786	0.263583	-0.0390983	0.224232	0.742723	0.452751
rs636	rs636	1	636	A	C	500	0.379	223	0.374439	277	0.382671	0.0818097	0.0855966	-0.0436323	0.199858	0.1403	0.177108	-0.0196879	0.339194	0.25913	0.335063
rs637	rs637	1	637	A	C	500	0.24	223	0.26009	277	0.223827	0.0567096	0.0963227	0.03199	0.0462854	0.14109	0.193036	-0.0199008	0.556032	0.810503	0.817048
rs638	rs638	1	638	A	C	500	0.138	223	0.127803	277	0.146209	0.0663176	0.123073	0.157439	-0.154799	0.191833	0.249979	-0.0367842	0.589993	0.535754	0.713972
rs639	rs639	1	639	A	C	500	0.097	223	0.109865	277	0.0866426	0.0582718	0.141244	0.0745381	-0.0301235	0.208367	0.283691	-0.0434585	0.679927	0.915436	0.913254
rs640	rs640	1	640	A	C	500	0.27	223	0.255605	277	0.281588	0.0330091	0.0948065	0.0221311	0.0191551	0.144245	0.191431	-0.020811	0.72771	0.920295	0.936488
rs641	rs641	1	641	A	C	500	0.109	223	0.125561	277	0.0956679	-0.0886454	0.131118	0.0513762	-0.249051	0.198255	0.264496	-0.0393319	0.498994	0.346394	0.510763
rs642	rs642	1	642	A	C	500	0.304	223	0.309417	277	0.299639	0.125223	0.0896265	0.0972324	0.0499389	0.135201	0.180595	-0.0182807	0.162362	0.782146	0.362665
rs643	rs643	1	643	A	C	500	0.321	223	0.313901	277	0.326715	0.00358307	0.0874819	-0.0824603	0.148213	0.135057	0.177241	-0.0182372	0.96733	0.403029	0.704354
rs644	rs644	1	644	A	C	500	0.337	223	0.334081	277	0.33935	0.0164304	0.0840771	0.00960393	0.0123872	0.125449	0.168948	-0.0157299	0.845064	0.941552	0.978453
rs645	rs645	1	645	A	C	500	0.122	223	0.118834	277	0.124549	0.0649382	0.123036	0.0248656	0.0670463	0.193997	0.250952	-0.0376404	0.597639	0.78934	0.839478
rs646	rs646	1	646	A	C	500	0.169	223	0.172646	277	0.166065	-0.102168	0.110183	-0.0419381	-0.106263	0.167308	0.222128	-0.0279666	0.35379	0.632376	0.580228
rs647	rs647	1	647	A	C	500	0.28	223	0.295964	277	0.267148	0.0682873	0.0942048	0.0591626	0.0153683	0.147766	0.191742	-0.0218285	0.468525	0.936117	0.766486
rs648	rs648	1	648	A	C	500	0.416	223	0.40583	277	0.424188	-0.00991011	0.0825545	-0.12762	0.208951	0.124881	0.166332	-0.0155855	0.904449	0.209033	0.451013
rs649	rs649	1	649	A	C	500	0.219	223	0.23991	277	0.202166	0.00611626	0.101672	0.118411	-0.190803	0.158293	0.206146	-0.0250106	0.952031	0.354669	0.650411
rs650	rs650	1	650	A	C	500	0.098	223	0.100897	277	0.0956679	-0.0324489	0.145023	0.0994523	-0.252609	0.209774	0.290277	-0.0439972	0.822952	0.384172	0.667853
rs651	rs651	1	651	A	C	500	0.303	223	0.309417	277	0.297834	-0.00437006	0.0882639	-0.00518748	0.00138597	0.137577	0.178933	-0.0188832	0.960512	0.99382	0.998745
rs652	rs652	1	652	A	C	500	0.249	223	0.217489	277	0.274368	0.0912184	0.0990924	0.123262	-0.0550517	0.153324	0.20101	-0.0235182	0.357291	0.78418	0.630526
rs653	rs653	1	653	A	C	500	0.387	223	0.358744	277	0.409747	-0.0299951	0.086137	0.0444966	-0.131722	0.130488	0.173322	-0.0169887	0.727671	0.447266	0.7051
rs654	rs654	1	654	A	C	500	0.299	223	0.300448	277	0.297834	-0.0719408	0.0900095	-0.073031	0.00185771	0.140049	0.182834	-0.0196169	0.424141	0.991893	0.726542
rs655	rs655	1	655	A	C	500	0.321	223	0.347534	277	0.299639	-0.000620712	0.0915183	-0.219543	0.416076	0.132898	0.18315	-0.0176494	0.994588	0.0231	0.0757356
rs656	rs656	1	656	A	C	500	0.306	223	0.278027	277	0.32852	0.0344871	0.0932299	0.021465	0.0245868	0.135962	0.18685	-0.0184913	0.711446	0.895312	0.92582
rs657	rs657	1	657	A	C	500	0.357	223	0.356502	277	0.357401	0.00101724	0.0852706	-0.00424771	0.0100041	0.123942	0.170914	-0.0153733	0.990482	0.953324	0.998217
rs658	rs658	1	658	A	C	500	0.298	223	0.289238	277	0.305054	0.0231691	0.0936663	-0.0986539	0.217569	0.141103	0.188471	-0.0198895	0.804631	0.248341	0.498128
rs659	rs659	1	659	A	C	500	0.396	223	0.38565	277	0.404332	0.0558202	0.0842803	0.0553559	0.000835321	0.12645	0.169606	-0.0159883	0.507769	0.99607	0.803046
rs660	rs660	1	660	A	C	500	0.225	223	0.237668	277	0.214801	-0.0998253	0.0996679	-0.211834	0.19588	0.152346	0.201496	-0.0232165	0.316547	0.330989	0.377534
rs661	rs661	1	661	A	C	500	0.362	223	0.338565	277	0.380866	-0.0319182	0.091401	-0.103803	0.126949	0.138675	0.184179	-0.0192082	0.726931	0.490652	0.741914
rs662	rs662	1	662	A	C	500	0.371	223	0.327354	277	0.406137	-0.0406203	0.0843003	-0.0320493	-0.0145394	0.131464	0.171124	-0.0172626	0.629911	0.93229	0.887186
rs663	rs663	1	663	A	C	500	0.257	223	0.275785	277	0.241877	0.0429701	0.0924961	0.0524251	-0.0160792	0.14407	0.187841	-0.0207481	0.642246	0.931784	0.894427
rs664	rs664	1	664	A	C	500	0.122	223	0.136771	277	0.110108	0.0731218	0.126087	-0.0617364	0.223035	0.200618	0.258072	-0.0402704	0.56196	0.387458	0.581809
rs665	rs665	1	665	A	C	500	0.167	223	0.188341	277	0.149819	0.0787138	0.115202	0.109232	-0.05871	0.16615	0.230327	-0.0275763	0.494436	0.798802	0.766504
rs666	rs666	1	666	A	C	500	0.267	223	0.266816	277	0.267148	0.0705207	0.0922609	-0.000823215	0.122019	0.143166	0.187232	-0.0204971	0.444652	0.514597	0.60382
rs667	rs667	1	667	A	C	500	0.287	223	0.295964	277	0.279783	-0.0915904	0.0913177	-0.171002	0.137997	0.140131	0.184706	-0.0196326	0.315867	0.454994	0.457453
rs668	rs668	1	668	A	C	500	0.27	223	0.286996	277	0.256318	-0.0939322	0.093326	-0.190094	0.185125	0.134635	0.186817	-0.0181289	0.314177	0.321712	0.368799
rs669	rs669	1	669	A	C	500	0.24	223	0.244395	277	0.236462	0.107485	0.0975104	0.116153	-0.0144341	0.154168	0.198851	-0.0237454	0.270336	0.942134	0.543267
rs670	rs670	1	670	A	C	500	0.321	223	0.329596	277	0.314079	0.0226485	0.0913468	-0.037434	0.104191	0.140377	0.184843	-0.0197025	0.804181	0.572976	0.827289
rs671	rs671	1	671	A	C	500	0.151	223	0.150224	277	0.151625	0.0384583	0.115578	0.0693937	-0.0560106	0.172781	0.232534	-0.0298648	0.739326	0.809655	0.919092
rs672	rs672	1	672	A	C	500	0.285	223	0.304933	277	0.268953	0.0109446	0.094572	0.0576568	-0.0811711	0.145203	0.191462	-0.0210956	0.907868	0.671599	0.907951
rs673	rs673	1	673	A	C	500	0.17	223	0.168161	277	0.17148	-0.0510248	0.109439	-0.0782934	0.0492199	0.163881	0.220181	-0.0268585	0.641045	0.823113	0.874875
rs674	rs674	1	674	A	C	500	0.253	223	0.266816	277	0.241877	0.012276	0.0947889	-0.0448617	0.0943481	0.150917	0.193914	-0.0227724	0.896955	0.626581	0.880954
rs675	rs675	1	675	A	C	500	0.182	223	0.168161	277	0.193141	0.173227	0.108039	0.193436	-0.037385	0.159428	0.21688	-0.0254266	0.108853	0.863142	0.272462
rs676	rs676	1	676	A	C	500	0.266	223	0.264574	277	0.267148	0.0336713	0.09377	-0.105306	0.264345	0.136142	0.187735	-0.0185295	0.719532	0.159108	0.34791
rs677	rs677	1	677	A	C	500	0.272	223	0.289238	277	0.258123	-0.0409658	0.0916965	-0.159204	0.209601	0.139002	0.185189	-0.0193462	0.655053	0.257709	0.476968
rs678	rs678	1	678	A	C	500	0.281	223	0.282511	277	0.279783	0.0722784	0.0929778	0.043046	0.053623	0.137744	0.186427	-0.0189466	0.436939	0.773626	0.709269
rs679	rs679	1	679	A	C	500	0.263	223	0.273543	277	0.254513	0.0515809	0.0947972	-0.000365933	0.0985249	0.137885	0.189908	-0.0190152	0.58636	0.603898	0.753813
rs680	rs680	1	680	A	C	500	0.169	223	0.183857	277	0.15704	-0.066198	0.110675	0.013678	-0.15414	0.159542	0.221749	-0.0254815	0.549751	0.486987	0.656738
rs681	rs681	1	681	A	C	500	0.132	223	0.136771	277	0.128159	0.0703576	0.126062	0.195107	-0.244624	0.17999	0.251922	-0.0323647	0.576764	0.331533	0.534087
rs682	rs682	1	682	A	C	500	0.265	223	0.233184	277	0.290614	-0.0912352	0.0945531	-0.142475	0.111633	0.128536	0.189695	-0.0165168	0.33459	0.556206	0.527987
rs683	rs683	1	683	A	C	500	0.399	223	0.430493	277	0.373646	-0.0452745	0.087732	-0.0446996	-0.00105502	0.13006	0.176207	-0.0169184	0.605816	0.995223	0.875313
rs684	rs684	1	684	A	C	500	0.345	223	0.340807	277	0.348375	-0.0902402	0.0907063	0.00574764	-0.185724	0.130473	0.18146	-0.0170181	0.319804	0.306074	0.361084
rs685	rs685	1	685	A	C	500	0.286	223	0.264574	277	0.303249	-0.0308321	0.0915585	-0.0908092	0.0993424	0.145473	0.187243	-0.0211671	0.736307	0.595728	0.820827
rs686	rs686	1	686	A	C	500	0.126	223	0.134529	277	0.119134	-0.00813067	0.125647	-0.0154838	0.0128294	0.192298	0.253988	-0.0369737	0.948405	0.959714	0.996636
rs687	rs687	1	687	A	C	500	0.232	223	0.255605	277	0.212996	0.0400401	0.0986892	-0.119479	0.268694	0.154912	0.201131	-0.0240166	0.684949	0.181575	0.377326
rs688	rs688	1	688	A	C	500	0.235	223	0.235426	277	0.234657	-0.113272	0.0973863	-0.0950877	-0.0327488	0.146001	0.195898	-0.0213091	0.24478	0.867234	0.501376
rs689	rs689	1	689	A	C	500	0.392	223	0.392377	277	0.391697	0.0241262	0.0875944	0.0318209	-0.0145512	0.127546	0.175324	-0.0162544	0.782985	0.933854	0.959469
rs690	rs690	1	690	A	C	500	0.218	223	0.201794	277	0.231047	-0.0470951	0.0959215	-0.0151484	-0.0627745	0.136754	0.191529	-0.0186686	0.623444	0.743098	0.840095
rs691	rs691	1	691	A	C	500	0.399	223	0.399103	277	0.398917	-0.0414457	0.087864	-0.060903	0.0335509	0.135525	0.177925	-0.018359	0.637139	0.850431	0.878947
rs692	rs692	1	692	A	C	500	0.218	223	0.213004	277	0.222022	0.0381892	0.100566	-0.0603798	0.182237	0.148314	0.201543	-0.0219704	0.704137	0.365884	0.618227
rs693	rs693	1	693	A	C	500	0.3	223	0.286996	277	0.310469	-0.112502	0.0920044	-0.113055	0.00108387	0.131419	0.184023	-0.0172689	0.221409	0.995301	0.473489
rs694	rs694	1	694	A	C	500	0.35	223	0.32287	277	0.371841	0.0507447	0.0869172	0.0317975	0.0316753	0.137062	0.17717	-0.0187761	0.559336	0.858107	0.829933
rs695	rs695	1	695	A	C	500	0.262	223	0.269058	277	0.256318	0.00197023	0.100495	-0.0548295	0.101553	0.151356	0.202355	-0.0229023	0.984358	0.615768	0.881507
rs696	rs696	1	696	A	C	500	0.359	223	0.327354	277	0.384477	0.00860381	0.0856388	-0.0653373	0.122236	0.136298	0.175289	-0.0185865	0.919974	0.485591	0.780214
rs697	rs697	1	697	A	C	500	0.31	223	0.338565	277	0.287004	0.00123628	0.0873645	0.0121655	-0.0215489	0.124455	0.174763	-0.0154905	0.98871	0.901867	0.992328
rs698	rs698	1	698	A	C	500	0.332	223	0.327354	277	0.33574	-0.0496486	0.0849173	-0.134321	0.151209	0.128035	0.171122	-0.0163975	0.558769	0.376897	0.570456
rs699	rs699	1	699	A	C	500	0.265	223	0.257848	277	0.270758	0.0377306	0.0940679	0.176842	-0.235567	0.146905	0.191076	-0.0215606	0.688347	0.217634	0.431541
rs700	rs700	1	700	A	C	500	0.248	223	0.244395	277	0.250903	-0.0245197	0.0990787	-0.0522575	0.0504416	0.147613	0.198983	-0.0217729	0.804539	0.799884	0.939176
rs701	rs701	1	701	A	C	500	0.24	223	0.242152	277	0.238267	-0.00901952	0.0984046	0.0454244	-0.0967694	0.148825	0.198446	-0.0221563	0.92697	0.625808	0.88418
rs702	rs702	1	702	A	C	500	0.295	223	0.295964	277	0.294224	0.000852942	0.0926074	0.12351	-0.216189	0.140851	0.187054	-0.0198514	0.992651	0.247779	0.512767
rs703	rs703	1	703	A	C	500	0.11	223	0.103139	277	0.115523	-0.0966905	0.133172	0.0394527	-0.280324	0.185792	0.266753	-0.0345586	0.467804	0.293317	0.442309
rs704	rs704	1	704	A	C	500	0.232	223	0.253363	277	0.214801	0.0224128	0.0997527	0.0147497	0.0126475	0.159019	0.204393	-0.0253122	0.822225	0.95066	0.973209
rs705	rs705	1	705	A	C	500	0.127	223	0.132287	277	0.122744	-0.130602	0.123697	-0.225541	0.180493	0.17963	0.247631	-0.0322549	0.29105	0.466076	0.439107
rs706	rs706	1	706	A	C	500	0.193	223	0.197309	277	0.189531	-0.00343923	0.105717	-0.00729076	0.00692574	0.158705	0.212847	-0.0251943	0.974048	0.974043	0.998942
rs707	rs707	1	707	A	C	500	0.104	223	0.100897	277	0.106498	0.0248914	0.134088	0.153647	-0.24846	0.193158	0.268293	-0.0373016	0.852732	0.354406	0.640159
rs708	rs708	1	708	A	C	500	0.113	223	0.107623	277	0.117329	-0.208832	0.127528	-0.25532	0.0845763	0.190023	0.25629	-0.0361046	0.101517	0.741398	0.247778
rs709	rs709	1	709	A	C	500	0.347	223	0.35426	277	0.341155	0.0826005	0.0918164	0.0213877	0.117908	0.132334	0.183565	-0.0174936	0.368319	0.520665	0.542834
rs710	rs710	1	710	A	C	500	0.239	223	0.266816	277	0.216606	0.140103	0.0932507	0.201954	-0.112633	0.138872	0.187397	-0.0192844	0.132985	0.547815	0.270014
rs711	rs711	1	711	A	C	500	0.41	223	0.410314	277	0.409747	0.072331	0.0831865	-0.0399134	0.201565	0.124964	0.167459	-0.0156159	0.384571	0.228718	0.332064
rs712	rs712	1	712	A	C	500	0.314	223	0.293722	277	0.330325	-0.105606	0.0887595	-0.0527489	-0.100329	0.129104	0.177954	-0.0166836	0.234124	0.572893	0.420316
rs713	rs713	1	713	A	C	500	0.386	223	0.381166	277	0.389892	-0.0166337	0.0872439	0.0625592	-0.145839	0.129061	0.175145	-0.0166575	0.848794	0.40503	0.694303
rs714	rs714	1	714	A	C	500	0.099	223	0.109865	277	0.0902527	0.0584142	0.142793	0.115316	-0.09725	0.221661	0.289756	-0.0491252	0.682479	0.737152	0.869361
rs715	rs715	1	715	A	C	500	0.184	223	0.170404	277	0.194946	-0.00081524	0.10978	0.00515507	-0.00985998	0.174566	0.224153	-0.0304235	0.994075	0.964914	0.999005
rs716	rs716	1	716	A	C	500	0.127	223	0.123318	277	0.129964	0.0873232	0.124203	-0.0275192	0.213918	0.182602	0.249334	-0.0333747	0.482012	0.390916	0.540533
rs717	rs717	1	717	A	C	500	0.229	223	0.237668	277	0.222022	0.0215986	0.0993417	0.082851	-0.105336	0.153477	0.201187	-0.0235366	0.827883	0.600574	0.851547
rs718	rs718	1	718	A	C	500	0.209	223	0.199552	277	0.216606	-0.0945764	0.104351	-0.208297	0.194076	0.162165	0.211842	-0.026296	0.364761	0.359595	0.435887
rs719	rs719	1	719	A	C	500	0.292	223	0.284753	277	0.297834	0.126147	0.089874	-0.0106997	0.255309	0.131964	0.180276	-0.0174198	0.160439	0.156714	0.136987
rs720	rs720	1	720	A	C	500	0.207	223	0.215247	277	0.200361	0.120018	0.10492	0.117712	0.00379205	0.167589	0.214937	-0.0280883	0.252665	0.985924	0.519749
rs721	rs721	1	721	A	C	500	0.377	223	0.360987	277	0.389892	0.0150419	0.0823713	-0.159155	0.302925	0.126425	0.16678	-0.0159954	0.855103	0.0693222	0.188969
rs722	rs722	1	722	A	C	500	0.293	223	0.284753	277	0.299639	0.0154681	0.092321	0.129032	-0.203259	0.13896	0.18589	-0.0193064	0.86694	0.274202	0.542353
rs723	rs723	1	723	A	C	500	0.134	223	0.127803	277	0.138989	0.084656	0.11927	0.167171	-0.151029	0.177058	0.239517	-0.0313431	0.477838	0.52833	0.637183
rs724	rs724	1	724	A	C	500	0.331	223	0.318386	277	0.341155	0.0269495	0.0902435	0.0268992	9.38833e-05	0.132271	0.180675	-0.0174721	0.765222	0.999585	0.956389
rs725	rs725	1	725	A	C	500	0.307	223	0.338565	277	0.281588	0.0163246	0.0885574	0.00372268	0.0224177	0.133828	0.178491	-0.0179093	0.853747	0.900052	0.975429
rs726	rs726	1	726	A	C	500	0.089	223	0.0896861	277	0.0884477	-0.172538	0.149774	-0.20342	0.0579684	0.219081	0.300119	-0.0479855	0.249327	0.846841	0.505509
rs727	rs727	1	727	A	C	500	0.132	223	0.125561	277	0.137184	0.0216959	0.11984	0.116604	-0.153	0.194512	0.246987	-0.0378407	0.856336	0.53561	0.811999
rs728	rs728	1	728	A	C	500	0.158	223	0.161435	277	0.155235	0.144461	0.116968	0.163563	-0.0324854	0.182185	0.237536	-0.0331784	0.216813	0.89122	0.462078
rs729	rs729	1	729	A	C	500	0.152	223	0.152466	277	0.151625	-0.0529582	0.117269	-0.0153269	-0.0717548	0.169992	0.234661	-0.0288789	0.65156	0.759772	0.86181
rs730	rs730	1	730	A	C	500	0.108	223	0.107623	277	0.108303	-0.194318	0.131141	-0.121732	-0.129584	0.197699	0.264114	-0.0390736	0.138409	0.623683	0.29578
rs731	rs731	1	731	A	C	500	0.377	223	0.363229	277	0.388087	-0.040279	0.0855912	-0.0677514	0.0492376	0.128714	0.172293	-0.0165628	0.637928	0.775048	0.859361
rs732	rs732	1	732	A	C	500	0.138	223	0.134529	277	0.140794	-0.0963718	0.120262	-0.060774	-0.0717879	0.169371	0.240509	-0.0286837	0.422931	0.765335	0.693764
rs733	rs733	1	733	A	C	500	0.308	223	0.320628	277	0.297834	-0.0284118	0.0907961	0.0770131	-0.190589	0.135805	0.182573	-0.0184381	0.754342	0.296528	0.552207
rs734	rs734	1	734	A	C	500	0.179	223	0.150224	277	0.202166	-0.0744821	0.107072	-0.0451966	-0.0528007	0.160474	0.215508	-0.0257597	0.486664	0.806452	0.761885
rs735	rs735	1	735	A	C	500	0.21	223	0.201794	277	0.216606	0.00322975	0.102044	0.0957856	-0.16708	0.152797	0.205298	-0.0233479	0.974751	0.415736	0.717724
rs736	rs736	1	736	A	C	500	0.356	223	0.378924	277	0.337545	0.0158639	0.0854657	0.0387163	-0.0436522	0.123856	0.171233	-0.0153498	0.852745	0.798779	0.951495
rs737	rs737	1	737	A	C	500	0.217	223	0.217489	277	0.216606	0.0375319	0.101711	-0.0374822	0.130958	0.155518	0.205386	-0.0241629	0.712123	0.52372	0.762339
rs738	rs738	1	738	A	C	500	0.146	223	0.141256	277	0.149819	-0.0890275	0.121675	-0.0693445	-0.0351603	0.183516	0.245408	-0.0337142	0.464362	0.886074	0.757339
rs739	rs739	1	739	A	C	500	0.331	223	0.316143	277	0.34296	-0.0251538	0.0872604	-0.0177896	-0.0122434	0.138177	0.178123	-0.0190837	0.773147	0.9452	0.95704
rs740	rs740	1	740	A	C	500	0.32	223	0.334081	277	0.308664	-0.0812691	0.0885981	-0.028223	-0.0985694	0.130284	0.177497	-0.0169549	0.358997	0.57867	0.562764
rs741	rs741	1	741	A	C	500	0.266	223	0.286996	277	0.249097	-0.0131336	0.0963438	-0.0522599	0.0698653	0.145285	0.19418	-0.0211163	0.891568	0.719	0.928655
rs742	rs742	1	742	A	C	500	0.179	223	0.163677	277	0.191336	-0.0220323	0.10914	-0.178855	0.264211	0.171092	0.221986	-0.0292489	0.840017	0.233963	0.482546
rs743	rs743	1	743	A	C	500	0.274	223	0.257848	277	0.287004	-0.0475739	0.0912254	-0.0804301	0.0627488	0.132214	0.182768	-0.0174909	0.602019	0.731354	0.822903
rs744	rs744	1	744	A	C	500	0.392	223	0.396861	277	0.388087	0.0274915	0.0832115	-0.15696	0.337325	0.123538	0.166988	-0.0152478	0.741112	0.0433779	0.123085
rs745	rs745	1	745	A	C	500	0.337	223	0.331839	277	0.341155	0.0777744	0.0872551	0.00254964	0.136039	0.130581	0.175688	-0.017068	0.372744	0.438742	0.498061
rs746	rs746	1	746	A	C	500	0.219	223	0.210762	277	0.225632	-0.132423	0.0987316	-0.159822	0.0503313	0.146277	0.198269	-0.0213992	0.179841	0.799609	0.393887
rs747	rs747	1	747	A	C	500	0.302	223	0.32287	277	0.285199	0.0332646	0.0891956	-0.0213186	0.0997845	0.132541	0.179222	-0.0175703	0.709193	0.577688	0.798887
rs748	rs748	1	748	A	C	500	0.223	223	0.233184	277	0.214801	0.0409956	0.0976728	-0.0566658	0.184822	0.14231	0.195871	-0.0202725	0.674687	0.345379	0.586686
rs749	rs749	1	749	A	C	500	0.191	223	0.213004	277	0.173285	0.025101	0.104766	0.0422955	-0.0315566	0.155307	0.210411	-0.0241232	0.810648	0.880784	0.960839
rs750	rs750	1	750	A	C	500	0.33	223	0.307175	277	0.348375	0.03717	0.0896716	-0.0586484	0.181126	0.130695	0.179729	-0.0170885	0.678499	0.313564	0.552274
rs751	rs751	1	751	A	C	500	0.176	223	0.163677	277	0.185921	0.00884001	0.114577	0.0720293	-0.127969	0.161039	0.229173	-0.0259336	0.938502	0.576573	0.853099
rs752	rs752	1	752	A	C	500	0.18	223	0.172646	277	0.185921	0.0150588	0.108127	-0.0953131	0.199624	0.161699	0.217452	-0.0261442	0.889237	0.358613	0.649813
rs753	rs753	1	753	A	C	500	0.232	223	0.217489	277	0.243682	0.0732145	0.0968086	-0.00680035	0.145484	0.144329	0.194633	-0.0208346	0.449481	0.454773	0.568165
rs754	rs754	1	754	A	C	500	0.16	223	0.181614	277	0.142599	-0.0323571	0.113168	-0.0436233	0.0197436	0.172722	0.228669	-0.0298377	0.774938	0.931195	0.956377
rs755	rs755	1	755	A	C	500	0.33	223	0.311659	277	0.344765	0.0444589	0.087892	0.0698343	-0.0457305	0.131791	0.176977	-0.0173797	0.612972	0.7961	0.85102
rs756	rs756	1	756	A	C	500	0.202	223	0.168161	277	0.229242	0.126752	0.103045	0.264505	-0.242403	0.156907	0.208222	-0.0246384	0.218672	0.244359	0.238313
rs757	rs757	1	757	A	C	500	0.166	223	0.163677	277	0.16787	-0.188897	0.115069	-0.120344	-0.123666	0.17238	0.231538	-0.0297182	0.100672	0.593268	0.225357
rs758	rs758	1	758	A	C	500	0.377	223	0.365471	277	0.386282	0.157382	0.0863961	0.0639657	0.17255	0.12752	0.173245	-0.016249	0.0685103	0.319254	0.115883
rs759	rs759	1	759	A	C	500	0.319	223	0.316143	277	0.3213	0.0820368	0.089686	0.139878	-0.0998091	0.138284	0.181629	-0.0191177	0.360343	0.582647	0.565901
rs760	rs760	1	760	A	C	500	0.334	223	0.320628	277	0.344765	-0.0161817	0.0880379	-0.0300077	0.0246541	0.132871	0.177459	-0.0176606	0.854167	0.889507	0.973807
rs761	rs761	1	761	A	C	500	0.204	223	0.195067	277	0.211191	-0.0188084	0.10997	-0.169614	0.246221	0.176587	0.225583	-0.0311676	0.864199	0.275059	0.543189
rs762	rs762	1	762	A	C	500	0.244	223	0.248879	277	0.240072	-0.12088	0.101618	-0.172916	0.0967519	0.149493	0.203866	-0.0223528	0.234223	0.635082	0.440374
rs763	rs763	1	763	A	C	500	0.306	223	0.284753	277	0.323105	0.0402524	0.0920933	0.0167044	0.0414292	0.140172	0.185918	-0.0196466	0.662051	0.823663	0.886611
rs764	rs764	1	764	A	C	500	0.247	223	0.237668	277	0.254513	0.0909241	0.0959423	0.131695	-0.0699832	0.14855	0.19467	-0.022078	0.343285	0.719224	0.598289
rs765	rs765	1	765	A	C	500	0.191	223	0.197309	277	0.185921	-0.0492484	0.103863	-0.0780526	0.0520372	0.155341	0.208683	-0.0241055	0.635382	0.803083	0.866315
rs766	rs766	1	766	A	C	500	0.229	223	0.2287	277	0.229242	0.0246539	0.101731	-0.0899608	0.201174	0.155083	0.205456	-0.0240495	0.808513	0.327501	0.601252
rs767	rs767	1	767	A	C	500	0.161	223	0.168161	277	0.155235	0.11064	0.11411	0.0206878	0.165422	0.168984	0.229207	-0.0285678	0.332248	0.470471	0.481671
rs768	rs768	1	768	A	C	500	0.304	223	0.286996	277	0.31769	-0.0752144	0.0911038	-0.0633405	-0.0211328	0.137678	0.183717	-0.0189641	0.409036	0.908422	0.706511
rs769	rs769	1	769	A	C	500	0.238	223	0.2287	277	0.245487	0.0960206	0.0974645	0.0456698	0.0995656	0.138593	0.194842	-0.0191982	0.324533	0.609345	0.540176
rs770	rs770	1	770	A	C	500	0.281	223	0.298206	277	0.267148	0.0670573	0.090957	0.0556675	0.019634	0.140378	0.184319	-0.0197083	0.460975	0.915168	0.757724
rs771	rs771	1	771	A	C	500	0.361	223	0.40583	277	0.32491	-0.0993114	0.0852523	-0.161367	0.103117	0.135117	0.174191	-0.0182598	0.244054	0.553865	0.425824
rs772	rs772	1	772	A	C	500	0.34	223	0.318386	277	0.357401	-0.012337	0.0879465	-0.057068	0.0743575	0.139333	0.179647	-0.0194145	0.88844	0.678942	0.908919
rs773	rs773	1	773	A	C	500	0.284	223	0.278027	277	0.288809	0.0422262	0.0925335	0.0415343	0.00122699	0.140183	0.186757	-0.019666	0.64815	0.994758	0.901097
rs774	rs774	1	774	A	C	500	0.111	223	0.107623	277	0.113718	-0.0502275	0.138371	-0.0420814	-0.0148259	0.206326	0.278549	-0.0426315	0.716612	0.957552	0.934917
rs775	rs775	1	775	A	C	500	0.106	223	0.103139	277	0.108303	0.210006	0.142604	0.262488	-0.100759	0.205862	0.285041	-0.0423198	0.140846	0.723721	0.317643
rs776	rs776	1	776	A	C	500	0.108	223	0.112108	277	0.104693	0.111242	0.13885	0.185546	-0.13941	0.203185	0.278319	-0.0412859	0.423034	0.61644	0.639936
rs777	rs777	1	777	A	C	500	0.211	223	0.204036	277	0.216606	-0.11052	0.100971	-0.139512	0.048642	0.158962	0.205988	-0.0252903	0.273703	0.813324	0.534231
rs778	rs778	1	778	A	C	500	0.29	223	0.280269	277	0.297834	-0.00161415	0.0938427	0.161252	-0.276031	0.146625	0.19094	-0.0215113	0.986277	0.148277	0.351659
rs779	rs779	1	779	A	C	500	0.29	223	0.295964	277	0.285199	-0.0579344	0.0945332	-0.0218641	-0.0630378	0.144492	0.190976	-0.0208692	0.539978	0.741338	0.784846
rs780	rs780	1	780	A	C	500	0.238	223	0.262332	277	0.218412	0.276486	0.10183	0.250473	0.0479893	0.150504	0.204453	-0.0226585	0.00662409	0.814426	0.0243888
rs781	rs781	1	781	A	C	500	0.279	223	0.304933	277	0.258123	0.0260319	0.0916201	0.0664503	-0.0797081	0.130489	0.183234	-0.0170251	0.776312	0.663558	0.873734
rs782	rs782	1	782	A	C	500	0.226	223	0.224215	277	0.227437	-0.0809251	0.101302	-0.135011	0.0997415	0.149717	0.203299	-0.0224119	0.424378	0.623698	0.644403
rs783	rs783	1	783	A	C	500	0.118	223	0.105381	277	0.128159	0.00979914	0.126454	-0.0865362	0.193779	0.178427	0.253206	-0.0318733	0.938232	0.444092	0.743902
rs784	rs784	1	784	A	C	500	0.227	223	0.201794	277	0.247292	-0.0930947	0.101693	-0.173744	0.134436	0.160744	0.20751	-0.0258324	0.359956	0.517081	0.533189
rs785	rs785	1	785	A	C	500	0.141	223	0.127803	277	0.151625	0.0300888	0.117449	-0.0370222	0.122364	0.174712	0.235836	-0.0305041	0.797808	0.603862	0.845844
rs786	rs786	1	786	A	C	500	0.346	223	0.338565	277	0.351986	0.0822314	0.0866278	-0.0401596	0.229388	0.126797	0.173536	-0.0160679	0.342493	0.18622	0.266022
rs787	rs787	1	787	A	C	500	0.232	223	0.230942	277	0.232852	0.0303825	0.0956819	0.0509711	-0.0382673	0.140678	0.191679	-0.0197672	0.750837	0.84176	0.932074
rs788	rs788	1	788	A	C	500	0.338	223	0.360987	277	0.319495	-0.0105431	0.0882072	0.121093	-0.222019	0.138223	0.179488	-0.019101	0.904858	0.216103	0.462007
rs789	rs789	1	789	A	C	500	0.38	223	0.374439	277	0.384477	-0.0108727	0.0825798	-0.00210112	-0.0149056	0.128765	0.167889	-0.0165871	0.895251	0.929255	0.98747
rs790	rs790	1	790	A	C	500	0.157	223	0.159193	277	0.155235	-0.0496946	0.116782	-0.0574465	0.0159879	0.162752	0.233796	-0.0265029	0.670448	0.94548	0.911305
rs791	rs791	1	791	A	C	500	0.355	223	0.349776	277	0.359206	-0.0178132	0.0875756	0.0923351	-0.199435	0.130883	0.176112	-0.0171299	0.838819	0.257453	0.515877
rs792	rs792	1	792	A	C	500	0.245	223	0.246637	277	0.243682	0.0366783	0.0980503	0.0595051	-0.0416118	0.145834	0.19679	-0.021244	0.708347	0.832534	0.911811
rs793	rs793	1	793	A	C	500	0.163	223	0.150224	277	0.173285	-0.0274187	0.112433	-0.141822	0.208126	0.167489	0.225844	-0.0280367	0.807334	0.356764	0.634853
rs794	rs794	1	794	A	C	500	0.315	223	0.304933	277	0.323105	-0.0576124	0.0883442	-0.0509399	-0.0116102	0.135474	0.178711	-0.0183546	0.514314	0.948201	0.806743
rs795	rs795	1	795	A	C	500	0.294	223	0.302691	277	0.287004	-0.0186207	0.0894619	0.141912	-0.27418	0.138915	0.181507	-0.0192893	0.835119	0.130897	0.312679
rs796	rs796	1	796	A	C	500	0.352	223	0.360987	277	0.344765	-0.0682123	0.0871982	0.0741515	-0.257573	0.130378	0.175368	-0.016998	0.434057	0.141898	0.250424
rs797	rs797	1	797	A	C	500	0.363	223	0.376682	277	0.351986	0.128029	0.0865697	0.122747	0.00975339	0.12783	0.173679	-0.0163352	0.139165	0.955216	0.334486
rs798	rs798	1	798	A	C	500	0.365	223	0.374439	277	0.357401	-0.0735567	0.083641	-0.0815618	0.0143288	0.125908	0.168457	-0.0158537	0.379166	0.932214	0.676841
rs799	rs799	1	799	A	C	500	0.255	223	0.251121	277	0.258123	-0.00198765	0.0940008	0.0382661	-0.0710611	0.142763	0.189682	-0.020381	0.98313	0.707933	0.932022
rs800	rs800	1	800	A	C	500	0.328	223	0.307175	277	0.344765	0.0147066	0.0841307	0.108222	-0.167655	0.126711	0.16987	-0.0160953	0.861232	0.323661	0.605122
rs801	rs801	1	801	A	C	500	0.308	223	0.302691	277	0.312274	0.111048	0.0902658	0.173134	-0.110604	0.136305	0.181944	-0.0185823	0.218609	0.543254	0.390039
rs802	rs802	1	802	A	C	500	0.11	223	0.0874439	277	0.128159	0.1325	0.129995	0.211376	-0.135666	0.201017	0.26372	-0.0404352	0.308077	0.606948	0.521122
rs803	rs803	1	803	A	C	500	0.249	223	0.262332	277	0.238267	-0.0193499	0.0937128	-0.267372	0.418476	0.146819	0.190694	-0.0215524	0.836415	0.0282005	0.0881071
rs804	rs804	1	804	A	C	500	0.296	223	0.327354	277	0.270758	0.0286226	0.094959	-0.0240488	0.0899148	0.147543	0.192771	-0.0217684	0.763094	0.640905	0.857094
rs805	rs805	1	805	A	C	500	0.3	223	0.307175	277	0.294224	0.00446681	0.0894639	0.10297	-0.16944	0.138338	0.181504	-0.0191516	0.960179	0.350545	0.645979
rs806	rs806	1	806	A	C	500	0.231	223	0.26009	277	0.207581	0.0102728	0.0974368	0.0877902	-0.132141	0.151572	0.197916	-0.0229788	0.916035	0.504352	0.795773
rs807	rs807	1	807	A	C	500	0.11	223	0.132287	277	0.0920578	0.0879798	0.127957	0.0974215	-0.0175762	0.188138	0.256752	-0.035412	0.491723	0.945423	0.787635
rs808	rs808	1	808	A	C	500	0.127	223	0.141256	277	0.115523	0.00385271	0.129016	-0.0873499	0.169891	0.189793	0.259296	-0.0360934	0.976177	0.512339	0.806469
rs809	rs809	1	809	A	C	500	0.11	223	0.109865	277	0.110108	-0.0806831	0.135016	-0.0907179	0.0186778	0.198413	0.270616	-0.039345	0.550119	0.944974	0.834491
rs810	rs810	1	810	A	C	500	0.224	223	0.233184	277	0.216606	0.153033	0.0936094	0.0948241	0.0963528	0.148794	0.191447	-0.0221425	0.102089	0.614763	0.231553
rs811	rs811	1	811	A	C	500	0.221	223	0.235426	277	0.209386	-0.0275039	0.0994458	0.085918	-0.221898	0.142278	0.199067	-0.0202555	0.782109	0.264984	0.517104
rs812	rs812	1	812	A	C	500	0.233	223	0.219731	277	0.243682	0.0405466	0.0980989	-0.0215301	0.111583	0.147267	0.197432	-0.0216855	0.67937	0.571959	0.782606
rs813	rs813	1	813	A	C	500	0.315	223	0.318386	277	0.312274	-0.0624974	0.088309	-0.116018	0.0921538	0.136389	0.178965	-0.0186015	0.479124	0.606605	0.681811
rs814	rs814	1	814	A	C	500	0.386	223	0.412556	277	0.364621	0.015298	0.0833106	0.0654367	-0.0880434	0.126904	0.168099	-0.0160919	0.854307	0.600446	0.857254
rs815	rs815	1	815	A	C	500	0.338	223	0.338565	277	0.337545	0.127965	0.0904897	0.176062	-0.0838521	0.138683	0.183217	-0.0192548	0.157322	0.647193	0.331337
rs816	rs816	1	816	A	C	500	0.379	223	0.363229	277	0.391697	0.006198	0.0832142	-0.0189223	0.0427589	0.129538	0.168983	-0.0167757	0.940626	0.800239	0.96581
rs817	rs817	1	817	A	C	500	0.137	223	0.134529	277	0.138989	0.0255087	0.119759	-0.150611	0.350437	0.169735	0.239332	-0.0287873	0.831326	0.143131	0.33465
rs818	rs818	1	818	A	C	500	0.383	223	0.358744	277	0.402527	0.00342363	0.0872448	0.00616052	-0.00473178	0.134351	0.176639	-0.0180471	0.968698	0.978629	0.998872
rs819	rs819	1	819	A	C	500	0.291	223	0.29148	277	0.290614	-0.0314085	0.0938477	0.146491	-0.326022	0.139212	0.188435	-0.0193754	0.73787	0.0836024	0.211671
rs820	rs820	1	820	A	C	500	0.399	223	0.378924	277	0.415162	-0.085858	0.0841708	-0.0604576	-0.0462658	0.125286	0.169031	-0.015686	0.307707	0.784306	0.572522
rs821	rs821	1	821	A	C	500	0.151	223	0.132287	277	0.166065	-0.03863	0.115916	-0.0318877	-0.0113066	0.182439	0.236254	-0.0332838	0.738939	0.961829	0.9449
rs822	rs822	1	822	A	C	500	0.397	223	0.38565	277	0.406137	-0.0512628	0.0841797	-0.104757	0.0977211	0.125158	0.169192	-0.0156704	0.542545	0.56355	0.703126
rs823	rs823	1	823	A	C	500	0.364	223	0.378924	277	0.351986	-0.00962102	0.0848488	-0.0412664	0.057182	0.127024	0.170812	-0.0161468	0.909721	0.737801	0.939448
rs824	rs824	1	824	A	C	500	0.156	223	0.159193	277	0.15343	-0.0384484	0.1138	-0.0519412	0.0254912	0.165869	0.22798	-0.0275111	0.735469	0.910971	0.938638
rs825	rs825	1	825	A	C	500	0.357	223	0.363229	277	0.351986	-0.0704397	0.0872549	-0.029605	-0.0698609	0.135378	0.177082	-0.0183293	0.419502	0.693204	0.667861
rs826	rs826	1	826	A	C	500	0.119	223	0.0986547	277	0.135379	-0.0241225	0.122945	0.0350211	-0.102632	0.188812	0.248668	-0.0356338	0.844449	0.679805	0.900846
rs827	rs827	1	827	A	C	500	0.275	223	0.264574	277	0.283394	-0.0762223	0.0943674	0.092852	-0.293989	0.144736	0.190821	-0.0209412	0.419253	0.123402	0.220247
rs828	rs828	1	828	A	C	500	0.378	223	0.363229	277	0.389892	-0.0215765	0.0872429	-0.210567	0.333533	0.132509	0.176016	-0.0175553	0.804664	0.0581058	0.161072
rs829	rs829	1	829	A	C	500	0.141	223	0.150224	277	0.133574	-0.00508027	0.120967	-0.0456282	0.0685907	0.189197	0.246081	-0.0357981	0.966501	0.780451	0.961051
rs830	rs830	1	830	A	C	500	0.165	223	0.174888	277	0.15704	-0.0876315	0.115135	-0.0534431	-0.0606255	0.174193	0.231798	-0.0303002	0.446584	0.793673	0.723355
rs831	rs831	1	831	A	C	500	0.387	223	0.360987	277	0.407942	-0.0218239	0.0860492	0.0811492	-0.185814	0.128854	0.17307	-0.0165992	0.799788	0.282986	0.544161
rs832	rs832	1	832	A	C	500	0.328	223	0.316143	277	0.337545	0.0434476	0.0907047	-0.0351271	0.145928	0.133524	0.181978	-0.0178314	0.631938	0.422614	0.646464
rs833	rs833	1	833	A	C	500	0.319	223	0.304933	277	0.330325	0.142536	0.0850526	0.213432	-0.127633	0.127624	0.171302	-0.0162998	0.0937673	0.456224	0.186037
rs834	rs834	1	834	A	C	500	0.258	223	0.269058	277	0.249097	0.0842229	0.0914672	0.115943	-0.0611187	0.131915	0.183151	-0.0174092	0.357156	0.738601	0.619022
rs835	rs835	1	835	A	C	500	0.344	223	0.363229	277	0.32852	0.0597738	0.0907069	0.0519677	0.0146677	0.132486	0.181448	-0.0175215	0.509911	0.935571	0.802204
rs836	rs836	1	836	A	C	500	0.391	223	0.367713	277	0.409747	-0.00865591	0.0844142	0.0560959	-0.123527	0.122339	0.168926	-0.0149583	0.918327	0.464627	0.761382
rs837	rs837	1	837	A	C	500	0.393	223	0.390135	277	0.395307	-0.0141181	0.0836153	0.0253703	-0.0705574	0.125925	0.168239	-0.0158409	0.865918	0.674932	0.902851
rs838	rs838	1	838	A	C	500	0.225	223	0.224215	277	0.225632	-0.1013	0.0990024	-0.144311	0.0733887	0.153928	0.201116	-0.0237048	0.306208	0.715181	0.554294
rs839	rs839	1	839	A	C	500	0.159	223	0.152466	277	0.16426	-0.146652	0.114394	-0.140628	-0.00999361	0.181456	0.233664	-0.0329129	0.199844	0.965886	0.439257
rs840	rs840	1	840	A	C	500	0.229	223	0.213004	277	0.241877	-0.00110302	0.100446	-0.0789052	0.140002	0.150789	0.202374	-0.0227597	0.991238	0.489063	0.787137
rs841	rs841	1	841	A	C	500	0.247	223	0.248879	277	0.245487	0.036839	0.0959479	-0.0196081	0.0992501	0.146018	0.193533	-0.0213021	0.701017	0.608069	0.814479
rs842	rs842	1	842	A	C	500	0.171	223	0.172646	277	0.169675	-0.0185079	0.108138	-0.129747	0.193599	0.165822	0.218785	-0.0275035	0.864105	0.37622	0.666207
rs843	rs843	1	843	A	C	500	0.141	223	0.136771	277	0.144404	-0.106486	0.114091	-0.190074	0.14214	0.17772	0.231711	-0.0315738	0.350644	0.539589	0.53595
rs844	rs844	1	844	A	C	500	0.313	223	0.313901	277	0.312274	-0.0328607	0.0943052	0.0522709	-0.154734	0.140621	0.189595	-0.019777	0.727501	0.414427	0.674528
rs845	rs845	1	845	A	C	500	0.322	223	0.347534	277	0.301444	-0.0215372	0.086007	0.0590384	-0.146722	0.128117	0.172908	-0.0164187	0.802268	0.396128	0.676125
rs846	rs846	1	846	A	C	500	0.361	223	0.372197	277	0.351986	-0.070573	0.0872267	-0.00990547	-0.113053	0.128132	0.174903	-0.016416	0.418471	0.518035	0.584965
rs847	rs847	1	847	A	C	500	0.209	223	0.213004	277	0.205776	-0.0880352	0.0968505	-0.190702	0.183639	0.145863	0.195088	-0.021278	0.363361	0.346545	0.424792
rs848	rs848	1	848	A	C	500	0.204	223	0.195067	277	0.211191	-0.117841	0.100024	-0.114391	-0.00606511	0.152262	0.201838	-0.0231708	0.238744	0.976028	0.49935
rs849	rs849	1	849	A	C	500	0.194	223	0.204036	277	0.185921	0.027227	0.101993	0.0223341	0.00867869	0.154382	0.20556	-0.0238229	0.789508	0.966324	0.964137
rs850	rs850	1	850	A	C	500	0.359	223	0.356502	277	0.361011	0.116253	0.0881952	0.0922491	0.0418058	0.135229	0.178539	-0.0183021	0.187461	0.814864	0.40814
rs851	rs851	1	851	A	C	500	0.262	223	0.2713	277	0.254513	-0.0529666	0.0962816	-0.0540223	0.00200719	0.139834	0.192806	-0.0195519	0.582236	0.991694	0.859529
rs852	rs852	1	852	A	C	500	0.129	223	0.116592	277	0.138989	-0.020765	0.122192	-0.138311	0.251896	0.167351	0.245041	-0.0280198	0.865059	0.303962	0.581116
rs853	rs853	1	853	A	C	500	0.239	223	0.219731	277	0.254513	-0.00242973	0.0966419	-0.013256	0.0187571	0.148678	0.195753	-0.0221171	0.979942	0.923663	0.995105
rs854	rs854	1	854	A	C	500	0.309	223	0.329596	277	0.292419	-0.0447061	0.0898179	-0.0872784	0.0850416	0.126927	0.17915	-0.0160667	0.618666	0.635004	0.789353
rs855	rs855	1	855	A	C	500	0.34	223	0.32287	277	0.353791	-0.050755	0.0867143	-0.0429177	-0.0135583	0.133464	0.175514	-0.0178068	0.558337	0.938425	0.840062
rs856	rs856	1	856	A	C	500	0.317	223	0.320628	277	0.314079	-0.165999	0.0901739	-0.14632	-0.0364316	0.133043	0.181105	-0.0177162	0.0656403	0.840572	0.180029
rs857	rs857	1	857	A	C	500	0.125	223	0.141256	277	0.111913	-0.0215842	0.122054	0.0771632	-0.168931	0.18932	0.247585	-0.0358313	0.859634	0.495038	0.780036
rs858	rs858	1	858	A	C	500	0.182	223	0.199552	277	0.16787	0.0447362	0.106442	0.0752021	-0.0554647	0.158521	0.213859	-0.0251218	0.674275	0.795364	0.88519
rs859	rs859	1	859	A	C	500	0.338	223	0.334081	277	0.341155	-0.0331765	0.0856222	-0.1314	0.169171	0.132322	0.173756	-0.0175295	0.698405	0.330248	0.577509
rs860	rs860	1	860	A	C	500	0.255	223	0.257848	277	0.252708	-0.0833999	0.0952358	-0.166888	0.152932	0.141385	0.19142	-0.0200031	0.381183	0.424328	0.4953
rs861	rs861	1	861	A	C	500	0.207	223	0.235426	277	0.184116	-0.00581853	0.0988633	0.0538405	-0.100792	0.154886	0.201435	-0.0240169	0.953068	0.616814	0.880806
rs862	rs862	1	862	A	C	500	0.242	223	0.233184	277	0.249097	0.0228851	0.0985803	0.0683865	-0.0794837	0.150754	0.199237	-0.022724	0.816424	0.689937	0.898954
rs863	rs863	1	863	A	C	500	0.262	223	0.257848	277	0.265343	0.0932006	0.0948762	0.0687567	0.0442282	0.141814	0.190713	-0.0201016	0.325933	0.816608	0.600864
rs864	rs864	1	864	A	C	500	0.329	223	0.302691	277	0.350181	-0.146499	0.0898938	-0.0271079	-0.21488	0.134788	0.180762	-0.0181547	0.103168	0.23454	0.130746
rs865	rs865	1	865	A	C	500	0.228	223	0.269058	277	0.194946	-0.00174681	0.0989112	-0.0374557	0.0628368	0.150463	0.199521	-0.0226223	0.98591	0.752808	0.951468
rs866	rs866	1	866	A	C	500	0.364	223	0.358744	277	0.368231	-0.0173934	0.086064	0.0629293	-0.142968	0.130056	0.173555	-0.0169228	0.839839	0.410074	0.697876
rs867	rs867	1	867	A	C	500	0.271	223	0.284753	277	0.259928	0.00874452	0.090874	-0.145366	0.276985	0.136334	0.182663	-0.0185642	0.92334	0.129426	0.315272
rs868	rs868	1	868	A	C	500	0.203	223	0.204036	277	0.202166	0.167818	0.104003	0.116505	0.0906799	0.157861	0.20987	-0.0249239	0.106618	0.665686	0.247791
rs869	rs869	1	869	A	C	500	0.104	223	0.105381	277	0.102888	0.175675	0.135497	0.161206	0.0254706	0.206258	0.273739	-0.0425689	0.194795	0.925866	0.429637
rs870	rs870	1	870	A	C	500	0.099	223	0.109865	277	0.0902527	-0.0120519	0.140764	-0.033138	0.0433075	0.196538	0.281706	-0.0386389	0.93177	0.87782	0.984637
rs871	rs871	1	871	A	C	500	0.106	223	0.0919283	277	0.117329	-0.102886	0.134164	-0.222745	0.224541	0.196493	0.268942	-0.0386094	0.44316	0.403771	0.525936
rs872	rs872	1	872	A	C	500	0.279	223	0.264574	277	0.290614	0.133864	0.0966948	0.177225	-0.071141	0.1547	0.198122	-0.0239247	0.166238	0.719538	0.359607
rs873	rs873	1	873	A	C	500	0.125	223	0.14574	277	0.108303	0.126436	0.124499	0.0591221	0.123091	0.184863	0.249888	-0.0341482	0.309841	0.622305	0.528878
rs874	rs874	1	874	A	C	500	0.364	223	0.352018	277	0.373646	0.0395166	0.0863061	-0.00957827	0.0881507	0.129669	0.17376	-0.0168154	0.647049	0.611934	0.791754
rs875	rs875	1	875	A	C	500	0.2	223	0.219731	277	0.184116	-0.0559102	0.104218	-0.206213	0.272335	0.155656	0.209487	-0.0242201	0.591633	0.193596	0.371979
rs876	rs876	1	876	A	C	500	0.244	223	0.221973	277	0.261733	-0.0137812	0.0948467	-0.0989876	0.147809	0.145838	0.192176	-0.0212897	0.884474	0.441814	0.736137
rs877	rs877	1	877	A	C	500	0.211	223	0.215247	277	0.207581	0.0326761	0.100404	0.0719385	-0.0751537	0.14529	0.201016	-0.0211099	0.744842	0.708501	0.884399
rs878	rs878	1	878	A	C	500	0.183	223	0.168161	277	0.194946	-0.0205562	0.106544	-0.0997755	0.138751	0.162535	0.214983	-0.0263878	0.847008	0.518665	0.797012
rs879	rs879	1	879	A	C	500	0.246	223	0.248879	277	0.243682	-0.0145936	0.0983732	-0.0202853	0.00995466	0.150299	0.19874	-0.0225834	0.882067	0.960052	0.987817
rs880	rs880	1	880	A	C	500	0.261	223	0.262332	277	0.259928	0.00897188	0.0982893	-0.0912791	0.188018	0.143819	0.196907	-0.0206734	0.92727	0.339651	0.631258
rs881	rs881	1	881	A	C	500	0.317	223	0.327354	277	0.308664	-0.0342118	0.0878461	0.026702	-0.115108	0.127966	0.175835	-0.0163614	0.696942	0.512702	0.748181
rs882	rs882	1	882	A	C	500	0.175	223	0.190583	277	0.162455	0.120796	0.111633	0.041188	0.135959	0.173366	0.226533	-0.0300478	0.279215	0.548391	0.465075
rs883	rs883	1	883	A	C	500	0.196	223	0.20852	277	0.185921	0.0837211	0.105003	0.171573	-0.173151	0.149729	0.210376	-0.0224553	0.425267	0.410478	0.518629
rs884	rs884	1	884	A	C	500	0.183	223	0.165919	277	0.196751	-0.0341664	0.107316	-0.00575563	-0.0559533	0.153015	0.214813	-0.0234303	0.750202	0.794497	0.918876
rs885	rs885	1	885	A	C	500	0.387	223	0.403587	277	0.373646	-0.0552935	0.0849155	0.0264004	-0.144305	0.128924	0.171358	-0.0166232	0.514944	0.399717	0.567456
rs886	rs886	1	886	A	C	500	0.264	223	0.278027	277	0.252708	-0.109847	0.0947026	-0.165036	0.0987252	0.142675	0.190893	-0.0203706	0.246084	0.605033	0.446447
rs887	rs887	1	887	A	C	500	0.147	223	0.14574	277	0.148014	-0.0316297	0.117491	-0.218055	0.296153	0.193139	0.243519	-0.0373298	0.787768	0.223932	0.460366
rs888	rs888	1	888	A	C	500	0.203	223	0.20852	277	0.198556	-0.0157488	0.102182	0.012575	-0.0489769	0.157449	0.207133	-0.0248119	0.877511	0.813083	0.960951
rs889	rs889	1	889	A	C	500	0.204	223	0.17713	277	0.225632	-0.0452274	0.104787	0.0366729	-0.157175	0.151356	0.209598	-0.0228916	0.666023	0.453323	0.687764
rs890	rs890	1	890	A	C	500	0.149	223	0.141256	277	0.155235	0.217698	0.11715	0.137132	0.159983	0.166217	0.234149	-0.0276098	0.0631287	0.494447	0.140855
rs891	rs891	1	891	A	C	500	0.183	223	0.172646	277	0.191336	0.0393461	0.106691	0.104615	-0.123404	0.155454	0.213765	-0.0241686	0.712287	0.563744	0.790861
rs892	rs892	1	892	A	C	500	0.338	223	0.352018	277	0.326715	0.0998233	0.088394	0.174913	-0.140371	0.129607	0.177191	-0.0167953	0.258771	0.428245	0.386181
rs893	rs893	1	893	A	C	500	0.272	223	0.26009	277	0.281588	0.0778178	0.0945943	0.0847622	-0.012549	0.141563	0.190319	-0.0200442	0.410709	0.947428	0.71138
rs894	rs894	1	894	A	C	500	0.252	223	0.253363	277	0.250903	0.115866	0.0936499	0.133727	-0.0338349	0.136265	0.187505	-0.0185599	0.216006	0.856801	0.457656
rs895	rs895	1	895	A	C	500	0.116	223	0.105381	277	0.124549	-0.00015056	0.130739	-0.14491	0.244684	0.204476	0.265745	-0.0417801	0.999081	0.357182	0.654497
rs896	rs896	1	896	A	C	500	0.355	223	0.363229	277	0.348375	-0.06204	0.088271	0.131503	-0.345036	0.133246	0.177941	-0.0177608	0.482158	0.0524949	0.1192
rs897	rs897	1	897	A	C	500	0.206	223	0.195067	277	0.214801	0.222413	0.102667	0.218684	0.00677578	0.153083	0.206321	-0.0234281	0.0302834	0.973801	0.0956456
rs898	rs898	1	898	A	C	500	0.152	223	0.14574	277	0.15704	-0.146648	0.114204	-0.196351	0.089712	0.171062	0.229875	-0.0292761	0.199111	0.696342	0.406328
rs899	rs899	1	899	A	C	500	0.173	223	0.224215	277	0.131769	-0.00613016	0.103823	0.0290672	-0.0572213	0.167233	0.213135	-0.0279421	0.952917	0.788334	0.962922
rs900	rs900	1	900	A	C	500	0.232	223	0.217489	277	0.243682	-0.0869289	0.0993998	-0.0127501	-0.140066	0.144949	0.199203	-0.0210155	0.381825	0.481974	0.532803
rs901	rs901	1	901	A	C	500	0.24	223	0.233184	277	0.245487	0.0856337	0.097681	0.101857	-0.0286828	0.148212	0.197083	-0.0219686	0.380668	0.884287	0.673773
rs902	rs902	1	902	A	C	500	0.101	223	0.0941704	277	0.106498	0.139384	0.141892	0.424437	-0.452645	0.233394	0.294258	-0.0545287	0.325939	0.123986	0.189077
rs903	rs903	1	903	A	C	500	0.231	223	0.213004	277	0.245487	0.0438591	0.098033	0.0646406	-0.0381766	0.145212	0.196795	-0.0210819	0.654593	0.846183	0.8879
rs904	rs904	1	904	A	C	500	0.251	223	0.273543	277	0.232852	0.0802205	0.0943091	0.0452682	0.0619119	0.142952	0.190292	-0.020443	0.394985	0.744915	0.66054
rs905	rs905	1	905	A	C	500	0.16	223	0.14574	277	0.17148	-0.0887654	0.114652	-0.111297	0.0397079	0.174263	0.231279	-0.0303516	0.438805	0.863682	0.730197
rs906	rs906	1	906	A	C	500	0.184	223	0.188341	277	0.180505	0.0564957	0.106002	-0.0998145	0.288432	0.156646	0.212817	-0.0245446	0.594057	0.175321	0.346299
rs907	rs907	1	907	A	C	500	0.284	223	0.282511	277	0.285199	-0.037853	0.0908614	0.0704925	-0.18799	0.13962	0.183936	-0.019499	0.67697	0.306764	0.543863
rs908	rs908	1	908	A	C	500	0.365	223	0.349776	277	0.377256	0.0881991	0.0868874	0.0092242	0.13886	0.132285	0.175388	-0.0174949	0.31006	0.428517	0.436647
rs909	rs909	1	909	A	C	500	0.162	223	0.174888	277	0.151625	-0.0569711	0.111505	-0.125162	0.124131	0.166106	0.224117	-0.0275927	0.6094	0.579671	0.752836
rs910	rs910	1	910	A	C	500	0.227	223	0.192825	277	0.254513	-0.0862015	0.0996026	0.100602	-0.334421	0.14982	0.200357	-0.0224234	0.386789	0.0950927	0.17076
rs911	rs911	1	911	A	C	500	0.311	223	0.253363	277	0.357401	0.0251974	0.0907707	-0.0328511	0.102907	0.137492	0.183075	-0.0189062	0.781324	0.574046	0.821594
rs912	rs912	1	912	A	C	500	0.214	223	0.230942	277	0.200361	0.00584944	0.0995859	0.049513	-0.0823101	0.145317	0.199497	-0.0211125	0.953161	0.679909	0.916825
rs913	rs913	1	913	A	C	500	0.255	223	0.284753	277	0.231047	-0.0715873	0.0956743	-0.0883371	0.0310422	0.140982	0.191906	-0.0198716	0.454316	0.871497	0.746012
rs914	rs914	1	914	A	C	500	0.136	223	0.132287	277	0.138989	0.235315	0.122543	0.332222	-0.158051	0.197035	0.251643	-0.0388265	0.0548248	0.529954	0.129906
rs915	rs915	1	915	A	C	500	0.111	223	0.112108	277	0.110108	-0.0622475	0.128732	-0.148176	0.155721	0.192303	0.25889	-0.0369845	0.628711	0.547509	0.742445
rs916	rs916	1	916	A	C	500	0.267	223	0.269058	277	0.265343	0.0568612	0.0929969	-0.0673267	0.210757	0.145161	0.189157	-0.0210834	0.540914	0.265197	0.445911
rs917	rs917	1	917	A	C	500	0.399	223	0.390135	277	0.406137	-0.0500935	0.086117	-0.0213755	-0.0455718	0.141689	0.178547	-0.0200893	0.560775	0.79854	0.817295
rs918	rs918	1	918	A	C	500	0.349	223	0.336323	277	0.359206	-0.0828035	0.0826434	-0.154471	0.132972	0.121757	0.165897	-0.0148333	0.316374	0.422823	0.439039
rs919	rs919	1	919	A	C	500	0.35	223	0.345291	277	0.353791	0.102321	0.0878403	-0.0438598	0.261773	0.132067	0.176602	-0.0174164	0.244081	0.138268	0.169145
rs920	rs920	1	920	A	C	500	0.249	223	0.224215	277	0.268953	0.0944163	0.0985054	0.104441	-0.0176254	0.150037	0.19897	-0.0225176	0.337817	0.929413	0.629221
rs921	rs921	1	921	A	C	500	0.339	223	0.358744	277	0.323105	0.0325338	0.0869744	-0.133286	0.282761	0.135284	0.176698	-0.0183095	0.708358	0.109542	0.259144
rs922	rs922	1	922	A	C	500	0.361	223	0.378924	277	0.34657	0.109582	0.0842054	0.0940082	0.0278933	0.126737	0.16965	-0.0160691	0.193135	0.869403	0.423041
rs923	rs923	1	923	A	C	500	0.259	223	0.284753	277	0.238267	-0.0135746	0.0917401	-0.0729304	0.107792	0.136894	0.184518	-0.0187481	0.882368	0.5591	0.833952
rs924	rs924	1	924	A	C	500	0.374	223	0.369955	277	0.377256	0.090556	0.0870904	-0.0101631	0.180291	0.131044	0.175276	-0.0171626	0.298436	0.303662	0.343143
rs925	rs925	1	925	A	C	500	0.266	223	0.286996	277	0.249097	-0.0168459	0.0948893	0.0868107	-0.18919	0.141116	0.190638	-0.0199122	0.859091	0.321001	0.601583
rs926	rs926	1	926	A	C	500	0.285	223	0.278027	277	0.290614	-0.103328	0.0938909	0.00688113	-0.194662	0.142663	0.189722	-0.0203784	0.27111	0.304874	0.322408
rs927	rs927	1	927	A	C	500	0.142	223	0.147982	277	0.137184	-0.207932	0.121006	-0.276901	0.123207	0.182135	0.243176	-0.0331029	0.085731	0.612395	0.200944
rs928	rs928	1	928	A	C	500	0.381	223	0.374439	277	0.386282	-0.0349363	0.0853968	-0.0336555	-0.00232854	0.127296	0.171635	-0.0162025	0.682462	0.989176	0.919638
rs929	rs929	1	929	A	C	500	0.29	223	0.313901	277	0.270758	0.0809941	0.0913596	0.0181247	0.107177	0.142027	0.185381	-0.020159	0.375326	0.563166	0.57115
rs930	rs930	1	930	A	C	500	0.191	223	0.174888	277	0.203971	-0.00106356	0.102445	0.0694853	-0.132094	0.150105	0.205419	-0.0225366	0.991717	0.520195	0.813176
rs931	rs931	1	931	A	C	500	0.404	223	0.414798	277	0.395307	-0.109487	0.084108	0.0133897	-0.225462	0.124681	0.168879	-0.0155435	0.193003	0.18186	0.175793
rs932	rs932	1	932	A	C	500	0.269	223	0.26009	277	0.276173	0.0116302	0.0959909	0.064695	-0.0962507	0.143361	0.193138	-0.0205654	0.903565	0.618236	0.876764
rs933	rs933	1	933	A	C	500	0.164	223	0.159193	277	0.16787	-0.13434	0.111334	-0.157002	0.0418166	0.164586	0.223672	-0.0271126	0.22757	0.851696	0.474513
rs934	rs934	1	934	A	C	500	0.374	223	0.374439	277	0.373646	0.0501005	0.0846631	0.0904732	-0.071063	0.128776	0.170794	-0.0165725	0.55401	0.677355	0.76978
rs935	rs935	1	935	A	C	500	0.4	223	0.410314	277	0.391697	0.0822937	0.0855237	0.0342712	0.0841818	0.130355	0.172451	-0.0169652	0.335933	0.625445	0.55873
rs936	rs936	1	936	A	C	500	0.346	223	0.347534	277	0.344765	0.0900773	0.0876026	0.0621323	0.0493308	0.133019	0.176704	-0.017688	0.303833	0.780113	0.566875
rs937	rs937	1	937	A	C	500	0.141	223	0.125561	277	0.15343	-0.108315	0.116981	-0.168807	0.106764	0.177629	0.235915	-0.0315347	0.354489	0.650871	0.587979
rs938	rs938	1	938	A	C	500	0.137	223	0.143498	277	0.131769	0.17989	0.121932	0.0715798	0.196127	0.182129	0.244983	-0.033144	0.140122	0.423378	0.244444
rs939	rs939	1	939	A	C	500	0.249	223	0.246637	277	0.250903	-0.0544156	0.0934551	-0.0507312	-0.00607557	0.14897	0.1913	-0.0221925	0.560388	0.974664	0.843647
rs940	rs940	1	940	A	C	500	0.136	223	0.143498	277	0.129964	-0.0171532	0.121857	0.0946558	-0.193145	0.187744	0.246722	-0.035238	0.888056	0.43372	0.72882
rs941	rs941	1	941	A	C	500	0.295	223	0.327354	277	0.268953	-0.165326	0.092086	-0.134663	-0.0527693	0.142423	0.186974	-0.0203143	0.0725986	0.777768	0.19177
rs942	rs942	1	942	A	C	500	0.128	223	0.11435	277	0.138989	-0.0827795	0.123645	0.0525355	-0.239772	0.187282	0.24925	-0.0350606	0.50318	0.336064	0.50318
rs943	rs943	1	943	A	C	500	0.339	223	0.307175	277	0.364621	0.153373	0.0882538	0.164938	-0.0197554	0.137161	0.179356	-0.0188318	0.0822354	0.912293	0.219556
rs944	rs944	1	944	A	C	500	0.313	223	0.316143	277	0.310469	0.124396	0.0924029	0.126708	-0.00388222	0.145359	0.188365	-0.0211363	0.178228	0.983557	0.403984
rs945	rs945	1	945	A	C	500	0.398	223	0.392377	277	0.402527	-0.00246929	0.0847206	-0.0460685	0.0772569	0.128368	0.17089	-0.0164806	0.976748	0.651206	0.902473
rs946	rs946	1	946	A	C	500	0.238	223	0.255605	277	0.223827	0.0564942	0.0941582	-0.108854	0.265469	0.153294	0.194215	-0.0234937	0.548511	0.171662	0.328185
rs947	rs947	1	947	A	C	500	0.354	223	0.360987	277	0.348375	0.0466087	0.0858198	-0.0610582	0.190525	0.130067	0.172952	-0.0169037	0.587061	0.270634	0.470366
rs948	rs948	1	948	A	C	500	0.285	223	0.280269	277	0.288809	0.0841348	0.0946921	-0.0546392	0.246219	0.143369	0.190994	-0.0205601	0.374267	0.197348	0.293561
rs949	rs949	1	949	A	C	500	0.28	223	0.289238	277	0.272563	0.0751054	0.0935116	0.0713968	0.00693999	0.136997	0.187352	-0.0187574	0.421878	0.970451	0.723811
rs950	rs950	1	950	A	C	500	0.354	223	0.356502	277	0.351986	-0.0189748	0.0866234	0.0163819	-0.0605606	0.134225	0.17562	-0.0180065	0.826612	0.730216	0.919939
rs951	rs951	1	951	A	C	500	0.283	223	0.278027	277	0.287004	-0.092578	0.0901102	-0.164212	0.129463	0.134899	0.181431	-0.0182137	0.304239	0.475497	0.457331
rs952	rs952	1	952	A	C	500	0.132	223	0.134529	277	0.129964	0.0799699	0.121927	0.063411	0.02597	0.202463	0.253496	-0.0409732	0.511899	0.918401	0.802247
rs953	rs953	1	953	A	C	500	0.305	223	0.278027	277	0.326715	0.0205615	0.0919031	-0.00864302	0.0529847	0.137114	0.18461	-0.018785	0.822967	0.774106	0.93593
rs954	rs954	1	954	A	C	500	0.194	223	0.181614	277	0.203971	0.0207368	0.106881	-0.0286126	0.0867672	0.162565	0.215366	-0.0263803	0.846162	0.687034	0.904857
rs955	rs955	1	955	A	C	500	0.196	223	0.199552	277	0.193141	0.0608103	0.10649	0.0676004	-0.0127843	0.155471	0.213271	-0.0241582	0.567971	0.9522	0.848029
rs956	rs956	1	956	A	C	500	0.383	223	0.358744	277	0.402527	0.0498257	0.0886321	-0.00409195	0.0978583	0.132168	0.177947	-0.0174467	0.574005	0.582367	0.734015
rs957	rs957	1	957	A	C	500	0.282	223	0.273543	277	0.288809	-0.0128333	0.0918561	0.0764377	-0.166145	0.135127	0.184447	-0.0182796	0.888888	0.367709	0.660039
rs958	rs958	1	958	A	C	500	0.148	223	0.139013	277	0.155235	-0.0496193	0.116066	0.0668042	-0.222458	0.167971	0.232007	-0.0281704	0.669009	0.337637	0.576331
rs959	rs959	1	959	A	C	500	0.108	223	0.116592	277	0.101083	-0.107837	0.132602	-0.203273	0.164745	0.204552	0.268862	-0.0418753	0.416083	0.540043	0.595469
rs960	rs960	1	960	A	C	500	0.318	223	0.352018	277	0.290614	0.056987	0.0906269	0.0916451	-0.0641621	0.133632	0.181806	-0.0178543	0.529474	0.724152	0.771071
rs961	rs961	1	961	A	C	500	0.314	223	0.329596	277	0.301444	0.0919051	0.0870688	0.166028	-0.118999	0.141861	0.179805	-0.0201379	0.291176	0.508084	0.4602
rs962	rs962	1	962	A	C	500	0.254	223	0.235426	277	0.268953	-0.0160615	0.0935665	-0.0604536	0.0776985	0.142931	0.189115	-0.0204336	0.863706	0.68118	0.905622
rs963	rs963	1	963	A	C	500	0.33	223	0.372197	277	0.296029	0.00995896	0.0876611	-0.12969	0.218474	0.146028	0.18271	-0.0213386	0.909549	0.231799	0.486097
rs964	rs964	1	964	A	C	500	0.341	223	0.347534	277	0.33574	0.0781932	0.0886992	0.213027	-0.252532	0.129906	0.177759	-0.0168712	0.378018	0.155422	0.24717
rs965	rs965	1	965	A	C	500	0.113	223	0.112108	277	0.113718	-0.151989	0.128811	-0.0924899	-0.123874	0.178622	0.257636	-0.0318817	0.238026	0.63065	0.444097
rs966	rs966	1	966	A	C	500	0.217	223	0.226457	277	0.209386	-0.0426249	0.102694	-0.209166	0.292606	0.156553	0.20761	-0.024532	0.678093	0.158716	0.339817
rs967	rs967	1	967	A	C	500	0.236	223	0.257848	277	0.218412	0.0854149	0.0961384	-0.00190375	0.1471	0.150736	0.195583	-0.0227068	0.374295	0.451985	0.507878
rs968	rs968	1	968	A	C	500	0.406	223	0.443946	277	0.375451	-0.110627	0.0863276	-0.0778487	-0.0576827	0.131403	0.174337	-0.017271	0.200026	0.740743	0.416516
rs969	rs969	1	969	A	C	500	0.157	223	0.163677	277	0.151625	-0.102872	0.11434	-0.125306	0.0366052	0.183881	0.234983	-0.0338398	0.368276	0.876208	0.659106
rs970	rs970	1	970	A	C	500	0.307	223	0.304933	277	0.308664	0.0428416	0.0899257	0.0892521	-0.0826591	0.135792	0.18122	-0.0184389	0.633781	0.648299	0.80452
rs971	rs971	1	971	A	C	500	0.301	223	0.307175	277	0.296029	-0.0590323	0.0910182	0.0173217	-0.141897	0.133894	0.182498	-0.0179214	0.516612	0.436846	0.598935
rs972	rs972	1	972	A	C	500	0.312	223	0.313901	277	0.310469	0.00237206	0.0889894	0.100302	-0.181566	0.13119	0.178717	-0.0172271	0.978734	0.309657	0.59665
rs973	rs973	1	973	A	C	500	0.297	223	0.293722	277	0.299639	0.0714612	0.0888431	-0.0911653	0.285244	0.135509	0.179469	-0.0183635	0.421193	0.111976	0.204631
rs974	rs974	1	974	A	C	500	0.345	223	0.327354	277	0.359206	0.01013	0.0897568	0.0196833	-0.0166174	0.137645	0.181518	-0.0189423	0.910141	0.927058	0.989496
rs975	rs975	1	975	A	C	500	0.21	223	0.213004	277	0.207581	0.0311249	0.100002	-0.0825773	0.213533	0.146279	0.200491	-0.0214039	0.755617	0.286852	0.540314
rs976	rs976	1	976	A	C	500	0.179	223	0.186099	277	0.173285	0.171864	0.105497	0.132013	0.0737313	0.155563	0.211521	-0.0241822	0.103295	0.727407	0.249645
rs977	rs977	1	977	A	C	500	0.18	223	0.179372	277	0.180505	0.0258298	0.109797	-0.018713	0.08052	0.164203	0.22071	-0.0269475	0.814014	0.715244	0.910083
rs978	rs978	1	978	A	C	500	0.273	223	0.269058	277	0.276173	-0.0309852	0.0909571	0.0436033	-0.138704	0.133783	0.182436	-0.017898	0.733362	0.447083	0.706776
rs979	rs979	1	979	A	C	500	0.19	223	0.168161	277	0.207581	-0.0729132	0.103283	-0.0156089	-0.103357	0.154777	0.207918	-0.0239678	0.480215	0.619114	0.68884
rs980	rs980	1	980	A	C	500	0.181	223	0.17713	277	0.184116	-0.124968	0.106207	0.0608352	-0.329413	0.160894	0.214274	-0.0258971	0.239339	0.124209	0.153515
rs981	rs981	1	981	A	C	500	0.329	223	0.367713	277	0.297834	0.0240436	0.0906998	0.0860141	-0.100702	0.146211	0.186353	-0.0213707	0.79094	0.588933	0.834316
rs982	rs982	1	982	A	C	500	0.258	223	0.264574	277	0.252708	0.0321393	0.0975891	-0.0592727	0.178	0.139903	0.195202	-0.0195683	0.741904	0.361834	0.625009
rs983	rs983	1	983	A	C	500	0.378	223	0.358744	277	0.393502	-0.063056	0.0853295	-0.128577	0.113034	0.131574	0.172778	-0.0173042	0.459924	0.512975	0.614445
rs984	rs984	1	984	A	C	500	0.347	223	0.329596	277	0.361011	-0.111433	0.0864868	-0.204845	0.159326	0.134423	0.175519	-0.018062	0.197591	0.364016	0.288794
rs985	rs985	1	985	A	C	500	0.347	223	0.369955	277	0.32852	0.0688295	0.0861469	0.0425351	0.0505249	0.124421	0.1725	-0.015486	0.424303	0.769601	0.696228
rs986	rs986	1	986	A	C	500	0.217	223	0.201794	277	0.229242	-0.0327409	0.0980257	0.0426009	-0.131936	0.149566	0.197821	-0.0223468	0.738377	0.504805	0.757154
rs987	rs987	1	987	A	C	500	0.383	223	0.390135	277	0.377256	-0.0355341	0.0879267	-0.107486	0.126866	0.133557	0.177256	-0.0178196	0.686115	0.474162	0.713343
rs988	rs988	1	988	A	C	500	0.161	223	0.168161	277	0.155235	0.171719	0.10925	0.157608	0.0262725	0.160761	0.219572	-0.025895	0.115997	0.904758	0.28868
rs989	rs989	1	989	A	C	500	0.122	223	0.125561	277	0.119134	-0.00926668	0.126452	-0.110795	0.185743	0.187833	0.2541	-0.0352927	0.941582	0.464789	0.763491
rs990	rs990	1	990	A	C	500	0.26	223	0.255605	277	0.263538	-0.049611	0.0955979	-0.0398013	-0.0197289	0.134806	0.191152	-0.0181683	0.603792	0.917796	0.869373
rs991	rs991	1	991	A	C	500	0.137	223	0.159193	277	0.119134	0.0942904	0.126763	0.129283	-0.0626512	0.190576	0.254782	-0.0362564	0.456977	0.805759	0.735741
rs992	rs992	1	992	A	C	500	0.227	223	0.221973	277	0.231047	0.00480005	0.0980716	0.101767	-0.161074	0.155505	0.200465	-0.0241921	0.960964	0.421685	0.723247
rs993	rs993	1	993	A	C	500	0.257	223	0.269058	277	0.247292	-0.0912044	0.096795	-0.0240362	-0.113376	0.151657	0.197067	-0.0230077	0.346068	0.565078	0.543675
rs994	rs994	1	994	A	C	500	0.322	223	0.304933	277	0.33574	0.0471433	0.0905401	0.0335819	0.0229817	0.141361	0.183972	-0.0199722	0.602583	0.900587	0.866441
rs995	rs995	1	995	A	C	500	0.314	223	0.329596	277	0.301444	0.0974041	0.0945514	0.045259	0.10214	0.135082	0.188969	-0.0182304	0.30293	0.588843	0.50829
rs996	rs996	1	996	A	C	500	0.155	223	0.156951	277	0.15343	-0.102408	0.112219	-0.0964404	-0.00968948	0.181054	0.230697	-0.0327778	0.361469	0.966498	0.65884
rs997	rs997	1	997	A	C	500	0.412	223	0.44843	277	0.382671	-0.106692	0.0810263	-0.0602535	-0.0822573	0.122785	0.16341	-0.0150752	0.187919	0.614697	0.370232
rs998	rs998	1	998	A	C	500	0.178	223	0.183857	277	0.173285	-0.0692279	0.107567	0.0490511	-0.21	0.162829	0.217033	-0.0265303	0.519847	0.333248	0.509047
rs999	rs999	1	999	A	C	500	0.35	223	0.363229	277	0.33935	-0.0958555	0.0901474	-0.0321684	-0.117181	0.133475	0.181111	-0.0178273	0.287637	0.517625	0.460872
rs1000	rs1000	1	1000	A	C	500	0.138	223	0.116592	277	0.155235	0.161681	0.11514	0.254054	-0.154208	0.181831	0.234935	-0.0330625	0.160258	0.511577	0.300798
