SNPID	RSID	CHR	POS	Non_Effect_Allele	Effect_Allele	N_Samples	AF	N_cov1_0	AF_cov1_0	N_cov1_1	AF_cov1_1	Beta_Marginal	SE_Beta_Marginal	Beta_G	Beta_G-cov1	SE_Beta_G	SE_Beta_G-cov1	Cov_Beta_G_G-cov1	P_Value_Marginal	P_Value_Interaction	P_Value_Joint
rs1	rs1	1	1	A	C	500	0.338	223	0.304933	277	0.364621	0.0169737	0.0721671	0.0573238	-0.0696819	0.111236	0.146182	-0.012374	0.814053	0.63359	0.868253
rs2	rs2	1	2	A	C	500	0.379	223	0.340807	277	0.409747	-0.0737188	0.065046	-0.130786	0.102045	0.0979419	0.130934	-0.00958741	0.257074	0.435768	0.388321
rs3	rs3	1	3	A	C	500	0.363	223	0.345291	277	0.377256	0.148612	0.0693439	0.112262	0.0639186	0.105582	0.140002	-0.0111465	0.0321037	0.64799	0.0906547
rs4	rs4	1	4	A	C	500	0.366	223	0.363229	277	0.368231	-0.0329079	0.0651884	0.0297403	-0.112793	0.0977578	0.13116	-0.00955495	0.613691	0.389807	0.608238
rs5	rs5	1	5	A	C	500	0.239	223	0.224215	277	0.250903	0.0466729	0.0793618	0.0954767	-0.0955391	0.113471	0.158763	-0.0128758	0.556463	0.547327	0.701877
rs6	rs6	1	6	A	C	500	0.138	223	0.132287	277	0.142599	0.265425	0.0956435	0.260943	0.00838793	0.140151	0.191734	-0.0196418	0.00551763	0.965106	0.0212439
rs7	rs7	1	7	A	C	500	0.189	223	0.190583	277	0.187726	-0.159047	0.0846683	-0.156256	-0.00489917	0.129076	0.171008	-0.0166608	0.0603168	0.977145	0.171232
rs8	rs8	1	8	A	C	500	0.256	223	0.235426	277	0.272563	-0.0723499	0.0708816	-0.140968	0.123191	0.106485	0.142667	-0.0113371	0.307389	0.387869	0.409125
rs9	rs9	1	9	A	C	500	0.304	223	0.313901	277	0.296029	-0.0940091	0.0703046	-0.0801044	-0.0248903	0.105711	0.141314	-0.0111558	0.181167	0.860188	0.402716
rs10	rs10	1	10	A	C	500	0.408	223	0.401345	277	0.413357	-0.0125312	0.0650454	0.0518731	-0.116227	0.0974124	0.130862	-0.00948932	0.847231	0.374452	0.661678
rs11	rs11	1	11	A	C	500	0.112	223	0.112108	277	0.111913	0.012308	0.101319	-0.133053	0.250547	0.15654	0.205677	-0.0245431	0.903312	0.223164	0.472681
rs12	rs12	1	12	A	C	500	0.128	223	0.123318	277	0.131769	-0.142425	0.10189	-0.0972621	-0.0730403	0.164909	0.209705	-0.0271917	0.162164	0.727615	0.354296
rs13	rs13	1	13	A	C	500	0.339	223	0.347534	277	0.33213	0.0698635	0.0705868	0.0354939	0.0615373	0.106321	0.142357	-0.0113186	0.322295	0.665541	0.55809
rs14	rs14	1	14	A	C	500	0.098	223	0.0986547	277	0.0974729	0.0174783	0.110473	-0.280233	0.448145	0.190557	0.233721	-0.0362889	0.874289	0.055183	0.157113
rs15	rs15	1	15	A	C	500	0.209	223	0.210762	277	0.207581	0.0254093	0.0818273	0.0291819	-0.00700238	0.12049	0.164157	-0.0145184	0.756163	0.965975	0.952065
rs16	rs16	1	16	A	C	500	0.229	223	0.235426	277	0.223827	0.0552918	0.0781823	0.0251422	0.0527762	0.119433	0.158047	-0.0142697	0.479432	0.738434	0.736511
rs17	rs17	1	17	A	C	500	0.238	223	0.23991	277	0.236462	0.0651806	0.0774758	0.0698618	-0.00810233	0.119382	0.157205	-0.0142785	0.400178	0.958895	0.701017
rs18	rs18	1	18	A	C	500	0.225	223	0.224215	277	0.225632	-0.0686489	0.079603	-0.0303113	-0.069148	0.119253	0.160158	-0.0142213	0.388473	0.665924	0.628096
rs19	rs19	1	19	A	C	500	0.159	223	0.139013	277	0.17509	-0.0251858	0.0912245	0.138361	-0.298466	0.135683	0.183298	-0.0184103	0.782482	0.103459	0.255684
rs20	rs20	1	20	A	C	500	0.392	223	0.41704	277	0.371841	-0.102763	0.0676079	-0.0815264	-0.038393	0.101134	0.135977	-0.0102274	0.128514	0.777675	0.302691
rs21	rs21	1	21	A	C	500	0.251	223	0.237668	277	0.261733	-0.1063	0.0756675	-0.13241	0.04722	0.113158	0.152164	-0.0128027	0.160073	0.756316	0.355255
rs22	rs22	1	22	A	C	500	0.235	223	0.248879	277	0.223827	0.0620427	0.0777389	0.0668965	-0.00817837	0.12189	0.158186	-0.0148508	0.424818	0.958767	0.726286
rs23	rs23	1	23	A	C	500	0.387	223	0.390135	277	0.384477	-0.0109173	0.0672901	0.0430155	-0.0997824	0.0992822	0.135059	-0.00985932	0.871115	0.460025	0.751204
rs24	rs24	1	24	A	C	500	0.289	223	0.286996	277	0.290614	0.134177	0.0729537	0.20038	-0.128365	0.104803	0.145891	-0.0109773	0.0658848	0.378932	0.125127
rs25	rs25	1	25	A	C	500	0.281	223	0.244395	277	0.310469	0.0129157	0.0714877	-0.0265724	0.0720779	0.106272	0.14353	-0.0112862	0.856627	0.615541	0.867263
rs26	rs26	1	26	A	C	500	0.198	223	0.179372	277	0.212996	-0.0528092	0.0835042	-0.13075	0.142749	0.123948	0.167761	-0.0153666	0.527116	0.394823	0.570072
rs27	rs27	1	27	A	C	500	0.294	223	0.273543	277	0.310469	0.0204144	0.0721077	-0.0198113	0.0748664	0.106026	0.144669	-0.0112453	0.777093	0.604807	0.840315
rs28	rs28	1	28	A	C	500	0.278	223	0.298206	277	0.261733	-0.0260868	0.0723726	-0.0878465	0.103329	0.114098	0.14758	-0.0130177	0.718509	0.483828	0.733392
rs29	rs29	1	29	A	C	500	0.165	223	0.154709	277	0.173285	0.0162843	0.0860795	0.120698	-0.175016	0.135588	0.175594	-0.018395	0.849954	0.318905	0.597734
rs30	rs30	1	30	A	C	500	0.238	223	0.244395	277	0.232852	-0.120659	0.0760317	-0.195267	0.128404	0.117472	0.154116	-0.0138007	0.112522	0.404752	0.200628
rs31	rs31	1	31	A	C	500	0.32	223	0.302691	277	0.333935	0.0103953	0.0739215	0.0067843	0.00639529	0.112041	0.149113	-0.0125546	0.888165	0.96579	0.989251
rs32	rs32	1	32	A	C	500	0.1	223	0.103139	277	0.0974729	0.0988879	0.110023	0.105165	-0.0122536	0.157541	0.220125	-0.0248207	0.368761	0.955608	0.666665
rs33	rs33	1	33	A	C	500	0.129	223	0.130045	277	0.128159	0.0382648	0.0981317	0.0558285	-0.0338948	0.141377	0.196403	-0.0199884	0.696586	0.862983	0.913095
rs34	rs34	1	34	A	C	500	0.286	223	0.295964	277	0.277978	0.0654144	0.0712146	0.0219894	0.0777341	0.10722	0.143481	-0.0115004	0.35833	0.587974	0.566301
rs35	rs35	1	35	A	C	500	0.216	223	0.233184	277	0.202166	0.171742	0.07812	0.054782	0.200004	0.121401	0.158908	-0.0147669	0.0279179	0.20817	0.0404123
rs36	rs36	1	36	A	C	500	0.208	223	0.219731	277	0.198556	0.202404	0.0814105	0.175754	0.0467747	0.124185	0.164591	-0.0154349	0.012911	0.776266	0.0436734
rs37	rs37	1	37	A	C	500	0.356	223	0.327354	277	0.379061	0.0551827	0.068691	0.0342677	0.0396801	0.0998881	0.137585	-0.0099777	0.421774	0.773038	0.694703
rs38	rs38	1	38	A	C	500	0.4	223	0.392377	277	0.406137	-0.00814138	0.0667938	0.0667584	-0.13988	0.0979854	0.133889	-0.00959876	0.902988	0.29614	0.575121
rs39	rs39	1	39	A	C	500	0.287	223	0.289238	277	0.285199	0.0406108	0.0706235	0.0141485	0.0507695	0.102115	0.141505	-0.0104367	0.56527	0.719757	0.794777
rs40	rs40	1	40	A	C	500	0.14	223	0.134529	277	0.144404	-0.0619046	0.0935446	-0.147417	0.168265	0.133395	0.187126	-0.0177952	0.508122	0.368542	0.536196
rs41	rs41	1	41	A	C	500	0.329	223	0.300448	277	0.351986	0.0169413	0.0665187	-0.0314224	0.0864936	0.10016	0.133918	-0.010028	0.798966	0.518363	0.785836
rs42	rs42	1	42	A	C	500	0.209	223	0.195067	277	0.220217	-0.0675129	0.0809027	-0.0379683	-0.0521683	0.122857	0.16326	-0.0150949	0.404002	0.749316	0.670827
rs43	rs43	1	43	A	C	500	0.387	223	0.432735	277	0.350181	-0.0286026	0.067838	-0.194677	0.284317	0.105174	0.137594	-0.0110586	0.673294	0.0387964	0.108201
rs44	rs44	1	44	A	C	500	0.329	223	0.320628	277	0.33574	-0.0375448	0.0708376	0.107654	-0.254871	0.107987	0.143068	-0.0116609	0.596103	0.0748367	0.17777
rs45	rs45	1	45	A	C	500	0.173	223	0.161435	277	0.18231	0.0350506	0.0873456	-0.00485313	0.0679177	0.135975	0.177371	-0.0184841	0.68821	0.701785	0.857421
rs46	rs46	1	46	A	C	500	0.19	223	0.165919	277	0.209386	-0.00306432	0.083093	0.110037	-0.182546	0.134644	0.170997	-0.0181164	0.970582	0.285729	0.565243
rs47	rs47	1	47	A	C	500	0.141	223	0.150224	277	0.133574	-0.15187	0.0948508	-0.140025	-0.0260034	0.128534	0.190435	-0.0165189	0.109345	0.891388	0.274953
rs48	rs48	1	48	A	C	500	0.11	223	0.112108	277	0.108303	-0.063136	0.108746	0.0464879	-0.196582	0.1635	0.218941	-0.026731	0.561523	0.369252	0.564606
rs49	rs49	1	49	A	C	500	0.12	223	0.11435	277	0.124549	0.0471034	0.100315	-0.0218426	0.134008	0.143966	0.200707	-0.0207254	0.638674	0.504338	0.71667
rs50	rs50	1	50	A	C	500	0.278	223	0.280269	277	0.276173	0.0381403	0.0732372	-0.0115649	0.0921292	0.107919	0.146917	-0.0116453	0.602521	0.530606	0.717329
rs51	rs51	1	51	A	C	500	0.369	223	0.349776	277	0.384477	0.0129473	0.0656798	-0.00714453	0.036517	0.0979542	0.132081	-0.00959858	0.843727	0.782184	0.943982
rs52	rs52	1	52	A	C	500	0.356	223	0.347534	277	0.362816	0.145593	0.0665511	0.0872504	0.099575	0.103446	0.135166	-0.0107046	0.0286924	0.461312	0.0696451
rs53	rs53	1	53	A	C	500	0.187	223	0.183857	277	0.189531	-0.041042	0.0853876	-0.0333478	-0.0126115	0.136745	0.17507	-0.018699	0.630761	0.942573	0.888599
rs54	rs54	1	54	A	C	500	0.145	223	0.141256	277	0.148014	0.145696	0.0927652	0.172289	-0.0452919	0.144385	0.188437	-0.0208492	0.116279	0.810055	0.283016
rs55	rs55	1	55	A	C	500	0.337	223	0.32287	277	0.348375	0.120165	0.068997	0.130287	-0.0200929	0.0979674	0.138068	-0.00960247	0.0815779	0.884293	0.217147
rs56	rs56	1	56	A	C	500	0.26	223	0.242152	277	0.274368	-0.000252818	0.0734934	0.0680286	-0.130508	0.106425	0.147121	-0.0113244	0.997255	0.375037	0.674719
rs57	rs57	1	57	A	C	500	0.333	223	0.336323	277	0.330325	-0.0988269	0.0747021	-0.0312241	-0.110813	0.119577	0.153053	-0.0142908	0.185853	0.469055	0.320718
rs58	rs58	1	58	A	C	500	0.141	223	0.150224	277	0.133574	-0.225619	0.0951401	-0.309577	0.140938	0.149632	0.193872	-0.0223904	0.0177191	0.467247	0.046139
rs59	rs59	1	59	A	C	500	0.225	223	0.210762	277	0.236462	-0.0246724	0.0798924	-0.155305	0.207703	0.131166	0.165401	-0.0172062	0.757459	0.209205	0.433379
rs60	rs60	1	60	A	C	500	0.168	223	0.163677	277	0.17148	0.202404	0.0880386	0.147326	0.113641	0.122636	0.176151	-0.0150387	0.021503	0.518842	0.0577936
rs61	rs61	1	61	A	C	500	0.351	223	0.365471	277	0.33935	0.110357	0.0667893	0.151977	-0.0741095	0.100852	0.134558	-0.0101681	0.0984688	0.581796	0.219423
rs62	rs62	1	62	A	C	500	0.177	223	0.174888	277	0.1787	0.114307	0.0901908	0.276205	-0.303193	0.132155	0.180898	-0.0174738	0.205015	0.0937293	0.109953
rs63	rs63	1	63	A	C	500	0.39	223	0.378924	277	0.398917	0.113519	0.0684328	0.148404	-0.061389	0.104133	0.138122	-0.0108412	0.0971485	0.656713	0.228861
rs64	rs64	1	64	A	C	500	0.29	223	0.309417	277	0.274368	0.10914	0.0735067	0.122952	-0.0267088	0.105787	0.147115	-0.011192	0.137608	0.855935	0.326692
rs65	rs65	1	65	A	C	500	0.379	223	0.392377	277	0.368231	-0.0381338	0.0665509	-0.0654012	0.046254	0.1039	0.135345	-0.0107989	0.566643	0.732541	0.800466
rs66	rs66	1	66	A	C	500	0.17	223	0.159193	277	0.1787	0.0341264	0.0900911	0.0297677	0.0081064	0.132499	0.180696	-0.017556	0.704837	0.964217	0.929833
rs67	rs67	1	67	A	C	500	0.389	223	0.396861	277	0.382671	-0.0480519	0.0689669	-0.0867873	0.0675045	0.105659	0.139497	-0.0111662	0.485966	0.628447	0.69781
rs68	rs68	1	68	A	C	500	0.14	223	0.14574	277	0.135379	-0.16739	0.094878	0.0349108	-0.347479	0.146784	0.192374	-0.0215457	0.0776879	0.0708764	0.0412703
rs69	rs69	1	69	A	C	500	0.259	223	0.26009	277	0.258123	-0.0235126	0.0723116	0.0289546	-0.0920138	0.110268	0.145994	-0.0121535	0.745063	0.528525	0.777651
rs70	rs70	1	70	A	C	500	0.354	223	0.367713	277	0.34296	0.0306792	0.0687618	-0.025769	0.0984927	0.105241	0.139012	-0.0110752	0.655477	0.478623	0.704314
rs71	rs71	1	71	A	C	500	0.3	223	0.284753	277	0.312274	-0.0611905	0.0713691	-0.0560982	-0.00948818	0.104767	0.142907	-0.0109606	0.391235	0.947064	0.690904
rs72	rs72	1	72	A	C	500	0.289	223	0.298206	277	0.281588	0.0643559	0.0742856	-0.0695343	0.228163	0.115575	0.150881	-0.013359	0.386309	0.130483	0.21901
rs73	rs73	1	73	A	C	500	0.186	223	0.188341	277	0.184116	0.0355844	0.0842845	0.0901711	-0.0943525	0.129822	0.170674	-0.0168525	0.672883	0.580384	0.78511
rs74	rs74	1	74	A	C	500	0.2	223	0.190583	277	0.207581	0.0901814	0.0822394	0.0889123	0.00221583	0.125871	0.16638	-0.0158543	0.272829	0.989374	0.548086
rs75	rs75	1	75	A	C	500	0.115	223	0.112108	277	0.117329	-0.00845627	0.108073	-0.0377078	0.0586232	0.152677	0.216133	-0.0233088	0.937632	0.786209	0.960937
rs76	rs76	1	76	A	C	500	0.266	223	0.257848	277	0.272563	-0.0319484	0.0748744	-0.158351	0.230276	0.111474	0.15045	-0.012425	0.669603	0.125875	0.282985
rs77	rs77	1	77	A	C	500	0.413	223	0.394619	277	0.427798	0.0609865	0.0653156	0.199478	-0.248414	0.0981587	0.131432	-0.00963046	0.350449	0.0587503	0.108384
rs78	rs78	1	78	A	C	500	0.289	223	0.2713	277	0.303249	0.0223593	0.0704157	0.12458	-0.187985	0.104246	0.141363	-0.0108665	0.750839	0.183584	0.392743
rs79	rs79	1	79	A	C	500	0.254	223	0.246637	277	0.259928	0.00396262	0.0771796	-0.0137084	0.0323063	0.114664	0.155033	-0.0131468	0.959052	0.834929	0.977233
rs80	rs80	1	80	A	C	500	0.141	223	0.163677	277	0.122744	-0.0391046	0.0956417	-0.12026	0.154215	0.138966	0.191581	-0.0193148	0.682638	0.420841	0.665266
rs81	rs81	1	81	A	C	500	0.356	223	0.331839	277	0.375451	-0.0716813	0.0697444	-0.0374183	-0.0600107	0.106516	0.141006	-0.011352	0.304057	0.670407	0.538633
rs82	rs82	1	82	A	C	500	0.248	223	0.248879	277	0.247292	-0.00459336	0.0740412	-0.100708	0.168961	0.112718	0.149406	-0.012698	0.950533	0.258101	0.526565
rs83	rs83	1	83	A	C	500	0.105	223	0.109865	277	0.101083	0.031012	0.103671	0.269221	-0.413054	0.159344	0.209828	-0.0253909	0.764834	0.0490063	0.137751
rs84	rs84	1	84	A	C	500	0.109	223	0.0941704	277	0.120939	0.0793344	0.106392	-0.0649203	0.257519	0.160426	0.214348	-0.0257371	0.455862	0.229594	0.367988
rs85	rs85	1	85	A	C	500	0.15	223	0.168161	277	0.135379	0.0500258	0.0921798	-0.0302829	0.14462	0.138239	0.185518	-0.019112	0.587338	0.435657	0.636922
rs86	rs86	1	86	A	C	500	0.179	223	0.17713	277	0.180505	0.0428962	0.0848483	-0.117208	0.278209	0.130227	0.171668	-0.0169594	0.613164	0.105098	0.236689
rs87	rs87	1	87	A	C	500	0.303	223	0.311659	277	0.296029	-0.00911014	0.0701843	-0.0900955	0.14643	0.104995	0.141196	-0.0110261	0.896722	0.299703	0.579157
rs88	rs88	1	88	A	C	500	0.243	223	0.26009	277	0.229242	0.0162038	0.0738709	0.0480316	-0.0564567	0.111845	0.148963	-0.0125097	0.826375	0.704689	0.908575
rs89	rs89	1	89	A	C	500	0.307	223	0.275785	277	0.33213	-0.1002	0.0715871	-0.0768363	-0.0428628	0.106155	0.143802	-0.011272	0.161603	0.765652	0.359155
rs90	rs90	1	90	A	C	500	0.113	223	0.103139	277	0.120939	-0.0598892	0.100524	-0.130757	0.124278	0.153322	0.20302	-0.0235036	0.551328	0.540442	0.694313
rs91	rs91	1	91	A	C	500	0.39	223	0.394619	277	0.386282	-0.0173576	0.0676671	-0.068165	0.0922455	0.10096	0.136038	-0.010193	0.797553	0.497717	0.768895
rs92	rs92	1	92	A	C	500	0.328	223	0.356502	277	0.305054	-0.0988854	0.0693999	-0.00932429	-0.156326	0.10622	0.140359	-0.0112868	0.154197	0.265385	0.194886
rs93	rs93	1	93	A	C	500	0.117	223	0.109865	277	0.122744	0.0253841	0.105328	-0.0239693	0.0830878	0.165315	0.214511	-0.0273325	0.809554	0.698508	0.901176
rs94	rs94	1	94	A	C	500	0.281	223	0.309417	277	0.258123	0.0642783	0.0761032	0.129559	-0.12314	0.111048	0.152546	-0.0123363	0.398323	0.419532	0.50535
rs95	rs95	1	95	A	C	500	0.318	223	0.307175	277	0.326715	-0.0733777	0.0729741	-0.09064	0.0324682	0.106795	0.146658	-0.0114355	0.314642	0.824791	0.588575
rs96	rs96	1	96	A	C	500	0.272	223	0.251121	277	0.288809	-0.0186498	0.0721516	0.0178971	-0.066591	0.107362	0.144861	-0.0115169	0.796036	0.645739	0.870173
rs97	rs97	1	97	A	C	500	0.303	223	0.295964	277	0.308664	-0.0434289	0.0745829	-0.121517	0.144686	0.109933	0.149641	-0.0120853	0.560371	0.3336	0.528894
rs98	rs98	1	98	A	C	500	0.333	223	0.329596	277	0.33574	-0.0186493	0.0708433	0.047044	-0.109115	0.112321	0.144775	-0.0126189	0.79236	0.451035	0.727113
rs99	rs99	1	99	A	C	500	0.125	223	0.123318	277	0.126354	-0.108992	0.102005	-0.0928368	-0.0307769	0.147969	0.204211	-0.0218897	0.285295	0.880204	0.558666
rs100	rs100	1	100	A	C	500	0.209	223	0.183857	277	0.229242	-0.055067	0.081243	0.135107	-0.331641	0.124367	0.16421	-0.0154625	0.497895	0.0434228	0.103401
rs101	rs101	1	101	A	C	500	0.374	223	0.390135	277	0.361011	-0.0358548	0.0662313	0.0497846	-0.145482	0.103263	0.134586	-0.0106626	0.588262	0.279715	0.481538
rs102	rs102	1	102	A	C	500	0.361	223	0.374439	277	0.350181	-0.0355524	0.0659265	-0.0865524	0.0900438	0.100114	0.133022	-0.0100223	0.589698	0.498465	0.687627
rs103	rs103	1	103	A	C	500	0.179	223	0.174888	277	0.18231	0.111166	0.08478	0.164644	-0.10646	0.120202	0.169632	-0.0144545	0.189781	0.530268	0.347636
rs104	rs104	1	104	A	C	500	0.284	223	0.298206	277	0.272563	0.0371844	0.0707771	-0.0148082	0.0901462	0.10879	0.143247	-0.0118348	0.599324	0.529148	0.714607
rs105	rs105	1	105	A	C	500	0.232	223	0.23991	277	0.225632	0.0927878	0.0784257	0.0785016	0.0247387	0.120606	0.158664	-0.0145378	0.236758	0.876097	0.490636
rs106	rs106	1	106	A	C	500	0.214	223	0.217489	277	0.211191	-0.0840262	0.0770998	-0.0803238	-0.00638183	0.118989	0.15622	-0.0141584	0.275785	0.967414	0.551724
rs107	rs107	1	107	A	C	500	0.269	223	0.257848	277	0.277978	-0.0612443	0.0756181	-0.0733303	0.0208563	0.116571	0.153095	-0.0135821	0.417989	0.891639	0.713723
rs108	rs108	1	108	A	C	500	0.122	223	0.116592	277	0.126354	-0.0439947	0.102257	-0.0547739	0.0210352	0.14645	0.204588	-0.0214487	0.667023	0.918108	0.906796
rs109	rs109	1	109	A	C	500	0.142	223	0.134529	277	0.148014	-0.132533	0.0951761	-0.10405	-0.0617254	0.129678	0.190878	-0.0168123	0.16377	0.74641	0.359939
rs110	rs110	1	110	A	C	500	0.407	223	0.428251	277	0.389892	0.0259271	0.0667546	-0.0966619	0.221462	0.0999051	0.134279	-0.00998087	0.697724	0.0990928	0.238004
rs111	rs111	1	111	A	C	500	0.38	223	0.365471	277	0.391697	-0.056873	0.0691131	-0.130342	0.127036	0.106497	0.140101	-0.0113517	0.410566	0.364541	0.47252
rs112	rs112	1	112	A	C	500	0.234	223	0.210762	277	0.252708	0.111137	0.0763089	0.0644975	0.0911241	0.109215	0.152657	-0.0119277	0.145278	0.55056	0.289752
rs113	rs113	1	113	A	C	500	0.229	223	0.226457	277	0.231047	-0.146715	0.0808763	-0.132751	-0.0234909	0.126995	0.164718	-0.0161279	0.0696677	0.886596	0.19098
rs114	rs114	1	114	A	C	500	0.215	223	0.197309	277	0.229242	-0.0456717	0.0814797	-0.127482	0.158242	0.117232	0.163034	-0.0137419	0.575119	0.331745	0.533587
rs115	rs115	1	115	A	C	500	0.259	223	0.2713	277	0.249097	-0.044997	0.0748081	0.0240245	-0.134904	0.107049	0.149661	-0.0114598	0.547507	0.367378	0.555905
rs116	rs116	1	116	A	C	500	0.407	223	0.392377	277	0.418773	-0.0105482	0.0663014	0.0270269	-0.0635146	0.103843	0.135096	-0.0107972	0.873595	0.638251	0.88411
rs117	rs117	1	117	A	C	500	0.158	223	0.150224	277	0.16426	-0.0292939	0.0898185	0.0301367	-0.0975598	0.143636	0.184003	-0.0206248	0.744314	0.595968	0.823868
rs118	rs118	1	118	A	C	500	0.274	223	0.257848	277	0.287004	-0.0106058	0.0770762	0.11397	-0.220731	0.116779	0.155447	-0.0136375	0.890556	0.155615	0.36145
rs119	rs119	1	119	A	C	500	0.299	223	0.280269	277	0.314079	-0.00459256	0.0692991	0.0476621	-0.0965928	0.10228	0.139054	-0.0104604	0.947162	0.487279	0.783911
rs120	rs120	1	120	A	C	500	0.342	223	0.320628	277	0.359206	0.0162849	0.0670899	-0.00504779	0.0365697	0.103944	0.1361	-0.0108055	0.808212	0.788163	0.936544
rs121	rs121	1	121	A	C	500	0.341	223	0.325112	277	0.353791	-0.0657189	0.0718261	-0.0815524	0.0274903	0.110313	0.145364	-0.0121706	0.360207	0.850004	0.646315
rs122	rs122	1	122	A	C	500	0.248	223	0.257848	277	0.240072	-0.0311751	0.0750815	0.0482739	-0.145068	0.111568	0.150682	-0.0124349	0.677983	0.335678	0.577159
rs123	rs123	1	123	A	C	500	0.252	223	0.221973	277	0.276173	-0.0362219	0.0771835	-0.185745	0.276594	0.113883	0.154903	-0.0129712	0.638858	0.0741637	0.181899
rs124	rs124	1	124	A	C	500	0.298	223	0.280269	277	0.312274	0.0509885	0.0743701	0.13927	-0.162576	0.109999	0.149257	-0.0120971	0.492962	0.27605	0.436815
rs125	rs125	1	125	A	C	500	0.365	223	0.347534	277	0.379061	-0.0762074	0.0711022	-0.0490217	-0.0465617	0.110206	0.144214	-0.012143	0.28381	0.746797	0.53446
rs126	rs126	1	126	A	C	500	0.287	223	0.313901	277	0.265343	0.00655507	0.0740229	-0.0150242	0.0430493	0.104856	0.148155	-0.0110029	0.929436	0.771381	0.954912
rs127	rs127	1	127	A	C	500	0.388	223	0.381166	277	0.393502	0.0299031	0.0704377	0.0286593	0.00210527	0.110128	0.143293	-0.0121307	0.671178	0.988278	0.913729
rs128	rs128	1	128	A	C	500	0.345	223	0.318386	277	0.366426	-0.00680814	0.0710087	-0.0714177	0.113837	0.108041	0.14347	-0.0116826	0.923618	0.427515	0.7266
rs129	rs129	1	129	A	C	500	0.206	223	0.219731	277	0.194946	-0.013467	0.080217	0.0582707	-0.13136	0.119096	0.16119	-0.0141894	0.866676	0.41511	0.707405
rs130	rs130	1	130	A	C	500	0.342	223	0.325112	277	0.355596	-0.00523106	0.0688689	0.0301996	-0.0647329	0.10236	0.138356	-0.0104774	0.939453	0.639877	0.893744
rs131	rs131	1	131	A	C	500	0.284	223	0.242152	277	0.31769	-0.0983653	0.0712574	-0.111269	0.0228878	0.10789	0.143691	-0.0116404	0.167457	0.873444	0.380805
rs132	rs132	1	132	A	C	500	0.231	223	0.221973	277	0.238267	-0.0883311	0.0782275	-0.0603449	-0.0525376	0.114457	0.15685	-0.0131051	0.258832	0.737659	0.499776
rs133	rs133	1	133	A	C	500	0.161	223	0.172646	277	0.151625	-0.0982681	0.0877022	-0.0753826	-0.0377727	0.139695	0.179466	-0.0195141	0.262511	0.833299	0.522107
rs134	rs134	1	134	A	C	500	0.356	223	0.345291	277	0.364621	-0.110932	0.0670393	-0.0374771	-0.131656	0.100888	0.135132	-0.0101881	0.0979806	0.329918	0.158237
rs135	rs135	1	135	A	C	500	0.292	223	0.2713	277	0.308664	-0.0342542	0.0718138	0.188067	-0.386944	0.110097	0.145245	-0.0121209	0.633372	0.00772005	0.0256707
rs136	rs136	1	136	A	C	500	0.35	223	0.378924	277	0.326715	-0.0112701	0.0686888	0.0744711	-0.152669	0.103717	0.13837	-0.0107529	0.869672	0.269882	0.536799
rs137	rs137	1	137	A	C	500	0.134	223	0.112108	277	0.151625	0.00519826	0.0954042	0.083401	-0.135456	0.146841	0.193348	-0.0215826	0.956547	0.483565	0.781226
rs138	rs138	1	138	A	C	500	0.104	223	0.109865	277	0.099278	-0.0210992	0.104812	-0.121491	0.173438	0.161456	0.212171	-0.026057	0.840459	0.413673	0.701615
rs139	rs139	1	139	A	C	500	0.271	223	0.262332	277	0.277978	-0.059917	0.0760111	-0.0821954	0.0429599	0.109606	0.152272	-0.0120243	0.430541	0.777847	0.704351
rs140	rs140	1	140	A	C	500	0.321	223	0.360987	277	0.288809	-0.0178863	0.069371	-0.106357	0.159834	0.10382	0.139545	-0.0107786	0.796534	0.252048	0.501979
rs141	rs141	1	141	A	C	500	0.314	223	0.320628	277	0.308664	0.114252	0.0697313	0.144385	-0.0579723	0.100623	0.139565	-0.0101244	0.101326	0.677865	0.239658
rs142	rs142	1	142	A	C	500	0.169	223	0.154709	277	0.180505	0.0693643	0.0928611	-0.00977366	0.13678	0.143047	0.188062	-0.0204628	0.455083	0.467034	0.580728
rs143	rs143	1	143	A	C	500	0.377	223	0.378924	277	0.375451	0.00820736	0.0694778	0.0808033	-0.143434	0.0988638	0.138965	-0.00977399	0.905965	0.301998	0.582951
rs144	rs144	1	144	A	C	500	0.245	223	0.248879	277	0.241877	0.0560666	0.0745792	-0.00869454	0.107675	0.11814	0.15234	-0.0139581	0.452188	0.479685	0.587212
rs145	rs145	1	145	A	C	500	0.377	223	0.383408	277	0.371841	0.0473272	0.0674634	0.0714425	-0.0443809	0.0998111	0.135375	-0.0099581	0.482976	0.743036	0.740962
rs146	rs146	1	146	A	C	500	0.259	223	0.286996	277	0.236462	0.0872543	0.0741535	0.141238	-0.0995879	0.109579	0.148831	-0.0120073	0.239327	0.50341	0.400058
rs147	rs147	1	147	A	C	500	0.313	223	0.293722	277	0.32852	-0.0172822	0.0695116	-0.0726088	0.105004	0.101073	0.139259	-0.0102182	0.803652	0.450838	0.729658
rs148	rs148	1	148	A	C	500	0.311	223	0.311659	277	0.310469	0.111137	0.0712149	0.148488	-0.0698014	0.104425	0.142729	-0.0109008	0.118622	0.624807	0.262555
rs149	rs149	1	149	A	C	500	0.375	223	0.403587	277	0.351986	0.0332439	0.0692801	0.0529686	-0.0354389	0.104053	0.139486	-0.0108291	0.631335	0.799443	0.862947
rs150	rs150	1	150	A	C	500	0.122	223	0.125561	277	0.119134	0.102102	0.105312	0.0802299	0.0417172	0.152688	0.210866	-0.0233128	0.332282	0.843172	0.612895
rs151	rs151	1	151	A	C	500	0.264	223	0.257848	277	0.268953	-0.0462172	0.0747766	-0.0678463	0.0400675	0.110246	0.15007	-0.0121572	0.536528	0.789475	0.797201
rs152	rs152	1	152	A	C	500	0.096	223	0.0964126	277	0.0956679	-0.119449	0.10971	-0.0753879	-0.0679989	0.184907	0.229707	-0.0341904	0.276256	0.767212	0.529128
rs153	rs153	1	153	A	C	500	0.411	223	0.423767	277	0.400722	0.0180235	0.0678138	0.0679308	-0.0971171	0.0972462	0.135633	-0.00945367	0.790409	0.473974	0.747017
rs154	rs154	1	154	A	C	500	0.238	223	0.246637	277	0.231047	0.03814	0.0768248	0.110683	-0.130917	0.115054	0.154566	-0.0132382	0.619574	0.396998	0.617588
rs155	rs155	1	155	A	C	500	0.386	223	0.399103	277	0.375451	0.000659667	0.0690575	0.0307888	-0.0574925	0.100119	0.138327	-0.0100274	0.992378	0.677682	0.91721
rs156	rs156	1	156	A	C	500	0.246	223	0.23991	277	0.250903	0.0252531	0.0792134	0.156972	-0.247812	0.115738	0.158756	-0.0133964	0.749879	0.118534	0.281082
rs157	rs157	1	157	A	C	500	0.257	223	0.251121	277	0.261733	-0.00655204	0.075809	0.0129039	-0.0322426	0.120393	0.154996	-0.0144965	0.931126	0.835212	0.974948
rs158	rs158	1	158	A	C	500	0.254	223	0.2713	277	0.240072	0.00897865	0.0758188	0.0824013	-0.130674	0.114545	0.152811	-0.0131205	0.905733	0.392477	0.688914
rs159	rs159	1	159	A	C	500	0.198	223	0.206278	277	0.191336	-0.0939396	0.0836167	-0.0050295	-0.157233	0.126842	0.168673	-0.0160879	0.261244	0.351245	0.344537
rs160	rs160	1	160	A	C	500	0.113	223	0.112108	277	0.113718	0.0105793	0.102642	0.00740407	0.00575956	0.153213	0.206334	-0.0234703	0.917908	0.977731	0.994315
rs161	rs161	1	161	A	C	500	0.267	223	0.302691	277	0.238267	-0.0394522	0.0745916	0.16931	-0.36086	0.114911	0.151097	-0.0132075	0.596868	0.0169278	0.0501973
rs162	rs162	1	162	A	C	500	0.274	223	0.282511	277	0.267148	-0.0209758	0.0730265	-0.0726432	0.0889244	0.112807	0.14798	-0.0127234	0.773932	0.547893	0.801072
rs163	rs163	1	163	A	C	500	0.324	223	0.316143	277	0.330325	-0.0372094	0.0726051	-0.0812787	0.0814505	0.107145	0.14563	-0.0114747	0.608308	0.575958	0.749963
rs164	rs164	1	164	A	C	500	0.287	223	0.304933	277	0.272563	0.0500242	0.0723716	0.0525879	-0.00453203	0.109825	0.146031	-0.0120632	0.489432	0.975242	0.787124
rs165	rs165	1	165	A	C	500	0.352	223	0.334081	277	0.366426	0.0179148	0.0666768	0.0636284	-0.0859608	0.0974992	0.133765	-0.00951547	0.788175	0.520467	0.784602
rs166	rs166	1	166	A	C	500	0.335	223	0.293722	277	0.368231	-0.0690622	0.0680075	-0.0321163	-0.0650033	0.103511	0.137297	-0.0107141	0.309864	0.635893	0.533815
rs167	rs167	1	167	A	C	500	0.125	223	0.121076	277	0.128159	-0.161551	0.0980673	-0.236692	0.133273	0.148479	0.197734	-0.0220444	0.0994857	0.50031	0.205148
rs168	rs168	1	168	A	C	500	0.375	223	0.360987	277	0.386282	0.00903227	0.0677706	-0.0357866	0.0886251	0.0963888	0.135535	-0.00928974	0.893974	0.51318	0.800379
rs169	rs169	1	169	A	C	500	0.341	223	0.338565	277	0.34296	-0.0661521	0.068466	0.0883828	-0.258537	0.107866	0.139447	-0.0116232	0.333943	0.0637376	0.112427
rs170	rs170	1	170	A	C	500	0.294	223	0.284753	277	0.301444	0.0293374	0.0707348	-0.0767153	0.188931	0.1068	0.142551	-0.0114067	0.678323	0.185053	0.381253
rs171	rs171	1	171	A	C	500	0.152	223	0.147982	277	0.155235	0.0891354	0.093364	0.067711	0.0379696	0.141314	0.187999	-0.0199428	0.339725	0.839943	0.621183
rs172	rs172	1	172	A	C	500	0.122	223	0.11435	277	0.128159	-0.174684	0.102343	-0.179951	0.00915119	0.157094	0.207092	-0.0246816	0.0878492	0.964754	0.232782
rs173	rs173	1	173	A	C	500	0.258	223	0.266816	277	0.250903	-0.00147856	0.0752212	0.107842	-0.196353	0.112974	0.151395	-0.0127611	0.984318	0.194647	0.431177
rs174	rs174	1	174	A	C	500	0.092	223	0.0964126	277	0.0884477	-0.178003	0.114625	-0.351749	0.293803	0.17929	0.233123	-0.0321388	0.120443	0.207563	0.135343
rs175	rs175	1	175	A	C	500	0.369	223	0.396861	277	0.34657	-0.00137366	0.0664034	-0.105772	0.201466	0.0956483	0.13285	-0.0091456	0.983496	0.129394	0.316606
rs176	rs176	1	176	A	C	500	0.281	223	0.289238	277	0.274368	0.0603503	0.0737605	-0.0357981	0.167069	0.11328	0.149391	-0.0128439	0.413247	0.263425	0.382872
rs177	rs177	1	177	A	C	500	0.296	223	0.298206	277	0.294224	0.025505	0.07493	0.0641703	-0.0705977	0.111406	0.150531	-0.0124102	0.733567	0.639075	0.845432
rs178	rs178	1	178	A	C	500	0.124	223	0.121076	277	0.126354	0.0858742	0.102294	0.135575	-0.0933962	0.149549	0.205	-0.0223638	0.401197	0.648684	0.633719
rs179	rs179	1	179	A	C	500	0.352	223	0.369955	277	0.337545	-0.107633	0.0681322	-0.0115672	-0.186315	0.097909	0.136372	-0.009589	0.11416	0.171869	0.112916
rs180	rs180	1	180	A	C	500	0.29	223	0.318386	277	0.267148	-0.078974	0.0715239	-0.0248076	-0.102718	0.10401	0.143201	-0.0108138	0.269523	0.473191	0.420276
rs181	rs181	1	181	A	C	500	0.233	223	0.233184	277	0.232852	0.0573753	0.0769197	0.130205	-0.137902	0.111977	0.154086	-0.012539	0.45572	0.370803	0.507286
rs182	rs182	1	182	A	C	500	0.132	223	0.125561	277	0.137184	0.124869	0.100138	0.076671	0.082564	0.155209	0.203137	-0.0240889	0.212407	0.684416	0.423132
rs183	rs183	1	183	A	C	500	0.243	223	0.235426	277	0.249097	-0.0152095	0.0735487	-0.00503943	-0.0198736	0.105267	0.147166	-0.0110831	0.83617	0.892578	0.96996
rs184	rs184	1	184	A	C	500	0.181	223	0.188341	277	0.17509	0.0764419	0.0853502	0.111774	-0.0653001	0.126027	0.171374	-0.0158909	0.370453	0.703175	0.622714
rs185	rs185	1	185	A	C	500	0.136	223	0.112108	277	0.155235	0.0509984	0.0955977	0.176175	-0.242081	0.137573	0.191326	-0.0189282	0.593709	0.205771	0.389551
rs186	rs186	1	186	A	C	500	0.368	223	0.338565	277	0.391697	-0.0914229	0.06506	-0.150416	0.111394	0.0948471	0.13032	-0.00899409	0.159959	0.392677	0.258561
rs187	rs187	1	187	A	C	500	0.314	223	0.345291	277	0.288809	0.208572	0.0719116	0.263698	-0.0899537	0.115553	0.147597	-0.0133502	0.00372687	0.542224	0.0123775
rs188	rs188	1	188	A	C	500	0.259	223	0.264574	277	0.254513	-0.0732566	0.0748816	-0.134626	0.113801	0.110313	0.150212	-0.0121678	0.327926	0.44869	0.465095
rs189	rs189	1	189	A	C	500	0.341	223	0.347534	277	0.33574	0.0414687	0.0716932	-0.0361414	0.129743	0.113127	0.146291	-0.0128017	0.562981	0.375141	0.570886
rs190	rs190	1	190	A	C	500	0.319	223	0.345291	277	0.297834	0.0836346	0.0694679	0.0770794	0.0127362	0.0997174	0.138992	-0.0099433	0.228616	0.92699	0.482427
rs191	rs191	1	191	A	C	500	0.112	223	0.141256	277	0.0884477	0.117994	0.100422	0.132696	-0.0259067	0.152726	0.202753	-0.0233302	0.240005	0.898327	0.497359
rs192	rs192	1	192	A	C	500	0.196	223	0.192825	277	0.198556	0.0187194	0.0838601	0.00980884	0.0150972	0.130989	0.170492	-0.017156	0.823363	0.929439	0.971577
rs193	rs193	1	193	A	C	500	0.197	223	0.186099	277	0.205776	-0.0250211	0.0808441	-0.0652849	0.080862	0.114116	0.161749	-0.0130273	0.756942	0.61713	0.841259
rs194	rs194	1	194	A	C	500	0.286	223	0.273543	277	0.296029	0.0286067	0.0733714	-0.00939885	0.0705797	0.108213	0.147713	-0.0117491	0.696618	0.632781	0.826826
rs195	rs195	1	195	A	C	500	0.26	223	0.235426	277	0.279783	0.0353675	0.0779979	-0.00269457	0.064424	0.122004	0.158792	-0.0148972	0.650231	0.684954	0.831017
rs196	rs196	1	196	A	C	500	0.291	223	0.309417	277	0.276173	0.00467686	0.073117	0.11148	-0.184065	0.1129	0.148256	-0.0127539	0.948999	0.214409	0.461743
rs197	rs197	1	197	A	C	500	0.169	223	0.181614	277	0.158845	-0.171083	0.0845071	-0.29775	0.224482	0.128061	0.170522	-0.0164075	0.0429208	0.188026	0.0541624
rs198	rs198	1	198	A	C	500	0.241	223	0.248879	277	0.234657	-0.114059	0.0782915	-0.206312	0.167816	0.116666	0.157342	-0.0136093	0.145157	0.286168	0.195931
rs199	rs199	1	199	A	C	500	0.126	223	0.123318	277	0.128159	-0.247005	0.0957589	-0.252213	0.0094825	0.14262	0.192447	-0.0203399	0.00989575	0.960702	0.0358649
rs200	rs200	1	200	A	C	500	0.157	223	0.163677	277	0.151625	-0.125353	0.0923723	-0.194769	0.113868	0.147881	0.189435	-0.0218765	0.174766	0.54778	0.332391
rs201	rs201	1	201	A	C	500	0.303	223	0.327354	277	0.283394	-0.0584204	0.0722631	-0.0577474	-0.00125543	0.106102	0.14491	-0.011258	0.418837	0.993088	0.72121
rs202	rs202	1	202	A	C	500	0.221	223	0.210762	277	0.229242	0.000816313	0.0785677	-0.0551576	0.107053	0.113741	0.157297	-0.0129369	0.99171	0.49614	0.793227
rs203	rs203	1	203	A	C	500	0.435	223	0.439462	277	0.431408	-0.0052605	0.0668558	0.182336	-0.319625	0.104039	0.135816	-0.0108265	0.937284	0.0186045	0.062521
rs204	rs204	1	204	A	C	500	0.209	223	0.219731	277	0.200361	0.0322797	0.0820928	0.0256009	0.0112888	0.128478	0.167046	-0.0165092	0.694164	0.946121	0.923494
rs205	rs205	1	205	A	C	500	0.363	223	0.369955	277	0.357401	-0.0145728	0.067351	-0.00164579	-0.0228554	0.102198	0.135899	-0.0104459	0.828698	0.866442	0.963146
rs206	rs206	1	206	A	C	500	0.282	223	0.248879	277	0.308664	-0.00265966	0.0719194	0.0669375	-0.129067	0.105948	0.144276	-0.0112244	0.9705	0.371008	0.669766
rs207	rs207	1	207	A	C	500	0.382	223	0.403587	277	0.364621	-0.00890626	0.0673269	-0.0893043	0.151395	0.0983392	0.134973	-0.00967458	0.89476	0.262006	0.528447
rs208	rs208	1	208	A	C	500	0.382	223	0.390135	277	0.375451	0.0606103	0.0664063	-0.0583465	0.210053	0.100874	0.134081	-0.0101811	0.36139	0.117205	0.19327
rs209	rs209	1	209	A	C	500	0.194	223	0.197309	277	0.191336	-0.12486	0.083689	-0.17675	0.0870493	0.131692	0.170576	-0.0173442	0.135711	0.609823	0.288465
rs210	rs210	1	210	A	C	500	0.218	223	0.2287	277	0.209386	0.14452	0.078289	0.287216	-0.25111	0.119151	0.158062	-0.0141972	0.0648943	0.112133	0.0515201
rs211	rs211	1	211	A	C	500	0.351	223	0.345291	277	0.355596	-0.0353092	0.0674078	-0.023728	-0.0214699	0.0993235	0.135235	-0.00986505	0.600408	0.873858	0.860886
rs212	rs212	1	212	A	C	500	0.14	223	0.134529	277	0.144404	0.0602772	0.0889153	0.0388992	0.0373235	0.136031	0.179736	-0.0185036	0.497824	0.835497	0.777753
rs213	rs213	1	213	A	C	500	0.405	223	0.394619	277	0.413357	0.0408253	0.0653755	-0.057125	0.178625	0.0972873	0.131388	-0.00946617	0.532316	0.173981	0.326562
rs214	rs214	1	214	A	C	500	0.184	223	0.179372	277	0.187726	0.00505797	0.087023	0.0857116	-0.14765	0.129189	0.174794	-0.0166896	0.953651	0.398275	0.698757
rs215	rs215	1	215	A	C	500	0.238	223	0.230942	277	0.243682	-0.0168759	0.0774316	0.0697051	-0.155613	0.116254	0.155852	-0.0135146	0.827471	0.318054	0.593205
rs216	rs216	1	216	A	C	500	0.169	223	0.199552	277	0.144404	0.136	0.0894685	0.101838	0.058996	0.137941	0.181312	-0.0190361	0.128489	0.744891	0.298713
rs217	rs217	1	217	A	C	500	0.218	223	0.226457	277	0.211191	-4.87033e-05	0.0775403	0.0209557	-0.0362503	0.11957	0.157085	-0.0142978	0.999499	0.817495	0.973724
rs218	rs218	1	218	A	C	500	0.116	223	0.109865	277	0.120939	0.0107824	0.0999361	-0.0818544	0.16348	0.151714	0.201444	-0.0229945	0.914081	0.417053	0.715251
rs219	rs219	1	219	A	C	500	0.198	223	0.181614	277	0.211191	0.0861993	0.0814935	0.122563	-0.0622068	0.126432	0.165358	-0.015984	0.290172	0.706773	0.5325
rs220	rs220	1	220	A	C	500	0.357	223	0.349776	277	0.362816	-0.118237	0.0701436	-0.0406511	-0.141628	0.104309	0.140928	-0.01088	0.0918662	0.314913	0.145779
rs221	rs221	1	221	A	C	500	0.171	223	0.165919	277	0.17509	0.0403206	0.0901379	-0.0243081	0.125842	0.129226	0.180305	-0.016696	0.654643	0.485213	0.709205
rs222	rs222	1	222	A	C	500	0.355	223	0.347534	277	0.361011	0.0197162	0.0682136	0.0332614	-0.0253789	0.0999302	0.136827	-0.00999209	0.772554	0.852852	0.942733
rs223	rs223	1	223	A	C	500	0.284	223	0.266816	277	0.297834	0.0710139	0.071473	0.00804327	0.11883	0.104242	0.143193	-0.0108657	0.320429	0.406621	0.432607
rs224	rs224	1	224	A	C	500	0.139	223	0.134529	277	0.142599	-0.0119738	0.0984788	-0.0599522	0.0872751	0.146735	0.197876	-0.0215249	0.903226	0.659169	0.900632
rs225	rs225	1	225	A	C	500	0.186	223	0.174888	277	0.194946	0.0624923	0.0845884	0.0607777	0.00324995	0.123072	0.169444	-0.0151474	0.46004	0.984697	0.76103
rs226	rs226	1	226	A	C	500	0.142	223	0.156951	277	0.129964	0.0381552	0.0952871	0.0250375	0.0212308	0.154167	0.196149	-0.0237718	0.688844	0.913807	0.917569
rs227	rs227	1	227	A	C	500	0.123	223	0.123318	277	0.122744	-0.03225	0.101056	-0.0908547	0.112001	0.146356	0.202324	-0.0214193	0.749628	0.579871	0.815345
rs228	rs228	1	228	A	C	500	0.375	223	0.340807	277	0.402527	-0.077226	0.0689603	-0.11354	0.0676387	0.101325	0.138275	-0.0102652	0.262773	0.624728	0.473935
rs229	rs229	1	229	A	C	500	0.222	223	0.217489	277	0.225632	-0.076235	0.0767977	0.0732827	-0.254737	0.119497	0.155978	-0.01428	0.32087	0.102435	0.161007
rs230	rs230	1	230	A	C	500	0.143	223	0.150224	277	0.137184	0.020563	0.0975806	-0.0598682	0.147643	0.144623	0.195941	-0.0209152	0.833099	0.451146	0.736321
rs231	rs231	1	231	A	C	500	0.181	223	0.165919	277	0.193141	0.114833	0.0862671	0.0432396	0.132601	0.127179	0.173078	-0.0161738	0.183145	0.443597	0.307451
rs232	rs232	1	232	A	C	500	0.233	223	0.230942	277	0.234657	-0.0495273	0.079938	-0.0283664	-0.0350255	0.127057	0.163466	-0.0161439	0.53554	0.830339	0.80663
rs233	rs233	1	233	A	C	500	0.189	223	0.192825	277	0.185921	-0.0300518	0.0849623	0.0244506	-0.101589	0.124798	0.170384	-0.015575	0.723558	0.551017	0.786389
rs234	rs234	1	234	A	C	500	0.381	223	0.387892	277	0.375451	-0.0188639	0.0672634	-0.107632	0.154681	0.103034	0.136003	-0.0106149	0.779134	0.255399	0.503542
rs235	rs235	1	235	A	C	500	0.199	223	0.183857	277	0.211191	0.0612339	0.0823833	-0.0333511	0.16114	0.1282	0.167342	-0.0164372	0.457312	0.335579	0.477182
rs236	rs236	1	236	A	C	500	0.345	223	0.349776	277	0.341155	-0.120938	0.0692437	-0.0796103	-0.0796267	0.0998453	0.138595	-0.00996958	0.0807139	0.565609	0.184469
rs237	rs237	1	237	A	C	500	0.119	223	0.136771	277	0.104693	-0.0133832	0.100986	0.0209822	-0.0609414	0.152925	0.203647	-0.0233864	0.894569	0.764749	0.947852
rs238	rs238	1	238	A	C	500	0.281	223	0.298206	277	0.267148	0.00584092	0.0713563	0.0495767	-0.0739398	0.111659	0.145195	-0.0124698	0.934761	0.61058	0.875451
rs239	rs239	1	239	A	C	500	0.372	223	0.387892	277	0.359206	-0.0199617	0.0669278	-0.0381309	0.0330168	0.0998135	0.134563	-0.00996438	0.765506	0.806175	0.928133
rs240	rs240	1	240	A	C	500	0.274	223	0.273543	277	0.274368	0.0591405	0.0763078	0.12079	-0.114604	0.112175	0.152847	-0.0125674	0.438324	0.453378	0.559099
rs241	rs241	1	241	A	C	500	0.132	223	0.136771	277	0.128159	0.0901975	0.096278	0.0588157	0.0501736	0.157317	0.198917	-0.0247484	0.348838	0.80086	0.624596
rs242	rs242	1	242	A	C	500	0.24	223	0.215247	277	0.259928	-0.0476168	0.0784577	-0.0978036	0.0902588	0.11776	0.157935	-0.0138693	0.54391	0.567664	0.706471
rs243	rs243	1	243	A	C	500	0.405	223	0.40583	277	0.404332	-0.00151957	0.0659423	-0.113779	0.206828	0.0975206	0.13237	-0.00951027	0.981615	0.118171	0.294945
rs244	rs244	1	244	A	C	500	0.389	223	0.374439	277	0.400722	0.0380707	0.069192	-0.00806325	0.0762324	0.110124	0.141567	-0.0121284	0.58217	0.590239	0.743523
rs245	rs245	1	245	A	C	500	0.331	223	0.347534	277	0.31769	0.0574595	0.0685693	-0.0183378	0.130589	0.105757	0.138718	-0.0111689	0.402044	0.346499	0.451933
rs246	rs246	1	246	A	C	500	0.238	223	0.213004	277	0.258123	-0.0031543	0.075453	0.0791578	-0.154274	0.110429	0.151124	-0.0121854	0.966654	0.307329	0.593372
rs247	rs247	1	247	A	C	500	0.347	223	0.358744	277	0.337545	-0.00501781	0.069328	0.068403	-0.141654	0.0998967	0.138765	-0.00998042	0.942301	0.30734	0.592351
rs248	rs248	1	248	A	C	500	0.156	223	0.165919	277	0.148014	-0.0633351	0.0912946	0.06379	-0.228197	0.137185	0.183807	-0.0188212	0.487843	0.21442	0.363744
rs249	rs249	1	249	A	C	500	0.359	223	0.32287	277	0.388087	0.025079	0.0686879	0.0485598	-0.0449904	0.0993366	0.137499	-0.00986713	0.715026	0.743512	0.886755
rs250	rs250	1	250	A	C	500	0.408	223	0.40583	277	0.409747	0.0266444	0.0664154	0.0156139	0.0193104	0.101423	0.134191	-0.010286	0.688289	0.885577	0.913177
rs251	rs251	1	251	A	C	500	0.264	223	0.246637	277	0.277978	-0.0493781	0.0743405	0.0718313	-0.209781	0.114401	0.150495	-0.0130862	0.506553	0.163335	0.303575
rs252	rs252	1	252	A	C	500	0.238	223	0.257848	277	0.222022	-0.01142	0.0758011	-0.0132559	0.00308772	0.119092	0.154484	-0.01419	0.880246	0.984053	0.988518
rs253	rs253	1	253	A	C	500	0.202	223	0.213004	277	0.193141	-0.00875628	0.0817566	-0.00885687	0.000182219	0.122139	0.164367	-0.0149147	0.914708	0.999115	0.99428
rs254	rs254	1	254	A	C	500	0.33	223	0.298206	277	0.355596	-0.118789	0.0703749	-0.125231	0.0126942	0.100281	0.14078	-0.0100573	0.0914223	0.928152	0.239635
rs255	rs255	1	255	A	C	500	0.121	223	0.116592	277	0.124549	0.0707209	0.100519	-0.142878	0.369335	0.154804	0.203565	-0.0239655	0.481709	0.0696264	0.150559
rs256	rs256	1	256	A	C	500	0.325	223	0.336323	277	0.315884	-0.0543731	0.0704772	-0.130599	0.139973	0.104441	0.141537	-0.0109093	0.440411	0.322686	0.455381
rs257	rs257	1	257	A	C	500	0.32	223	0.325112	277	0.315884	-0.0708537	0.0692897	0.0404348	-0.201079	0.103661	0.139307	-0.0107406	0.30651	0.148901	0.209179
rs258	rs258	1	258	A	C	500	0.27	223	0.26009	277	0.277978	0.0124636	0.0727014	-0.0286454	0.0677005	0.116	0.148861	-0.0134556	0.863882	0.649259	0.888596
rs259	rs259	1	259	A	C	500	0.156	223	0.139013	277	0.169675	-0.0193464	0.0906314	0.00891701	-0.0530797	0.132594	0.181764	-0.0175918	0.830966	0.770267	0.936671
rs260	rs260	1	260	A	C	500	0.196	223	0.199552	277	0.193141	-0.0752475	0.0838609	-0.166911	0.177165	0.120737	0.167882	-0.0145824	0.369564	0.291291	0.383128
rs261	rs261	1	261	A	C	500	0.278	223	0.29148	277	0.267148	-0.0724759	0.0744959	-0.198562	0.219694	0.114123	0.150639	-0.0130234	0.330611	0.144728	0.215083
rs262	rs262	1	262	A	C	500	0.12	223	0.107623	277	0.129964	-0.148754	0.100986	-0.252796	0.183847	0.153273	0.203744	-0.0234922	0.140746	0.366876	0.224922
rs263	rs263	1	263	A	C	500	0.379	223	0.374439	277	0.382671	0.0592723	0.0680752	0.0836732	-0.0407734	0.107407	0.138822	-0.0115331	0.383924	0.768979	0.655615
rs264	rs264	1	264	A	C	500	0.174	223	0.172646	277	0.17509	0.0231925	0.0872938	0.149823	-0.245249	0.125531	0.174713	-0.0157609	0.790483	0.1604	0.360408
rs265	rs265	1	265	A	C	500	0.387	223	0.392377	277	0.382671	-0.0323053	0.0664768	-0.182804	0.278776	0.098013	0.133413	-0.00960887	0.626993	0.0366563	0.100135
rs266	rs266	1	266	A	C	500	0.354	223	0.343049	277	0.362816	-0.00148422	0.0696671	-0.0270176	0.0465867	0.103669	0.140071	-0.0107533	0.983003	0.73944	0.945978
rs267	rs267	1	267	A	C	500	0.127	223	0.150224	277	0.108303	0.0426368	0.100616	-0.0571037	0.170707	0.156049	0.204148	-0.0243506	0.671743	0.403047	0.644427
rs268	rs268	1	268	A	C	500	0.187	223	0.17713	277	0.194946	0.0650217	0.0833254	-0.00604394	0.135681	0.12071	0.166747	-0.0145633	0.435194	0.415822	0.529667
rs269	rs269	1	269	A	C	500	0.281	223	0.275785	277	0.285199	0.0266488	0.0722654	-0.14407	0.337094	0.102878	0.144582	-0.0105867	0.712305	0.0197268	0.0616706
rs270	rs270	1	270	A	C	500	0.118	223	0.116592	277	0.119134	0.0569591	0.097121	-0.000932479	0.132164	0.129576	0.19582	-0.0167965	0.557556	0.499725	0.670496
rs271	rs271	1	271	A	C	500	0.343	223	0.340807	277	0.344765	0.0315583	0.0712282	0.0261834	0.0101376	0.103914	0.142707	-0.0107975	0.657723	0.943368	0.904228
rs272	rs272	1	272	A	C	500	0.293	223	0.273543	277	0.308664	-0.0588329	0.0711933	-0.116396	0.106724	0.104893	0.142823	-0.0110022	0.408587	0.454915	0.537599
rs273	rs273	1	273	A	C	500	0.19	223	0.190583	277	0.189531	-0.0434599	0.0814754	0.225302	-0.430315	0.132998	0.168307	-0.0176924	0.593749	0.0105663	0.0330185
rs274	rs274	1	274	A	C	500	0.168	223	0.152466	277	0.180505	-0.0445627	0.0869288	-0.127287	0.141002	0.135212	0.176526	-0.018282	0.608207	0.424429	0.637369
rs275	rs275	1	275	A	C	500	0.24	223	0.206278	277	0.267148	-0.155596	0.0755188	-0.129991	-0.0493064	0.108923	0.151151	-0.0118642	0.0393642	0.744268	0.113523
rs276	rs276	1	276	A	C	500	0.262	223	0.275785	277	0.250903	0.0541296	0.073153	0.0960297	-0.077744	0.107739	0.14676	-0.0116082	0.45933	0.596296	0.660953
rs277	rs277	1	277	A	C	500	0.316	223	0.336323	277	0.299639	0.0342507	0.0711141	-0.0407905	0.125632	0.112096	0.145068	-0.0125702	0.630069	0.386478	0.612026
rs278	rs278	1	278	A	C	500	0.269	223	0.2713	277	0.267148	0.062527	0.0755267	0.0742285	-0.0212713	0.112608	0.151833	-0.0126818	0.407739	0.888584	0.702924
rs279	rs279	1	279	A	C	500	0.273	223	0.275785	277	0.270758	0.0787734	0.0749617	0.10795	-0.0482029	0.119355	0.153448	-0.014252	0.293328	0.753421	0.548
rs280	rs280	1	280	A	C	500	0.311	223	0.347534	277	0.281588	0.00830854	0.0720702	0.0918877	-0.138641	0.114389	0.147351	-0.0130891	0.90822	0.346759	0.638084
rs281	rs281	1	281	A	C	500	0.285	223	0.295964	277	0.276173	0.003152	0.0725871	0.0776205	-0.141788	0.105351	0.145379	-0.0111003	0.965364	0.329409	0.620921
rs282	rs282	1	282	A	C	500	0.163	223	0.179372	277	0.149819	-0.082209	0.088849	-0.0471753	-0.0633793	0.132838	0.17865	-0.0176418	0.354828	0.722763	0.612021
rs283	rs283	1	283	A	C	500	0.297	223	0.320628	277	0.277978	-0.0607075	0.074493	-0.159762	0.165757	0.117431	0.15191	-0.0137902	0.415106	0.275203	0.395589
rs284	rs284	1	284	A	C	500	0.362	223	0.374439	277	0.351986	-0.000564544	0.0684461	-0.0222304	0.0362786	0.107855	0.139573	-0.011634	0.993419	0.794921	0.966751
rs285	rs285	1	285	A	C	500	0.212	223	0.221973	277	0.203971	0.0262907	0.0825021	-0.158525	0.328211	0.124852	0.166418	-0.015595	0.749979	0.0485853	0.135934
rs286	rs286	1	286	A	C	500	0.313	223	0.293722	277	0.32852	-0.0597878	0.0725529	0.00164509	-0.114208	0.106718	0.145492	-0.0113863	0.409906	0.432466	0.523283
rs287	rs287	1	287	A	C	500	0.374	223	0.387892	277	0.362816	-0.17555	0.066133	-0.31336	0.237352	0.102104	0.133982	-0.0104228	0.00794267	0.076474	0.00614373
rs288	rs288	1	288	A	C	500	0.308	223	0.311659	277	0.305054	-0.0454463	0.072167	-0.00528034	-0.0704156	0.110146	0.145877	-0.0121385	0.528866	0.629306	0.729945
rs289	rs289	1	289	A	C	500	0.164	223	0.14574	277	0.1787	0.03603	0.0892802	-0.0421018	0.148205	0.129848	0.178845	-0.0168623	0.686536	0.407286	0.653911
rs290	rs290	1	290	A	C	500	0.378	223	0.387892	277	0.370036	-0.0849834	0.0714588	-0.0704396	-0.0261148	0.107372	0.143899	-0.0115321	0.234335	0.855991	0.484982
rs291	rs291	1	291	A	C	500	0.275	223	0.293722	277	0.259928	0.116942	0.0736994	0.136169	-0.0359925	0.107979	0.147732	-0.0116585	0.11257	0.807514	0.275666
rs292	rs292	1	292	A	C	500	0.248	223	0.224215	277	0.267148	0.0435305	0.078479	0.0755943	-0.0605717	0.114384	0.1572	-0.0130813	0.579116	0.700004	0.796071
rs293	rs293	1	293	A	C	500	0.104	223	0.121076	277	0.0902527	-0.00647053	0.109687	-0.189803	0.292531	0.179615	0.226952	-0.0322803	0.952959	0.197414	0.434987
rs294	rs294	1	294	A	C	500	0.263	223	0.248879	277	0.274368	-0.0109582	0.0761065	-0.00654891	-0.00816114	0.112254	0.152728	-0.0126023	0.885513	0.957385	0.988276
rs295	rs295	1	295	A	C	500	0.292	223	0.29148	277	0.292419	-0.0677669	0.0753275	-0.0380182	-0.0544388	0.111819	0.151226	-0.0124971	0.368317	0.71886	0.625339
rs296	rs296	1	296	A	C	500	0.156	223	0.161435	277	0.151625	0.125455	0.0918316	0.0600551	0.140666	0.125559	0.184171	-0.0157701	0.171893	0.444999	0.2938
rs297	rs297	1	297	A	C	500	0.198	223	0.181614	277	0.211191	0.124875	0.0869252	0.182216	-0.103004	0.130555	0.17498	-0.0170446	0.150839	0.556087	0.299651
rs298	rs298	1	298	A	C	500	0.207	223	0.20852	277	0.205776	-0.175325	0.0771346	-0.159462	-0.0284748	0.115909	0.155304	-0.0134364	0.0230279	0.854524	0.0742729
rs299	rs299	1	299	A	C	500	0.252	223	0.262332	277	0.243682	-0.00751382	0.0764494	0.0437503	-0.0905065	0.116163	0.15441	-0.0135047	0.921706	0.557779	0.838105
rs300	rs300	1	300	A	C	500	0.314	223	0.329596	277	0.301444	0.0476911	0.0683504	-0.0789616	0.237809	0.099968	0.136976	-0.00999248	0.485337	0.0825394	0.173685
rs301	rs301	1	301	A	C	500	0.196	223	0.213004	277	0.18231	0.0201921	0.0860895	0.160686	-0.27201	0.123825	0.172314	-0.0153361	0.81456	0.114435	0.279865
rs302	rs302	1	302	A	C	500	0.279	223	0.278027	277	0.279783	0.015312	0.0727491	0.0393556	-0.0424869	0.110431	0.146812	-0.0121973	0.833296	0.772277	0.937981
rs303	rs303	1	303	A	C	500	0.143	223	0.163677	277	0.126354	0.177023	0.0941876	0.0979321	0.133965	0.147074	0.191328	-0.0216119	0.0601802	0.483813	0.13381
rs304	rs304	1	304	A	C	500	0.161	223	0.174888	277	0.149819	-0.0946454	0.0877265	-0.192222	0.164098	0.137784	0.178679	-0.0189841	0.280646	0.358412	0.366519
rs305	rs305	1	305	A	C	500	0.34	223	0.360987	277	0.323105	0.0481351	0.0687779	0.0425559	0.0104138	0.100919	0.137848	-0.0101804	0.484013	0.939781	0.780549
rs306	rs306	1	306	A	C	500	0.324	223	0.32287	277	0.32491	-0.0317337	0.0698258	-0.0330695	0.00238683	0.105243	0.140691	-0.0110784	0.649491	0.986464	0.901753
rs307	rs307	1	307	A	C	500	0.183	223	0.168161	277	0.194946	-0.0523983	0.0816849	-0.000831975	-0.0934825	0.121987	0.164246	-0.0148808	0.521218	0.569247	0.692316
rs308	rs308	1	308	A	C	500	0.258	223	0.269058	277	0.249097	-0.153315	0.0753869	-0.14798	-0.00985261	0.111379	0.151408	-0.0124137	0.0419805	0.948116	0.126172
rs309	rs309	1	309	A	C	500	0.306	223	0.327354	277	0.288809	-0.119356	0.0735018	-0.258661	0.236974	0.114493	0.149332	-0.0131091	0.104407	0.112537	0.0759589
rs310	rs310	1	310	A	C	500	0.184	223	0.17713	277	0.189531	-0.0248985	0.0869496	0.105037	-0.22534	0.133617	0.175949	-0.0178509	0.774606	0.200294	0.422691
rs311	rs311	1	311	A	C	500	0.165	223	0.170404	277	0.16065	-0.0698778	0.0896473	-0.182847	0.197401	0.137076	0.181202	-0.0187903	0.4357	0.275977	0.407715
rs312	rs312	1	312	A	C	500	0.248	223	0.282511	277	0.220217	0.0991661	0.0755368	0.14954	-0.0866109	0.116842	0.153268	-0.0136625	0.189244	0.572009	0.360086
rs313	rs313	1	313	A	C	500	0.381	223	0.369955	277	0.389892	0.109392	0.0701246	0.174812	-0.11964	0.104143	0.140811	-0.0108419	0.118767	0.395517	0.206448
rs314	rs314	1	314	A	C	500	0.299	223	0.286996	277	0.308664	0.12589	0.0729874	0.0843055	0.0807418	0.104792	0.146	-0.0109784	0.0845601	0.580246	0.193899
rs315	rs315	1	315	A	C	500	0.132	223	0.132287	277	0.131769	-0.0512168	0.0950015	-0.0660515	0.0236483	0.155612	0.196469	-0.0242141	0.589807	0.904193	0.858502
rs316	rs316	1	316	A	C	500	0.264	223	0.282511	277	0.249097	0.0284174	0.0737635	0.0479729	-0.0335521	0.114166	0.149504	-0.0130272	0.700052	0.822428	0.905388
rs317	rs317	1	317	A	C	500	0.245	223	0.224215	277	0.261733	0.0124449	0.0773625	0.0444761	-0.0528993	0.123177	0.1583	-0.0151735	0.8722	0.73825	0.933538
rs318	rs318	1	318	A	C	500	0.127	223	0.116592	277	0.135379	-0.0854437	0.0983441	-0.129521	0.086686	0.140345	0.196916	-0.0197163	0.384944	0.659779	0.622306
rs319	rs319	1	319	A	C	500	0.317	223	0.343049	277	0.296029	-0.027442	0.0700464	-0.127645	0.173824	0.107606	0.141701	-0.0115749	0.695228	0.219939	0.43643
rs320	rs320	1	320	A	C	500	0.155	223	0.174888	277	0.138989	-0.00502116	0.0869093	-0.161777	0.239707	0.147731	0.182678	-0.0218231	0.953928	0.189459	0.422072
rs321	rs321	1	321	A	C	500	0.181	223	0.190583	277	0.173285	0.112434	0.0814407	0.131697	-0.0438051	0.108827	0.164153	-0.0118495	0.167413	0.78958	0.372104
rs322	rs322	1	322	A	C	500	0.217	223	0.201794	277	0.229242	0.0105362	0.080514	-0.00676717	0.0310676	0.121001	0.162177	-0.0146488	0.895884	0.848082	0.973448
rs323	rs323	1	323	A	C	500	0.315	223	0.282511	277	0.341155	0.0389758	0.073263	-0.0617303	0.180894	0.110037	0.147477	-0.0121082	0.594727	0.219975	0.409107
rs324	rs324	1	324	A	C	500	0.188	223	0.190583	277	0.185921	0.0917981	0.0827707	0.175132	-0.138563	0.131093	0.169032	-0.0171835	0.267402	0.412364	0.386354
rs325	rs325	1	325	A	C	500	0.098	223	0.100897	277	0.0956679	0.0928755	0.113073	0.021385	0.119328	0.178586	0.230726	-0.0318934	0.411431	0.605028	0.624334
rs326	rs326	1	326	A	C	500	0.322	223	0.320628	277	0.323105	-0.00730646	0.0712727	-0.0238912	0.0318239	0.103001	0.142686	-0.0106102	0.918349	0.823509	0.970323
rs327	rs327	1	327	A	C	500	0.133	223	0.130045	277	0.135379	0.0912988	0.100147	0.111664	-0.0415587	0.14024	0.20034	-0.0196679	0.361956	0.835666	0.64593
rs328	rs328	1	328	A	C	500	0.166	223	0.163677	277	0.16787	0.0895214	0.0856371	0.00844479	0.131655	0.138181	0.176097	-0.0190968	0.295858	0.454683	0.437858
rs329	rs329	1	329	A	C	500	0.31	223	0.29148	277	0.32491	-0.198004	0.0720719	-0.13061	-0.113863	0.11286	0.146736	-0.012744	0.00600869	0.437763	0.0169936
rs330	rs330	1	330	A	C	500	0.195	223	0.192825	277	0.196751	-0.0683859	0.0835703	0.043219	-0.212171	0.121381	0.167354	-0.0147322	0.413184	0.204869	0.320309
rs331	rs331	1	331	A	C	500	0.375	223	0.32287	277	0.416968	0.0287376	0.0674062	-0.00997304	0.0672031	0.103554	0.136473	-0.0107284	0.669864	0.622418	0.808865
rs332	rs332	1	332	A	C	500	0.335	223	0.352018	277	0.3213	-0.0513347	0.0694548	-0.0259262	-0.046137	0.103573	0.139516	-0.0107196	0.45984	0.740877	0.720492
rs333	rs333	1	333	A	C	500	0.189	223	0.186099	277	0.191336	0.0589637	0.0795355	-0.0611534	0.229026	0.115309	0.159185	-0.01329	0.458481	0.150225	0.269878
rs334	rs334	1	334	A	C	500	0.194	223	0.206278	277	0.184116	-0.0374146	0.0819062	-0.0690763	0.058428	0.121017	0.164399	-0.0146458	0.647816	0.722288	0.845787
rs335	rs335	1	335	A	C	500	0.264	223	0.266816	277	0.261733	0.0521897	0.0764543	-0.0572931	0.193772	0.115962	0.154314	-0.0134544	0.494843	0.209224	0.360097
rs336	rs336	1	336	A	C	500	0.379	223	0.392377	277	0.368231	0.0342583	0.06908	0.114221	-0.141295	0.104866	0.139413	-0.0109994	0.61995	0.310821	0.529109
rs337	rs337	1	337	A	C	500	0.402	223	0.399103	277	0.404332	-0.0736589	0.0699633	-0.0351305	-0.0713503	0.10316	0.140392	-0.0106431	0.292423	0.611298	0.504917
rs338	rs338	1	338	A	C	500	0.122	223	0.112108	277	0.129964	-0.173173	0.0963896	-0.205734	0.0564158	0.148265	0.195193	-0.0219898	0.0723999	0.772562	0.190969
rs339	rs339	1	339	A	C	500	0.314	223	0.307175	277	0.319495	0.154287	0.0691166	0.195047	-0.0728747	0.104117	0.139217	-0.0108404	0.0255973	0.600654	0.0721856
rs340	rs340	1	340	A	C	500	0.122	223	0.0896861	277	0.148014	-0.0909378	0.101795	-0.121651	0.051597	0.160051	0.207492	-0.0256271	0.371672	0.803617	0.65054
rs341	rs341	1	341	A	C	500	0.201	223	0.195067	277	0.205776	-0.00707502	0.0823431	0.150027	-0.27957	0.124408	0.165956	-0.0154766	0.931529	0.0920647	0.241077
rs342	rs342	1	342	A	C	500	0.173	223	0.188341	277	0.16065	-0.0622657	0.0874899	-0.174295	0.188649	0.137278	0.178137	-0.0188445	0.476657	0.289596	0.443082
rs343	rs343	1	343	A	C	500	0.261	223	0.278027	277	0.247292	-0.0017934	0.0737045	-0.0827655	0.142356	0.112225	0.148785	-0.0125914	0.980588	0.338671	0.632533
rs344	rs344	1	344	A	C	500	0.18	223	0.186099	277	0.17509	0.244103	0.0873019	0.120572	0.240775	0.125057	0.174526	-0.0156272	0.00517269	0.167711	0.00774531
rs345	rs345	1	345	A	C	500	0.34	223	0.336323	277	0.34296	0.0294434	0.0683678	-0.0505664	0.137279	0.105943	0.138858	-0.0112378	0.666714	0.322844	0.559098
rs346	rs346	1	346	A	C	500	0.111	223	0.130045	277	0.0956679	-0.00493864	0.101152	-0.0805485	0.158611	0.139802	0.20244	-0.019536	0.96106	0.433335	0.734823
rs347	rs347	1	347	A	C	500	0.316	223	0.345291	277	0.292419	-0.0761086	0.0690925	0.0903418	-0.29406	0.104857	0.139343	-0.0109906	0.270659	0.0348302	0.05881
rs348	rs348	1	348	A	C	500	0.211	223	0.224215	277	0.200361	0.169226	0.0821669	0.13661	0.057952	0.12428	0.165672	-0.0154476	0.0394429	0.72649	0.112813
rs349	rs349	1	349	A	C	500	0.321	223	0.32287	277	0.319495	-0.0329797	0.073356	-0.0103898	-0.0388092	0.113469	0.148723	-0.0128747	0.653011	0.794132	0.87362
rs350	rs350	1	350	A	C	500	0.312	223	0.329596	277	0.297834	-0.00788215	0.0730774	-0.034449	0.0466934	0.111322	0.147599	-0.0123952	0.914106	0.751735	0.945675
rs351	rs351	1	351	A	C	500	0.126	223	0.125561	277	0.126354	-0.0420733	0.0972875	-0.285268	0.460761	0.141561	0.19483	-0.0200349	0.665405	0.0180328	0.0555767
rs352	rs352	1	352	A	C	500	0.12	223	0.132287	277	0.110108	0.0882489	0.105462	-0.0549539	0.216733	0.181036	0.2227	-0.0327694	0.402713	0.330452	0.438819
rs353	rs353	1	353	A	C	500	0.307	223	0.29148	277	0.319495	-0.00278019	0.0718516	-0.00451925	0.00332094	0.104107	0.143863	-0.010838	0.969135	0.981583	0.998985
rs354	rs354	1	354	A	C	500	0.137	223	0.14574	277	0.129964	-0.117544	0.0932185	-0.311455	0.321323	0.147952	0.190383	-0.0218733	0.207326	0.0914549	0.108686
rs355	rs355	1	355	A	C	500	0.289	223	0.298206	277	0.281588	-0.0109474	0.0737144	-0.12215	0.212329	0.106832	0.147645	-0.0114168	0.88194	0.150406	0.351659
rs356	rs356	1	356	A	C	500	0.114	223	0.118834	277	0.110108	0.0468086	0.103535	0.00360436	0.0783857	0.154543	0.208164	-0.0238836	0.651194	0.706502	0.841056
rs357	rs357	1	357	A	C	500	0.307	223	0.311659	277	0.303249	-0.107867	0.0681762	-0.151035	0.0842706	0.0976253	0.13641	-0.00953184	0.113609	0.536725	0.236344
rs358	rs358	1	358	A	C	500	0.379	223	0.35426	277	0.398917	-0.00851487	0.0675994	-0.155374	0.25105	0.104912	0.137149	-0.0110034	0.899763	0.0671773	0.185765
rs359	rs359	1	359	A	C	500	0.298	223	0.289238	277	0.305054	0.134574	0.0692549	0.106989	0.0458401	0.109707	0.14139	-0.0120301	0.0519959	0.745779	0.143631
rs360	rs360	1	360	A	C	500	0.409	223	0.410314	277	0.407942	-0.00302849	0.064811	0.019489	-0.039552	0.0988416	0.131083	-0.00978232	0.96273	0.762856	0.954457
rs361	rs361	1	361	A	C	500	0.109	223	0.105381	277	0.111913	-0.00137572	0.101181	0.100802	-0.169736	0.160341	0.206628	-0.0257016	0.989152	0.411387	0.713561
rs362	rs362	1	362	A	C	500	0.107	223	0.112108	277	0.102888	-0.0161637	0.105899	-0.137052	0.215317	0.159756	0.213045	-0.0254829	0.878688	0.312177	0.593114
rs363	rs363	1	363	A	C	500	0.33	223	0.325112	277	0.333935	0.019115	0.0696983	-0.0226033	0.0740087	0.105518	0.140542	-0.011134	0.78389	0.598474	0.8384
rs364	rs364	1	364	A	C	500	0.199	223	0.199552	277	0.198556	-0.0619395	0.0814908	-0.148029	0.151792	0.123855	0.164453	-0.0153386	0.447207	0.356001	0.489273
rs365	rs365	1	365	A	C	500	0.166	223	0.179372	277	0.155235	-0.0794739	0.0888306	-0.0618046	-0.0300425	0.138417	0.180487	-0.0191592	0.370964	0.867801	0.660955
rs366	rs366	1	366	A	C	500	0.261	223	0.253363	277	0.267148	-0.062026	0.0770062	-0.0293492	-0.0584556	0.115965	0.15511	-0.013449	0.42055	0.706273	0.673408
rs367	rs367	1	367	A	C	500	0.289	223	0.311659	277	0.270758	0.0830014	0.0705704	0.084873	-0.00365841	0.100951	0.141104	-0.0101858	0.239535	0.979315	0.500574
rs368	rs368	1	368	A	C	500	0.275	223	0.280269	277	0.270758	-0.0113364	0.0773571	0.11637	-0.219797	0.119456	0.156666	-0.0142607	0.88349	0.160627	0.369763
rs369	rs369	1	369	A	C	500	0.16	223	0.188341	277	0.137184	0.0509751	0.0906488	0.0952645	-0.0737246	0.143458	0.185086	-0.0205795	0.573887	0.69039	0.788642
rs370	rs370	1	370	A	C	500	0.224	223	0.226457	277	0.222022	-0.0355552	0.0758906	-0.005735	-0.0528988	0.114892	0.15302	-0.0131996	0.639423	0.729569	0.844085
rs371	rs371	1	371	A	C	500	0.21	223	0.221973	277	0.200361	0.00389093	0.0809512	-0.182616	0.341424	0.120177	0.1626	-0.0144425	0.961664	0.0357485	0.110175
rs372	rs372	1	372	A	C	500	0.224	223	0.197309	277	0.245487	0.0824156	0.0755356	0.201346	-0.20727	0.115738	0.152826	-0.0134014	0.275236	0.175019	0.219821
rs373	rs373	1	373	A	C	500	0.235	223	0.253363	277	0.220217	0.0489493	0.0788083	0.105283	-0.109832	0.112895	0.157605	-0.0127403	0.534521	0.485876	0.6468
rs374	rs374	1	374	A	C	500	0.231	223	0.244395	277	0.220217	0.0314046	0.0821982	-0.00988697	0.0740282	0.12362	0.165536	-0.0152843	0.702418	0.654728	0.841154
rs375	rs375	1	375	A	C	500	0.344	223	0.340807	277	0.34657	-0.105047	0.0687103	0.0158402	-0.213619	0.104293	0.138646	-0.0108781	0.126304	0.123377	0.094833
rs376	rs376	1	376	A	C	500	0.436	223	0.428251	277	0.442238	-0.00530736	0.0649655	-0.0161392	0.0187492	0.0999655	0.131512	-0.00999194	0.934889	0.886633	0.986591
rs377	rs377	1	377	A	C	500	0.159	223	0.161435	277	0.15704	-0.0718531	0.0888562	-0.0751364	0.00568466	0.136719	0.179901	-0.0186929	0.41872	0.974792	0.720758
rs378	rs378	1	378	A	C	500	0.144	223	0.136771	277	0.149819	-0.0976219	0.0932059	-0.185981	0.154658	0.142264	0.188123	-0.0202192	0.294925	0.411013	0.412122
rs379	rs379	1	379	A	C	500	0.241	223	0.217489	277	0.259928	-0.00765801	0.0751252	-0.0932327	0.144522	0.117626	0.152858	-0.0138353	0.918807	0.34442	0.636259
rs380	rs380	1	380	A	C	500	0.294	223	0.284753	277	0.301444	0.0233391	0.0712736	0.0861922	-0.116891	0.104841	0.142992	-0.0109943	0.743322	0.413662	0.678589
rs381	rs381	1	381	A	C	500	0.372	223	0.360987	277	0.380866	-0.105048	0.066787	-0.229588	0.224807	0.100036	0.134438	-0.0100125	0.115745	0.094486	0.0717116
rs382	rs382	1	382	A	C	500	0.27	223	0.264574	277	0.274368	-0.0841077	0.0739752	-0.0674072	-0.0330821	0.105171	0.148089	-0.0110708	0.25555	0.823229	0.511042
rs383	rs383	1	383	A	C	500	0.282	223	0.282511	277	0.281588	0.0007022	0.0738467	0.0166115	-0.0265698	0.116585	0.150667	-0.0135925	0.992413	0.860021	0.984526
rs384	rs384	1	384	A	C	500	0.272	223	0.313901	277	0.238267	0.0329039	0.0727206	0.0868023	-0.0987954	0.107864	0.146024	-0.0116329	0.650931	0.498678	0.718034
rs385	rs385	1	385	A	C	500	0.24	223	0.251121	277	0.231047	-0.0801175	0.0785766	-0.0108518	-0.124022	0.118319	0.158391	-0.0140113	0.307913	0.433619	0.43764
rs386	rs386	1	386	A	C	500	0.397	223	0.40583	277	0.389892	0.000861767	0.0694231	-0.0429808	0.0774394	0.105394	0.140067	-0.0111072	0.990096	0.58035	0.858205
rs387	rs387	1	387	A	C	500	0.283	223	0.278027	277	0.287004	-0.0384091	0.0735948	-0.0238406	-0.0284667	0.105297	0.147151	-0.0110816	0.60174	0.846605	0.8565
rs388	rs388	1	388	A	C	500	0.136	223	0.136771	277	0.135379	0.0195397	0.094803	-0.203276	0.422414	0.137943	0.189965	-0.019035	0.836706	0.0261725	0.0826176
rs389	rs389	1	389	A	C	500	0.192	223	0.197309	277	0.187726	0.165132	0.0798412	0.270368	-0.196693	0.117061	0.160007	-0.0136979	0.0386165	0.218967	0.0553326
rs390	rs390	1	390	A	C	500	0.176	223	0.188341	277	0.166065	0.110559	0.0882359	0.00254671	0.174447	0.143071	0.181892	-0.0204852	0.210207	0.337525	0.287968
rs391	rs391	1	391	A	C	500	0.271	223	0.269058	277	0.272563	0.0110472	0.0756066	0.135907	-0.217492	0.115848	0.152895	-0.0134204	0.883831	0.154882	0.359722
rs392	rs392	1	392	A	C	500	0.135	223	0.132287	277	0.137184	-0.0604929	0.0983001	-0.154174	0.148893	0.16129	0.203237	-0.0259886	0.538297	0.463798	0.632732
rs393	rs393	1	393	A	C	500	0.199	223	0.197309	277	0.200361	-0.0747328	0.0817258	-0.221725	0.252916	0.126301	0.165687	-0.0159548	0.360489	0.126892	0.205327
rs394	rs394	1	394	A	C	500	0.155	223	0.159193	277	0.151625	-0.161181	0.0892839	-0.245023	0.155481	0.131535	0.179123	-0.0173017	0.0710327	0.385388	0.134496
rs395	rs395	1	395	A	C	500	0.408	223	0.410314	277	0.406137	-0.107645	0.0660609	-0.256173	0.27565	0.0972617	0.132481	-0.00945714	0.103213	0.0374635	0.0304338
rs396	rs396	1	396	A	C	500	0.111	223	0.121076	277	0.102888	0.0847358	0.106172	0.0133157	0.110388	0.178762	0.222285	-0.0319683	0.424814	0.619467	0.642886
rs397	rs397	1	397	A	C	500	0.156	223	0.170404	277	0.144404	-0.115468	0.0920936	-0.339479	0.444971	0.130672	0.184144	-0.0170709	0.209912	0.0156738	0.0245863
rs398	rs398	1	398	A	C	500	0.319	223	0.347534	277	0.296029	-0.0220145	0.0717863	0.00444843	-0.0470267	0.10855	0.144697	-0.0117818	0.759097	0.74518	0.904986
rs399	rs399	1	399	A	C	500	0.306	223	0.320628	277	0.294224	0.0393345	0.0717341	0.0556844	-0.0309707	0.104395	0.143669	-0.0108965	0.58346	0.829323	0.840656
rs400	rs400	1	400	A	C	500	0.324	223	0.284753	277	0.355596	-0.0796837	0.070945	0.0315505	-0.189507	0.110384	0.144072	-0.0121836	0.261363	0.188389	0.224058
rs401	rs401	1	401	A	C	500	0.173	223	0.170404	277	0.17509	0.126274	0.0867112	0.0612496	0.121312	0.127265	0.17379	-0.016189	0.145322	0.485154	0.271453
rs402	rs402	1	402	A	C	500	0.113	223	0.11435	277	0.111913	-0.0617195	0.107887	0.062939	-0.21232	0.167895	0.219107	-0.0281867	0.567271	0.332533	0.530923
rs403	rs403	1	403	A	C	500	0.401	223	0.44843	277	0.362816	0.00291242	0.0652752	0.037079	-0.0568012	0.103432	0.133387	-0.0107021	0.964412	0.670225	0.912411
rs404	rs404	1	404	A	C	500	0.178	223	0.195067	277	0.16426	0.0827839	0.0879912	0.00500901	0.131721	0.137544	0.179042	-0.0189276	0.346797	0.461915	0.490075
rs405	rs405	1	405	A	C	500	0.389	223	0.392377	277	0.386282	-0.0110691	0.0693795	-0.106029	0.163471	0.107144	0.140552	-0.0114756	0.873241	0.244805	0.502037
rs406	rs406	1	406	A	C	500	0.114	223	0.103139	277	0.122744	-0.131684	0.103578	-0.237626	0.182061	0.160195	0.210011	-0.0256646	0.203601	0.38599	0.306069
rs407	rs407	1	407	A	C	500	0.323	223	0.295964	277	0.344765	0.0627934	0.0686826	0.0355375	0.0510046	0.10066	0.137707	-0.0101335	0.360583	0.711095	0.61476
rs408	rs408	1	408	A	C	500	0.266	223	0.29148	277	0.245487	0.137531	0.076367	0.188374	-0.0839668	0.121538	0.156147	-0.0147636	0.0717161	0.590754	0.170976
rs409	rs409	1	409	A	C	500	0.107	223	0.103139	277	0.110108	-0.0166366	0.107372	0.0655231	-0.144709	0.163326	0.216769	-0.0266783	0.876865	0.504407	0.790705
rs410	rs410	1	410	A	C	500	0.408	223	0.412556	277	0.404332	-0.0248245	0.0671953	-0.0579442	0.0608878	0.0995408	0.13501	-0.00991486	0.711801	0.651998	0.843718
rs411	rs411	1	411	A	C	500	0.244	223	0.235426	277	0.250903	0.0367364	0.0765269	-0.0305917	0.109261	0.123529	0.157364	-0.0152595	0.631195	0.48748	0.700288
rs412	rs412	1	412	A	C	500	0.127	223	0.141256	277	0.115523	-0.0632684	0.09765	0.212691	-0.486702	0.148393	0.197066	-0.0220194	0.517043	0.0135211	0.0383998
rs413	rs413	1	413	A	C	500	0.152	223	0.134529	277	0.166065	-0.0806084	0.0862819	-0.0533722	-0.0542382	0.122357	0.172767	-0.0149886	0.350178	0.753567	0.615276
rs414	rs414	1	414	A	C	500	0.37	223	0.360987	277	0.377256	-0.0344467	0.0681241	-0.14507	0.205214	0.100344	0.136673	-0.0100695	0.613105	0.133229	0.285054
rs415	rs415	1	415	A	C	500	0.194	223	0.224215	277	0.169675	-0.0538405	0.0830801	0.026005	-0.14752	0.122653	0.166707	-0.0150419	0.516949	0.376205	0.547978
rs416	rs416	1	416	A	C	500	0.239	223	0.221973	277	0.252708	0.00911887	0.0775334	-0.0256057	0.0625319	0.116281	0.156055	-0.0135235	0.906375	0.688638	0.916495
rs417	rs417	1	417	A	C	500	0.149	223	0.130045	277	0.16426	0.0797434	0.0932034	0.00616374	0.135673	0.137784	0.187113	-0.0189877	0.392228	0.468399	0.533185
rs418	rs418	1	418	A	C	500	0.222	223	0.248879	277	0.200361	0.123401	0.0834394	0.346694	-0.371154	0.132185	0.170409	-0.0174706	0.139159	0.0294049	0.0312576
rs419	rs419	1	419	A	C	500	0.106	223	0.100897	277	0.110108	0.0422382	0.10587	0.108146	-0.119691	0.157892	0.212727	-0.0249185	0.689922	0.573671	0.788302
rs420	rs420	1	420	A	C	500	0.285	223	0.280269	277	0.288809	-0.0237966	0.0727624	-0.040982	0.0295752	0.112417	0.147471	-0.0126371	0.743633	0.841051	0.929053
rs421	rs421	1	421	A	C	500	0.145	223	0.141256	277	0.148014	0.0237721	0.0932725	0.397743	-0.640339	0.144655	0.189323	-0.0209331	0.798826	0.000718913	0.00317537
rs422	rs422	1	422	A	C	500	0.217	223	0.221973	277	0.212996	-0.00637761	0.0792938	0.00216472	-0.0159174	0.116472	0.158969	-0.0135621	0.935895	0.920242	0.991786
rs423	rs423	1	423	A	C	500	0.303	223	0.280269	277	0.3213	-0.0604039	0.0729038	-0.0656118	0.00984641	0.106194	0.14599	-0.0112727	0.407363	0.946227	0.707855
rs424	rs424	1	424	A	C	500	0.321	223	0.307175	277	0.33213	0.0321358	0.0688556	0.0931743	-0.103389	0.107546	0.139934	-0.0115605	0.640705	0.460005	0.682596
rs425	rs425	1	425	A	C	500	0.126	223	0.150224	277	0.106498	0.0781365	0.09614	0.136143	-0.11016	0.139773	0.192677	-0.0195485	0.416369	0.5675	0.610357
rs426	rs426	1	426	A	C	500	0.262	223	0.266816	277	0.258123	-0.0207315	0.0743411	-0.0382352	0.0280007	0.121496	0.153726	-0.0147726	0.780345	0.855468	0.946038
rs427	rs427	1	427	A	C	500	0.154	223	0.163677	277	0.146209	0.063539	0.0917533	0.00579991	0.102336	0.139022	0.185113	-0.0193339	0.488625	0.580382	0.675309
rs428	rs428	1	428	A	C	500	0.341	223	0.347534	277	0.33574	-0.0354129	0.0654225	-0.00224197	-0.0578982	0.100098	0.132234	-0.010018	0.588304	0.661499	0.784778
rs429	rs429	1	429	A	C	500	0.243	223	0.233184	277	0.250903	0.0519256	0.0767068	0.0625065	-0.0192645	0.114268	0.154202	-0.0130601	0.498447	0.900579	0.789051
rs430	rs430	1	430	A	C	500	0.125	223	0.118834	277	0.129964	-0.0765608	0.105637	-0.0408991	-0.0597284	0.166545	0.215648	-0.0277661	0.468602	0.781802	0.740084
rs431	rs431	1	431	A	C	500	0.342	223	0.35426	277	0.33213	0.0122409	0.0692411	0.0261946	-0.0236734	0.108083	0.140802	-0.0116854	0.859676	0.866479	0.970677
rs432	rs432	1	432	A	C	500	0.248	223	0.253363	277	0.243682	-0.191852	0.0782926	-0.242277	0.0954341	0.114099	0.157085	-0.0130379	0.0142677	0.543498	0.0412996
rs433	rs433	1	433	A	C	500	0.298	223	0.320628	277	0.279783	-0.127261	0.0724746	-0.128801	0.00266474	0.11159	0.146753	-0.0124522	0.0790995	0.985513	0.213992
rs434	rs434	1	434	A	C	500	0.156	223	0.183857	277	0.133574	0.0304697	0.0946487	0.0605722	-0.0511518	0.147604	0.192464	-0.0217991	0.74751	0.790413	0.916553
rs435	rs435	1	435	A	C	500	0.23	223	0.233184	277	0.227437	0.0677151	0.0791975	0.0870852	-0.0326614	0.124151	0.161215	-0.0154137	0.392543	0.839451	0.679738
rs436	rs436	1	436	A	C	500	0.355	223	0.35426	277	0.355596	0.00533413	0.069794	0.173098	-0.302668	0.104546	0.140429	-0.0109306	0.93908	0.0311371	0.0977233
rs437	rs437	1	437	A	C	500	0.173	223	0.163677	277	0.180505	-0.118881	0.092759	-0.268428	0.254881	0.144311	0.188416	-0.0208294	0.19998	0.176133	0.176182
rs438	rs438	1	438	A	C	500	0.157	223	0.14574	277	0.166065	0.131825	0.093948	0.107748	0.038762	0.152656	0.193706	-0.0233072	0.160565	0.841396	0.366238
rs439	rs439	1	439	A	C	500	0.252	223	0.23991	277	0.261733	0.0385866	0.0775852	0.0122457	0.0461393	0.118467	0.156817	-0.0140394	0.618946	0.768587	0.846234
rs440	rs440	1	440	A	C	500	0.204	223	0.197309	277	0.209386	-0.18877	0.0823318	-0.207283	0.0337186	0.122595	0.165438	-0.0150277	0.0218599	0.838499	0.0707063
rs441	rs441	1	441	A	C	500	0.291	223	0.278027	277	0.301444	0.0595241	0.0747268	0.148076	-0.155078	0.11405	0.150887	-0.0130002	0.425709	0.304056	0.429381
rs442	rs442	1	442	A	C	500	0.136	223	0.154709	277	0.120939	0.12275	0.0906211	-0.0192076	0.251044	0.137451	0.182762	-0.0188878	0.175563	0.169562	0.155548
rs443	rs443	1	443	A	C	500	0.24	223	0.23991	277	0.240072	0.0306613	0.0745666	-0.0208096	0.0847989	0.118903	0.152586	-0.0141319	0.680931	0.578385	0.787441
rs444	rs444	1	444	A	C	500	0.295	223	0.318386	277	0.276173	0.121653	0.0713464	0.149837	-0.0512753	0.106339	0.143459	-0.0113121	0.0881749	0.720777	0.219245
rs445	rs445	1	445	A	C	500	0.272	223	0.2713	277	0.272563	0.0402822	0.0737222	0.091806	-0.0859325	0.116525	0.150503	-0.0135814	0.584788	0.568022	0.731776
rs446	rs446	1	446	A	C	500	0.217	223	0.235426	277	0.202166	-0.0383576	0.079347	-0.0853295	0.0818512	0.121559	0.160472	-0.0147778	0.628801	0.610005	0.781196
rs447	rs447	1	447	A	C	500	0.096	223	0.103139	277	0.0902527	-0.0124169	0.115131	0.0605416	-0.131607	0.172401	0.231477	-0.029704	0.914115	0.569661	0.845827
rs448	rs448	1	448	A	C	500	0.134	223	0.118834	277	0.146209	-0.00292525	0.0969952	-0.0939489	0.14883	0.155637	0.199015	-0.0242234	0.97594	0.45456	0.755721
rs449	rs449	1	449	A	C	500	0.382	223	0.423767	277	0.348375	0.11028	0.0719856	0.189059	-0.141196	0.108359	0.145163	-0.0117571	0.125529	0.330716	0.19272
rs450	rs450	1	450	A	C	500	0.234	223	0.230942	277	0.236462	-0.0632549	0.0781143	-0.0909481	0.0473371	0.121201	0.158407	-0.0146798	0.41807	0.765068	0.688998
rs451	rs451	1	451	A	C	500	0.33	223	0.327354	277	0.33213	0.015923	0.0707359	-0.00222369	0.0317913	0.107972	0.142912	-0.011658	0.821898	0.823961	0.951154
rs452	rs452	1	452	A	C	500	0.159	223	0.130045	277	0.18231	0.0909618	0.0875211	-0.0309619	0.214106	0.13336	0.176699	-0.0177799	0.298659	0.225629	0.279658
rs453	rs453	1	453	A	C	500	0.357	223	0.349776	277	0.362816	0.0526789	0.0657961	0.0730205	-0.0367427	0.0984152	0.132197	-0.00967519	0.423342	0.781059	0.69828
rs454	rs454	1	454	A	C	500	0.134	223	0.141256	277	0.128159	0.0612379	0.0987416	-0.112735	0.306039	0.150304	0.199344	-0.0225898	0.535137	0.124727	0.253909
rs455	rs455	1	455	A	C	500	0.294	223	0.2713	277	0.312274	0.000829431	0.0742272	-0.0128452	0.0248726	0.110628	0.149203	-0.0122391	0.991084	0.867604	0.98614
rs456	rs456	1	456	A	C	500	0.219	223	0.213004	277	0.223827	0.00578163	0.0825051	-0.127429	0.256108	0.119108	0.165158	-0.0141877	0.944133	0.120977	0.29976
rs457	rs457	1	457	A	C	500	0.298	223	0.331839	277	0.270758	-0.00917385	0.0717979	-0.0424514	0.0628715	0.104617	0.143757	-0.0109385	0.898328	0.661862	0.901407
rs458	rs458	1	458	A	C	500	0.187	223	0.172646	277	0.198556	0.139729	0.086293	0.114858	0.0416164	0.136027	0.175948	-0.0185012	0.105396	0.813024	0.262123
rs459	rs459	1	459	A	C	500	0.244	223	0.253363	277	0.236462	-0.00167706	0.0792953	-0.0892649	0.155101	0.120197	0.159956	-0.0144488	0.983126	0.332223	0.624796
rs460	rs460	1	460	A	C	500	0.365	223	0.367713	277	0.362816	0.0202255	0.0719799	0.0185924	0.00286588	0.109823	0.145556	-0.0120732	0.778719	0.984291	0.961106
rs461	rs461	1	461	A	C	500	0.298	223	0.295964	277	0.299639	-0.0993847	0.072877	-0.150201	0.0919325	0.108963	0.146548	-0.0118712	0.172652	0.530449	0.324118
rs462	rs462	1	462	A	C	500	0.341	223	0.32287	277	0.355596	0.0679236	0.0690743	0.12795	-0.103486	0.106528	0.139813	-0.0113385	0.32544	0.459192	0.468879
rs463	rs463	1	463	A	C	500	0.309	223	0.329596	277	0.292419	-0.0765638	0.0719718	0.101546	-0.309903	0.110315	0.145466	-0.0121615	0.287418	0.0331374	0.0587085
rs464	rs464	1	464	A	C	500	0.258	223	0.244395	277	0.268953	0.153338	0.0772345	0.13619	0.03109	0.115299	0.155211	-0.0132872	0.0471051	0.84124	0.136576
rs465	rs465	1	465	A	C	500	0.367	223	0.360987	277	0.371841	-0.0975649	0.0680667	-0.281196	0.328514	0.102497	0.137095	-0.0105059	0.151751	0.0165634	0.0202762
rs466	rs466	1	466	A	C	500	0.151	223	0.159193	277	0.144404	-0.100926	0.0909167	-0.164612	0.111193	0.139097	0.183798	-0.0193487	0.266958	0.545197	0.449711
rs467	rs467	1	467	A	C	500	0.287	223	0.282511	277	0.290614	0.0454366	0.0759134	-0.0681158	0.194533	0.117666	0.154016	-0.0138463	0.549485	0.206564	0.376517
rs468	rs468	1	468	A	C	500	0.316	223	0.327354	277	0.306859	0.0514574	0.0700822	0.0498138	0.00295624	0.105226	0.141184	-0.0110819	0.462801	0.983294	0.763551
rs469	rs469	1	469	A	C	500	0.347	223	0.340807	277	0.351986	-0.0300062	0.0699166	-0.113706	0.140407	0.11002	0.1425	-0.012105	0.667799	0.324469	0.561291
rs470	rs470	1	470	A	C	500	0.324	223	0.336323	277	0.314079	-0.0513592	0.0707423	-0.0800149	0.0557282	0.101505	0.141565	-0.0103049	0.467836	0.693833	0.711042
rs471	rs471	1	471	A	C	500	0.181	223	0.179372	277	0.18231	0.0309014	0.0839042	0.0327304	-0.00382334	0.116166	0.16794	-0.0134925	0.712654	0.981837	0.934186
rs472	rs472	1	472	A	C	500	0.163	223	0.183857	277	0.146209	0.00136998	0.0887786	-0.035895	0.0697624	0.130128	0.178108	-0.0169453	0.987688	0.695291	0.926049
rs473	rs473	1	473	A	C	500	0.397	223	0.394619	277	0.398917	0.0126712	0.0674124	-0.0323176	0.0775437	0.104031	0.13657	-0.0108211	0.850903	0.570175	0.836222
rs474	rs474	1	474	A	C	500	0.238	223	0.257848	277	0.222022	0.0355883	0.076976	0.103561	-0.128591	0.112128	0.154242	-0.0125755	0.643845	0.404451	0.634828
rs475	rs475	1	475	A	C	500	0.179	223	0.199552	277	0.162455	0.0758766	0.0914537	0.163589	-0.155561	0.138482	0.184427	-0.0191782	0.406724	0.398956	0.496628
rs476	rs476	1	476	A	C	500	0.232	223	0.226457	277	0.236462	0.05278	0.0763199	-0.0119409	0.111138	0.118094	0.154751	-0.0139459	0.489212	0.47265	0.608343
rs477	rs477	1	477	A	C	500	0.248	223	0.244395	277	0.250903	-0.10555	0.0814962	-0.154211	0.0909112	0.119542	0.163393	-0.0142898	0.195265	0.577941	0.370276
rs478	rs478	1	478	A	C	500	0.29	223	0.320628	277	0.265343	0.0343878	0.0758593	0.082633	-0.083812	0.116462	0.153513	-0.0135656	0.650326	0.585094	0.777415
rs479	rs479	1	479	A	C	500	0.215	223	0.226457	277	0.205776	0.0911443	0.0766353	0.124407	-0.0591925	0.11576	0.154397	-0.0133957	0.234312	0.701439	0.458068
rs480	rs480	1	480	A	C	500	0.154	223	0.152466	277	0.155235	-0.1529	0.092313	-0.242008	0.171085	0.133362	0.184794	-0.0177861	0.0976575	0.354541	0.165255
rs481	rs481	1	481	A	C	500	0.186	223	0.195067	277	0.1787	0.124405	0.0809205	0.153145	-0.0561886	0.115778	0.161888	-0.0134049	0.124202	0.728529	0.288808
rs482	rs482	1	482	A	C	500	0.348	223	0.345291	277	0.350181	0.0494469	0.0707369	-0.0708022	0.212709	0.10729	0.142695	-0.011511	0.484536	0.136052	0.257859
rs483	rs483	1	483	A	C	500	0.404	223	0.40583	277	0.402527	-0.0329271	0.0670623	0.049204	-0.152808	0.0985998	0.134482	-0.00972052	0.623432	0.255842	0.464825
rs484	rs484	1	484	A	C	500	0.207	223	0.192825	277	0.218412	-0.00783211	0.0798866	-0.0894103	0.144572	0.121096	0.161283	-0.014678	0.9219	0.370047	0.665938
rs485	rs485	1	485	A	C	500	0.133	223	0.136771	277	0.129964	-0.0127837	0.0981007	0.039115	-0.0792906	0.166926	0.20634	-0.0278678	0.89632	0.700778	0.920975
rs486	rs486	1	486	A	C	500	0.209	223	0.215247	277	0.203971	0.0543563	0.0799766	0.0168497	0.0706843	0.116755	0.160307	-0.013636	0.496724	0.659262	0.720237
rs487	rs487	1	487	A	C	500	0.33	223	0.32287	277	0.33574	-0.0899348	0.0693089	-0.0716506	-0.0350025	0.100286	0.138756	-0.0100573	0.194427	0.800841	0.417408
rs488	rs488	1	488	A	C	500	0.111	223	0.100897	277	0.119134	0.218641	0.110062	0.213748	0.00916383	0.161215	0.220601	-0.0259865	0.0469754	0.966865	0.1389
rs489	rs489	1	489	A	C	500	0.356	223	0.345291	277	0.364621	-0.0329646	0.0694616	0.0265545	-0.107769	0.103783	0.139622	-0.0107663	0.635091	0.440194	0.66332
rs490	rs490	1	490	A	C	500	0.288	223	0.29148	277	0.285199	0.080837	0.0712726	0.263408	-0.331947	0.106212	0.143177	-0.0112748	0.256713	0.0204255	0.0357653
rs491	rs491	1	491	A	C	500	0.135	223	0.147982	277	0.124549	0.0667255	0.0954175	0.169914	-0.20785	0.134415	0.190696	-0.0180535	0.484364	0.275733	0.432353
rs492	rs492	1	492	A	C	500	0.149	223	0.147982	277	0.149819	0.0459587	0.0909297	0.173826	-0.195638	0.154519	0.191146	-0.0238802	0.613256	0.306072	0.52126
rs493	rs493	1	493	A	C	500	0.252	223	0.286996	277	0.223827	0.109795	0.0781589	-0.0318209	0.242346	0.121269	0.158674	-0.0147126	0.160089	0.126682	0.11613
rs494	rs494	1	494	A	C	500	0.192	223	0.192825	277	0.191336	0.0514052	0.0805919	-0.152287	0.363064	0.121631	0.162376	-0.0147923	0.523574	0.0253554	0.0669942
rs495	rs495	1	495	A	C	500	0.23	223	0.213004	277	0.243682	-0.0676416	0.0748038	-0.253841	0.346455	0.10996	0.14996	-0.012086	0.365861	0.0208707	0.0460689
rs496	rs496	1	496	A	C	500	0.299	223	0.293722	277	0.303249	-0.00758486	0.0722887	0.0735165	-0.138719	0.112086	0.146515	-0.0125504	0.916436	0.343747	0.635268
rs497	rs497	1	497	A	C	500	0.301	223	0.329596	277	0.277978	-0.0542169	0.0711976	-0.0694589	0.0270687	0.107675	0.143453	-0.0115877	0.446359	0.850333	0.735104
rs498	rs498	1	498	A	C	500	0.355	223	0.372197	277	0.341155	0.0070542	0.0667803	0.16002	-0.305137	0.0945725	0.133583	-0.00894543	0.915874	0.0223566	0.0732054
rs499	rs499	1	499	A	C	500	0.332	223	0.313901	277	0.34657	-0.0613131	0.0691398	-0.0587666	-0.00413297	0.111572	0.142123	-0.0124453	0.375187	0.976801	0.674605
rs500	rs500	1	500	A	C	500	0.287	223	0.280269	277	0.292419	-0.0724078	0.0720286	-0.231567	0.26971	0.112504	0.146454	-0.0126571	0.314769	0.0655325	0.110688
rs501	rs501	1	501	A	C	500	0.192	223	0.186099	277	0.196751	-0.0927089	0.0874705	-0.0694623	-0.0386693	0.138485	0.178594	-0.0191746	0.289196	0.828582	0.557038
rs502	rs502	1	502	A	C	500	0.104	223	0.107623	277	0.101083	-0.0987691	0.110522	-0.118345	0.0394772	0.155588	0.22084	-0.0241843	0.371504	0.858126	0.660148
rs503	rs503	1	503	A	C	500	0.205	223	0.201794	277	0.207581	-0.0168253	0.0830945	-0.127428	0.213925	0.119547	0.166236	-0.0142874	0.839538	0.198138	0.428046
rs504	rs504	1	504	A	C	500	0.116	223	0.107623	277	0.122744	0.0976482	0.0982282	0.164012	-0.114466	0.151512	0.198969	-0.0229523	0.320177	0.565091	0.517061
rs505	rs505	1	505	A	C	500	0.114	223	0.100897	277	0.124549	-0.0683444	0.106551	0.115655	-0.30598	0.168704	0.217508	-0.0284495	0.521248	0.159501	0.302647
rs506	rs506	1	506	A	C	500	0.361	223	0.358744	277	0.362816	0.00854027	0.0655287	-0.0185938	0.0490668	0.0980145	0.131807	-0.00960728	0.896306	0.709696	0.925165
rs507	rs507	1	507	A	C	500	0.15	223	0.150224	277	0.149819	0.00910161	0.0960141	-0.0648415	0.126512	0.14898	0.194898	-0.0222015	0.924478	0.516262	0.806404
rs508	rs508	1	508	A	C	500	0.362	223	0.363229	277	0.361011	0.0566897	0.0698393	0.0771213	-0.036661	0.104951	0.140569	-0.0110122	0.416954	0.794243	0.695272
rs509	rs509	1	509	A	C	500	0.099	223	0.105381	277	0.0938628	0.0864976	0.11205	0.188962	-0.172591	0.175785	0.228141	-0.0309005	0.440142	0.449345	0.557603
rs510	rs510	1	510	A	C	500	0.358	223	0.349776	277	0.364621	-0.0629316	0.0671696	-0.0265225	-0.0680231	0.0985162	0.134643	-0.00970336	0.348807	0.613411	0.5675
rs511	rs511	1	511	A	C	500	0.287	223	0.2713	277	0.299639	0.0233113	0.0739215	-0.0840639	0.194243	0.110554	0.148712	-0.0122251	0.752494	0.191496	0.405449
rs512	rs512	1	512	A	C	500	0.23	223	0.23991	277	0.222022	0.0402685	0.0781719	-0.00341984	0.077444	0.118418	0.157677	-0.0140253	0.606463	0.623315	0.776238
rs513	rs513	1	513	A	C	500	0.307	223	0.334081	277	0.285199	-0.15878	0.0710409	-0.261319	0.186703	0.105824	0.142813	-0.0112014	0.0254136	0.191103	0.0350042
rs514	rs514	1	514	A	C	500	0.267	223	0.302691	277	0.238267	0.011007	0.0760397	0.00520538	0.00967902	0.120166	0.155234	-0.0144441	0.884906	0.950283	0.987656
rs515	rs515	1	515	A	C	500	0.284	223	0.289238	277	0.279783	-0.00535084	0.0764835	-0.0945428	0.150233	0.119987	0.155722	-0.0143966	0.944225	0.334669	0.626365
rs516	rs516	1	516	A	C	500	0.366	223	0.347534	277	0.380866	-0.0483695	0.0677013	-0.153424	0.187232	0.102189	0.136422	-0.0104425	0.474946	0.169924	0.30209
rs517	rs517	1	517	A	C	500	0.352	223	0.356502	277	0.348375	0.0363803	0.0687443	0.117779	-0.14738	0.102721	0.138196	-0.0105481	0.596659	0.286218	0.492286
rs518	rs518	1	518	A	C	500	0.286	223	0.298206	277	0.276173	0.0590231	0.0715162	-0.00428801	0.11462	0.106906	0.143861	-0.0114315	0.409195	0.425601	0.517903
rs519	rs519	1	519	A	C	500	0.264	223	0.251121	277	0.274368	-0.0227809	0.0736752	-0.122649	0.170558	0.114436	0.149545	-0.0130948	0.757164	0.254073	0.497486
rs520	rs520	1	520	A	C	500	0.2	223	0.192825	277	0.205776	-0.041361	0.0825059	0.0435021	-0.15268	0.123796	0.16605	-0.0153255	0.616153	0.357843	0.577886
rs521	rs521	1	521	A	C	500	0.131	223	0.141256	277	0.122744	0.167882	0.0973963	0.145977	0.042096	0.140624	0.194933	-0.019773	0.0847626	0.829026	0.221157
rs522	rs522	1	522	A	C	500	0.29	223	0.282511	277	0.296029	0.0272531	0.0749002	-0.00647783	0.0613897	0.111656	0.150707	-0.0124796	0.715963	0.683755	0.86143
rs523	rs523	1	523	A	C	500	0.362	223	0.325112	277	0.391697	0.102061	0.0680186	0.121608	-0.03234	0.108183	0.139187	-0.0117091	0.133486	0.816267	0.315772
rs524	rs524	1	524	A	C	500	0.368	223	0.365471	277	0.370036	-0.056202	0.0678743	-0.0434424	-0.022684	0.102572	0.136718	-0.010514	0.407654	0.868221	0.700066
rs525	rs525	1	525	A	C	500	0.305	223	0.307175	277	0.303249	-0.0240398	0.0706696	-0.0336958	0.0179563	0.103978	0.141833	-0.0108178	0.733727	0.899256	0.93625
rs526	rs526	1	526	A	C	500	0.12	223	0.132287	277	0.110108	0.0996103	0.10141	0.0115749	0.151583	0.156731	0.205762	-0.0245887	0.325976	0.461309	0.470591
rs527	rs527	1	527	A	C	500	0.403	223	0.381166	277	0.420578	-0.0744092	0.0685818	-0.20632	0.228823	0.10533	0.138675	-0.011086	0.277935	0.098929	0.142282
rs528	rs528	1	528	A	C	500	0.248	223	0.282511	277	0.220217	0.0119944	0.0721048	-0.116688	0.263872	0.10078	0.144379	-0.0101656	0.867884	0.067604	0.185637
rs529	rs529	1	529	A	C	500	0.125	223	0.123318	277	0.126354	0.154306	0.103527	0.185744	-0.0619232	0.147513	0.20698	-0.02175	0.136094	0.764807	0.314887
rs530	rs530	1	530	A	C	500	0.352	223	0.345291	277	0.357401	-0.0774788	0.0706993	-0.159638	0.142598	0.108591	0.143057	-0.0117913	0.273126	0.318866	0.333775
rs531	rs531	1	531	A	C	500	0.292	223	0.2713	277	0.308664	-0.000946685	0.0718107	0.063097	-0.107231	0.113173	0.146459	-0.012811	0.989482	0.46407	0.764818
rs532	rs532	1	532	A	C	500	0.194	223	0.179372	277	0.205776	0.0633901	0.0835937	0.111171	-0.0817353	0.129698	0.169634	-0.0168217	0.448264	0.629924	0.667911
rs533	rs533	1	533	A	C	500	0.151	223	0.139013	277	0.16065	-0.0800866	0.089971	-0.372441	0.47945	0.144008	0.184402	-0.0207347	0.373392	0.0093217	0.0229087
rs534	rs534	1	534	A	C	500	0.285	223	0.289238	277	0.281588	0.0829756	0.0727968	0.265414	-0.319446	0.111173	0.147124	-0.0123619	0.254359	0.0299105	0.0494489
rs535	rs535	1	535	A	C	500	0.199	223	0.210762	277	0.189531	-0.0416748	0.0820981	-0.0198957	-0.0384916	0.124601	0.165656	-0.015527	0.611718	0.81626	0.8557
rs536	rs536	1	536	A	C	500	0.122	223	0.103139	277	0.137184	0.0471796	0.102907	-0.0619783	0.2011	0.152225	0.206652	-0.0231806	0.646617	0.330488	0.56069
rs537	rs537	1	537	A	C	500	0.281	223	0.275785	277	0.285199	0.0617077	0.0723769	0.175311	-0.218049	0.104581	0.144894	-0.0109381	0.393888	0.132354	0.224071
rs538	rs538	1	538	A	C	500	0.12	223	0.112108	277	0.126354	-0.0273389	0.0996326	-0.0600895	0.0594001	0.148769	0.200376	-0.0221374	0.783779	0.766892	0.921653
rs539	rs539	1	539	A	C	500	0.118	223	0.11435	277	0.120939	-0.0671556	0.105262	-0.040599	-0.0466424	0.160467	0.212723	-0.0257644	0.523484	0.826445	0.796482
rs540	rs540	1	540	A	C	500	0.103	223	0.100897	277	0.104693	-0.0891918	0.107075	-0.144795	0.106768	0.154708	0.21442	-0.0239437	0.404852	0.618526	0.624436
rs541	rs541	1	541	A	C	500	0.188	223	0.206278	277	0.173285	-0.0244564	0.0845974	0.124242	-0.260208	0.129226	0.170941	-0.0166985	0.772511	0.127957	0.30109
rs542	rs542	1	542	A	C	500	0.197	223	0.206278	277	0.189531	0.171331	0.0849938	0.0870639	0.134653	0.138947	0.175642	-0.0193065	0.0438197	0.443301	0.0977239
rs543	rs543	1	543	A	C	500	0.221	223	0.213004	277	0.227437	0.015986	0.0799049	-0.0397601	0.110923	0.113293	0.15981	-0.0128352	0.841432	0.487626	0.770364
rs544	rs544	1	544	A	C	500	0.254	223	0.23991	277	0.265343	0.0183511	0.0728502	-0.0803913	0.176973	0.109523	0.146573	-0.0119869	0.801117	0.227277	0.467369
rs545	rs545	1	545	A	C	500	0.154	223	0.163677	277	0.146209	-0.0438029	0.0904371	-0.121	0.140127	0.134942	0.181795	-0.0182073	0.62814	0.440828	0.660764
rs546	rs546	1	546	A	C	500	0.343	223	0.343049	277	0.34296	-0.100675	0.0696396	-0.144115	0.0755668	0.106815	0.140889	-0.011411	0.148275	0.591713	0.304589
rs547	rs547	1	547	A	C	500	0.111	223	0.125561	277	0.099278	0.0612524	0.104843	0.141039	-0.150185	0.153106	0.210024	-0.0234337	0.559065	0.474556	0.652896
rs548	rs548	1	548	A	C	500	0.384	223	0.40583	277	0.366426	0.0388441	0.0679508	0.0131375	0.0448441	0.104014	0.137376	-0.0108184	0.567559	0.744097	0.805195
rs549	rs549	1	549	A	C	500	0.162	223	0.156951	277	0.166065	0.104548	0.0897546	0.111322	-0.0122	0.134599	0.180646	-0.0181197	0.24409	0.946156	0.506269
rs550	rs550	1	550	A	C	500	0.147	223	0.150224	277	0.144404	0.0927899	0.0922899	0.0824368	0.0193217	0.135455	0.185041	-0.0183468	0.314696	0.916837	0.599965
rs551	rs551	1	551	A	C	500	0.144	223	0.14574	277	0.142599	-0.0462851	0.0935126	0.00167525	-0.0944617	0.133273	0.187027	-0.0177597	0.620627	0.61351	0.778769
rs552	rs552	1	552	A	C	500	0.166	223	0.183857	277	0.151625	-0.0450291	0.0878681	-0.0446719	-0.000623023	0.134486	0.177597	-0.0180816	0.608327	0.997201	0.876942
rs553	rs553	1	553	A	C	500	0.206	223	0.217489	277	0.196751	0.0369769	0.0814991	-0.000988195	0.0623454	0.130251	0.166851	-0.0169526	0.650038	0.708658	0.841359
rs554	rs554	1	554	A	C	500	0.39	223	0.40583	277	0.377256	0.0751025	0.0695227	0.0897353	-0.0258551	0.105534	0.14029	-0.0111387	0.280028	0.85378	0.548559
rs555	rs555	1	555	A	C	500	0.118	223	0.143498	277	0.0974729	-0.0623046	0.100798	-0.0999707	0.0647621	0.15574	0.204127	-0.0242342	0.536501	0.751043	0.785558
rs556	rs556	1	556	A	C	500	0.366	223	0.352018	277	0.377256	0.0573887	0.0692791	0.0749579	-0.0313086	0.104579	0.139603	-0.0109365	0.407462	0.822548	0.691947
rs557	rs557	1	557	A	C	500	0.178	223	0.168161	277	0.185921	-0.00563859	0.0808593	-0.13829	0.235294	0.122415	0.163025	-0.0149834	0.944406	0.148935	0.352046
rs558	rs558	1	558	A	C	500	0.106	223	0.0986547	277	0.111913	0.0584291	0.106783	0.124128	-0.125935	0.154359	0.213662	-0.0238158	0.584257	0.555585	0.72368
rs559	rs559	1	559	A	C	500	0.331	223	0.352018	277	0.314079	0.0130061	0.0704549	-0.0356037	0.0865164	0.106436	0.141993	-0.0113282	0.853541	0.542326	0.816554
rs560	rs560	1	560	A	C	500	0.233	223	0.244395	277	0.223827	0.0540314	0.0784365	0.186002	-0.202824	0.132659	0.164426	-0.0175915	0.490914	0.217381	0.368597
rs561	rs561	1	561	A	C	500	0.266	223	0.280269	277	0.254513	0.0120941	0.073315	0.164098	-0.28047	0.108364	0.147239	-0.0117494	0.868974	0.0567982	0.160758
rs562	rs562	1	562	A	C	500	0.325	223	0.338565	277	0.314079	-0.0468231	0.0708565	-0.018595	-0.0498132	0.10764	0.14299	-0.0115864	0.50873	0.727563	0.756525
rs563	rs563	1	563	A	C	500	0.236	223	0.2287	277	0.241877	0.085387	0.0790211	0.0244056	0.104928	0.122253	0.160505	-0.0149721	0.279893	0.513281	0.450458
rs564	rs564	1	564	A	C	500	0.351	223	0.352018	277	0.350181	0.0152968	0.070529	0.10832	-0.168927	0.105243	0.141851	-0.0110804	0.828297	0.233701	0.48065
rs565	rs565	1	565	A	C	500	0.124	223	0.132287	277	0.117329	-0.0248517	0.103024	0.0848505	-0.189627	0.158686	0.208628	-0.0251804	0.809382	0.363392	0.642645
rs566	rs566	1	566	A	C	500	0.399	223	0.396861	277	0.400722	0.0183085	0.0650676	0.0425785	-0.0413262	0.101289	0.132179	-0.0102604	0.778421	0.754543	0.915337
rs567	rs567	1	567	A	C	500	0.331	223	0.334081	277	0.32852	-0.00428729	0.0679997	-0.057789	0.105911	0.0966187	0.135875	-0.00932622	0.949728	0.4357	0.73655
rs568	rs568	1	568	A	C	500	0.115	223	0.11435	277	0.115523	0.138362	0.103618	0.0949054	0.0711973	0.166089	0.212664	-0.0276043	0.181777	0.737784	0.387686
rs569	rs569	1	569	A	C	500	0.287	223	0.286996	277	0.287004	-0.16033	0.0713048	-0.0571426	-0.19774	0.103077	0.14264	-0.0106174	0.0245433	0.165661	0.0305374
rs570	rs570	1	570	A	C	500	0.171	223	0.143498	277	0.193141	-0.0568587	0.0876305	-0.017679	-0.0751914	0.126622	0.175411	-0.0160327	0.516438	0.668172	0.739061
rs571	rs571	1	571	A	C	500	0.262	223	0.242152	277	0.277978	0.055219	0.0747434	0.106573	-0.0898971	0.114141	0.151009	-0.0130267	0.46004	0.551636	0.637567
rs572	rs572	1	572	A	C	500	0.379	223	0.378924	277	0.379061	0.0786825	0.0681957	0.0149916	0.114625	0.102323	0.137289	-0.0104731	0.248592	0.403767	0.362715
rs573	rs573	1	573	A	C	500	0.138	223	0.136771	277	0.138989	0.0433785	0.0955064	-0.018113	0.110051	0.143782	0.192355	-0.0206743	0.649688	0.567239	0.76582
rs574	rs574	1	574	A	C	500	0.224	223	0.237668	277	0.212996	0.0886336	0.0775167	0.0425227	0.0859065	0.113897	0.155467	-0.0129735	0.252867	0.580558	0.446478
rs575	rs575	1	575	A	C	500	0.269	223	0.293722	277	0.249097	-0.0207097	0.0753191	-0.0130786	-0.0133884	0.114857	0.152135	-0.0131921	0.783347	0.929874	0.959183
rs576	rs576	1	576	A	C	500	0.105	223	0.0964126	277	0.111913	0.125674	0.10734	0.170676	-0.0853098	0.156175	0.215046	-0.0243948	0.24168	0.691585	0.465767
rs577	rs577	1	577	A	C	500	0.336	223	0.329596	277	0.341155	0.0651113	0.0694137	0.10968	-0.080208	0.104125	0.139677	-0.0108408	0.348235	0.565807	0.546176
rs578	rs578	1	578	A	C	500	0.136	223	0.127803	277	0.142599	0.0891373	0.0906068	0.164483	-0.141858	0.13234	0.181607	-0.0175175	0.325223	0.43473	0.454303
rs579	rs579	1	579	A	C	500	0.268	223	0.266816	277	0.268953	-0.0400298	0.0741926	-0.0725308	0.0604319	0.109124	0.148792	-0.0119066	0.589515	0.684632	0.7961
rs580	rs580	1	580	A	C	500	0.228	223	0.226457	277	0.229242	-0.0801155	0.0753734	-0.250878	0.273538	0.122992	0.155685	-0.0151311	0.287821	0.0789195	0.121432
rs581	rs581	1	581	A	C	500	0.304	223	0.309417	277	0.299639	-0.0288683	0.0709299	-0.0184749	-0.0189755	0.105487	0.142553	-0.0111305	0.68401	0.894105	0.912395
rs582	rs582	1	582	A	C	500	0.369	223	0.349776	277	0.384477	0.0242171	0.0715104	-0.115071	0.256414	0.105773	0.143474	-0.011182	0.734872	0.0739084	0.191217
rs583	rs583	1	583	A	C	500	0.324	223	0.343049	277	0.308664	-0.0376981	0.070087	-0.0760406	0.0647075	0.109811	0.142663	-0.0120601	0.590663	0.65014	0.780737
rs584	rs584	1	584	A	C	500	0.241	223	0.255605	277	0.229242	0.0312815	0.0748242	-0.0438936	0.133888	0.113035	0.150896	-0.0127847	0.675898	0.374925	0.618148
rs585	rs585	1	585	A	C	500	0.39	223	0.367713	277	0.407942	-0.0710559	0.066381	-0.126684	0.0919293	0.105655	0.135837	-0.0111655	0.284428	0.498556	0.448471
rs586	rs586	1	586	A	C	500	0.269	223	0.2713	277	0.267148	0.110995	0.0746474	-0.0199283	0.242065	0.110198	0.14988	-0.0121498	0.137034	0.106296	0.0898424
rs587	rs587	1	587	A	C	500	0.106	223	0.112108	277	0.101083	0.0142332	0.106663	-0.0637983	0.128176	0.170491	0.218475	-0.0290579	0.893846	0.557414	0.834432
rs588	rs588	1	588	A	C	500	0.145	223	0.154709	277	0.137184	0.0251932	0.0921884	0.0225196	0.00462907	0.141817	0.186583	-0.0201071	0.784639	0.980207	0.963051
rs589	rs589	1	589	A	C	500	0.206	223	0.204036	277	0.207581	0.101381	0.0792383	0.192796	-0.174593	0.114791	0.158626	-0.0131748	0.200742	0.271047	0.2407
rs590	rs590	1	590	A	C	500	0.202	223	0.165919	277	0.231047	0.035418	0.0822729	0.0486708	-0.0248704	0.120395	0.16495	-0.0144988	0.666836	0.880153	0.901199
rs591	rs591	1	591	A	C	500	0.35	223	0.325112	277	0.370036	-0.00161775	0.0668827	0.0786171	-0.145512	0.0997636	0.134247	-0.00993744	0.980703	0.278405	0.555591
rs592	rs592	1	592	A	C	500	0.163	223	0.172646	277	0.155235	-0.0141029	0.087094	0.0134745	-0.0491657	0.131433	0.175492	-0.0172745	0.871364	0.779355	0.948992
rs593	rs593	1	593	A	C	500	0.114	223	0.116592	277	0.111913	-0.0196145	0.0996543	-0.198718	0.331048	0.14709	0.19997	-0.0216342	0.843964	0.0978254	0.249152
rs594	rs594	1	594	A	C	500	0.324	223	0.327354	277	0.3213	0.0264241	0.0691698	-0.131242	0.267217	0.108057	0.140699	-0.0116803	0.702448	0.0575365	0.153129
rs595	rs595	1	595	A	C	500	0.278	223	0.275785	277	0.279783	-0.0164563	0.0740297	-0.181304	0.288074	0.113153	0.149546	-0.0127975	0.824085	0.0540631	0.152578
rs596	rs596	1	596	A	C	500	0.385	223	0.365471	277	0.400722	-0.0833371	0.0680682	-0.0167494	-0.121118	0.101402	0.136709	-0.010275	0.220832	0.375644	0.319202
rs597	rs597	1	597	A	C	500	0.166	223	0.170404	277	0.162455	0.116847	0.0877415	0.218602	-0.175257	0.1355	0.177842	-0.0183633	0.182953	0.324395	0.253521
rs598	rs598	1	598	A	C	500	0.286	223	0.307175	277	0.268953	-0.0204806	0.0727089	0.0460834	-0.113503	0.11307	0.147654	-0.0127857	0.778189	0.442066	0.715247
rs599	rs599	1	599	A	C	500	0.406	223	0.392377	277	0.416968	0.14644	0.0665848	0.147417	-0.00168959	0.102516	0.134818	-0.0105088	0.0278567	0.990001	0.0890519
rs600	rs600	1	600	A	C	500	0.364	223	0.372197	277	0.357401	-0.0491578	0.0667736	-0.0618748	0.0229622	0.0999389	0.134262	-0.00998346	0.461617	0.864205	0.751556
rs601	rs601	1	601	A	C	500	0.2	223	0.213004	277	0.189531	-0.022001	0.0827754	0.0916607	-0.180156	0.136126	0.171289	-0.0185107	0.7904	0.292906	0.555198
rs602	rs602	1	602	A	C	500	0.363	223	0.365471	277	0.361011	-0.0874759	0.0671687	-0.112777	0.0452868	0.101145	0.135357	-0.0102359	0.192803	0.737947	0.404945
rs603	rs603	1	603	A	C	500	0.327	223	0.369955	277	0.292419	-0.0100944	0.070121	0.114428	-0.203074	0.11278	0.144052	-0.0127242	0.885534	0.15862	0.3664
rs604	rs604	1	604	A	C	500	0.107	223	0.107623	277	0.106498	-0.000513726	0.104817	-0.165121	0.289687	0.159461	0.211486	-0.0254145	0.996089	0.170759	0.391353
rs605	rs605	1	605	A	C	500	0.224	223	0.230942	277	0.218412	0.0657985	0.0786832	0.104057	-0.0763171	0.111454	0.157461	-0.0124294	0.403017	0.627908	0.626813
rs606	rs606	1	606	A	C	500	0.22	223	0.217489	277	0.222022	-0.0124132	0.0799526	0.0851434	-0.173066	0.121064	0.16127	-0.0146606	0.876619	0.283205	0.555507
rs607	rs607	1	607	A	C	500	0.343	223	0.343049	277	0.34296	0.0784012	0.0734317	0.110288	-0.0543282	0.114353	0.149356	-0.0130926	0.285667	0.716045	0.529341
rs608	rs608	1	608	A	C	500	0.133	223	0.132287	277	0.133574	-0.0349774	0.0970841	-0.208858	0.34878	0.137158	0.194342	-0.0188292	0.718639	0.072706	0.187247
rs609	rs609	1	609	A	C	500	0.21	223	0.204036	277	0.214801	-0.0443404	0.0837348	-0.0823258	0.0638372	0.131558	0.170526	-0.017303	0.596435	0.70814	0.810362
rs610	rs610	1	610	A	C	500	0.159	223	0.161435	277	0.15704	0.00891171	0.0901734	0.00920809	-0.000518598	0.137865	0.182475	-0.0190295	0.921274	0.997732	0.995124
rs611	rs611	1	611	A	C	500	0.181	223	0.159193	277	0.198556	-0.0272852	0.0854559	-0.0798523	0.0979739	0.125503	0.17131	-0.0157459	0.749507	0.567382	0.806934
rs612	rs612	1	612	A	C	500	0.124	223	0.109865	277	0.135379	0.000356661	0.102852	0.0938312	-0.15218	0.165623	0.211347	-0.0274365	0.997233	0.471495	0.771637
rs613	rs613	1	613	A	C	500	0.191	223	0.186099	277	0.194946	0.0890664	0.0835919	0.127585	-0.0708872	0.123671	0.167731	-0.0152873	0.286654	0.672569	0.518435
rs614	rs614	1	614	A	C	500	0.171	223	0.190583	277	0.155235	-0.0522539	0.0861979	-0.164093	0.17335	0.144637	0.180026	-0.0209092	0.544376	0.335589	0.523431
rs615	rs615	1	615	A	C	500	0.331	223	0.316143	277	0.34296	-0.000984834	0.0687281	-0.0532085	0.0911606	0.105164	0.138945	-0.0110597	0.988567	0.511765	0.806275
rs616	rs616	1	616	A	C	500	0.141	223	0.165919	277	0.120939	0.0539221	0.0915442	0.00690538	0.0841357	0.137823	0.184368	-0.0189952	0.555843	0.648142	0.757598
rs617	rs617	1	617	A	C	500	0.302	223	0.300448	277	0.303249	0.0093614	0.0702242	0.00826533	0.00218772	0.0994176	0.140464	-0.00988491	0.89395	0.987573	0.991034
rs618	rs618	1	618	A	C	500	0.167	223	0.190583	277	0.148014	0.0801986	0.0875745	-0.00751587	0.17193	0.125117	0.175154	-0.0156517	0.359785	0.3263	0.406129
rs619	rs619	1	619	A	C	500	0.203	223	0.204036	277	0.202166	0.0304764	0.0853652	0.0143278	0.0295465	0.126789	0.171523	-0.0160795	0.721083	0.863233	0.924442
rs620	rs620	1	620	A	C	500	0.238	223	0.255605	277	0.223827	0.0737426	0.0781949	0.12296	-0.0877229	0.118018	0.157553	-0.0139269	0.345649	0.577676	0.548984
rs621	rs621	1	621	A	C	500	0.262	223	0.286996	277	0.241877	-0.053414	0.0755609	-0.0520812	-0.00234416	0.11504	0.152568	-0.0132345	0.479628	0.987741	0.778822
rs622	rs622	1	622	A	C	500	0.272	223	0.304933	277	0.245487	-0.0489951	0.0759952	-0.0433941	-0.0103067	0.112462	0.152549	-0.0126463	0.519113	0.946133	0.810495
rs623	rs623	1	623	A	C	500	0.211	223	0.213004	277	0.209386	0.0182091	0.0790157	0.0714794	-0.0972604	0.117468	0.1587	-0.0137944	0.817743	0.539971	0.807066
rs624	rs624	1	624	A	C	500	0.243	223	0.219731	277	0.261733	-0.0540285	0.0774129	-0.0426937	-0.0209748	0.11415	0.155235	-0.0130225	0.485223	0.892519	0.776717
rs625	rs625	1	625	A	C	500	0.337	223	0.35426	277	0.323105	-0.0790744	0.0716853	0.0292719	-0.217025	0.101294	0.143352	-0.0102591	0.269993	0.130042	0.173013
rs626	rs626	1	626	A	C	500	0.317	223	0.345291	277	0.294224	-0.0809979	0.071004	0.0267879	-0.197683	0.105284	0.142574	-0.0110835	0.253974	0.165587	0.199512
rs627	rs627	1	627	A	C	500	0.118	223	0.11435	277	0.120939	-0.219168	0.102498	-0.121036	-0.179501	0.152362	0.206204	-0.0232457	0.0324944	0.384028	0.0695997
rs628	rs628	1	628	A	C	500	0.133	223	0.123318	277	0.140794	-0.113829	0.0958827	-0.0818899	-0.0578977	0.143213	0.192837	-0.0205137	0.23516	0.763993	0.47248
rs629	rs629	1	629	A	C	500	0.343	223	0.347534	277	0.33935	0.121014	0.0691828	0.154062	-0.0693784	0.0955899	0.13848	-0.00913463	0.0802568	0.616373	0.191026
rs630	rs630	1	630	A	C	500	0.383	223	0.401345	277	0.368231	0.0109528	0.0701344	-0.041922	0.103461	0.100301	0.140304	-0.0100603	0.8759	0.460874	0.752707
rs631	rs631	1	631	A	C	500	0.24	223	0.235426	277	0.243682	-0.0187226	0.079142	0.0719298	-0.157285	0.1216	0.16018	-0.014788	0.81299	0.326137	0.600453
rs632	rs632	1	632	A	C	500	0.222	223	0.215247	277	0.227437	-0.00673875	0.0778004	0.0955341	-0.186439	0.115796	0.156347	-0.0134092	0.930977	0.233077	0.489318
rs633	rs633	1	633	A	C	500	0.15	223	0.134529	277	0.162455	0.0309207	0.091772	-0.030633	0.105141	0.142476	0.186156	-0.0202879	0.73617	0.57221	0.805525
rs634	rs634	1	634	A	C	500	0.259	223	0.275785	277	0.245487	-0.135323	0.0748815	-0.114322	-0.0355657	0.116989	0.152222	-0.0136824	0.0707376	0.815261	0.1901
rs635	rs635	1	635	A	C	500	0.121	223	0.107623	277	0.131769	0.158188	0.103877	0.19605	-0.0674713	0.156759	0.209211	-0.0245617	0.127799	0.747071	0.297743
rs636	rs636	1	636	A	C	500	0.379	223	0.374439	277	0.382671	0.0749666	0.0677861	-0.0389055	0.182155	0.110754	0.140107	-0.0122715	0.268757	0.193564	0.233009
rs637	rs637	1	637	A	C	500	0.24	223	0.26009	277	0.223827	0.0470108	0.0763863	0.0219908	0.0467159	0.112084	0.15315	-0.0125619	0.538268	0.76034	0.789857
rs638	rs638	1	638	A	C	500	0.138	223	0.127803	277	0.146209	0.0710432	0.097372	0.165469	-0.160199	0.151917	0.197834	-0.0230691	0.465631	0.418074	0.552101
rs639	rs639	1	639	A	C	500	0.097	223	0.109865	277	0.0866426	0.0522475	0.111974	0.0944529	-0.077997	0.165332	0.224796	-0.0273445	0.640784	0.728616	0.844465
rs640	rs640	1	640	A	C	500	0.27	223	0.255605	277	0.281588	0.028174	0.0749857	0.0255206	0.00466748	0.114167	0.151432	-0.0130365	0.707121	0.975411	0.931406
rs641	rs641	1	641	A	C	500	0.109	223	0.125561	277	0.0956679	-0.0917936	0.104196	0.0570602	-0.267113	0.156625	0.209842	-0.0245386	0.378335	0.203045	0.30173
rs642	rs642	1	642	A	C	500	0.304	223	0.309417	277	0.299639	0.110869	0.0712741	0.0784392	0.0579736	0.107353	0.143513	-0.0115211	0.11982	0.686241	0.274879
rs643	rs643	1	643	A	C	500	0.321	223	0.313901	277	0.326715	-0.00196859	0.0689272	-0.0894729	0.150506	0.106562	0.13978	-0.0113597	0.977215	0.281599	0.55985
rs644	rs644	1	644	A	C	500	0.337	223	0.334081	277	0.33935	0.0100732	0.0662845	0.000778133	0.0168698	0.0989007	0.133217	-0.00977827	0.879211	0.89923	0.980625
rs645	rs645	1	645	A	C	500	0.122	223	0.118834	277	0.124549	0.0692191	0.0976453	0.0339436	0.0586933	0.154593	0.199416	-0.0239004	0.478397	0.768509	0.74485
rs646	rs646	1	646	A	C	500	0.169	223	0.172646	277	0.166065	-0.0847411	0.0872208	-0.0274706	-0.101598	0.132045	0.175872	-0.0174356	0.331265	0.563479	0.527909
rs647	rs647	1	647	A	C	500	0.28	223	0.295964	277	0.267148	0.0685364	0.0745637	0.0560041	0.0210457	0.117252	0.15196	-0.0137508	0.358009	0.889849	0.649194
rs648	rs648	1	648	A	C	500	0.416	223	0.40583	277	0.424188	-0.0081033	0.0654709	-0.11637	0.192106	0.0990974	0.131996	-0.00981912	0.901498	0.145559	0.344125
rs649	rs649	1	649	A	C	500	0.219	223	0.23991	277	0.202166	0.00868491	0.080558	0.122954	-0.192901	0.126186	0.163959	-0.0159246	0.914147	0.239388	0.497626
rs650	rs650	1	650	A	C	500	0.098	223	0.100897	277	0.0956679	-0.0363294	0.114569	0.0815986	-0.225248	0.165981	0.229394	-0.02755	0.751169	0.326137	0.587216
rs651	rs651	1	651	A	C	500	0.303	223	0.309417	277	0.297834	-0.0129653	0.0698975	-0.0133895	0.000718518	0.109156	0.142003	-0.0119058	0.852845	0.995963	0.982931
rs652	rs652	1	652	A	C	500	0.249	223	0.217489	277	0.274368	0.0827005	0.0785923	0.114524	-0.0549466	0.121154	0.1592	-0.0146788	0.292675	0.729987	0.541615
rs653	rs653	1	653	A	C	500	0.387	223	0.358744	277	0.409747	-0.0294459	0.0682185	0.031855	-0.107908	0.103795	0.137703	-0.0107722	0.666002	0.433261	0.670193
rs654	rs654	1	654	A	C	500	0.299	223	0.300448	277	0.297834	-0.072639	0.0711488	-0.081315	0.0148003	0.110591	0.14443	-0.0122282	0.30728	0.91838	0.590719
rs655	rs655	1	655	A	C	500	0.321	223	0.347534	277	0.299639	-0.00745744	0.0726059	-0.216366	0.396323	0.105522	0.145265	-0.0111231	0.918192	0.00636647	0.0240639
rs656	rs656	1	656	A	C	500	0.306	223	0.278027	277	0.32852	0.0347819	0.0740314	0.0111442	0.0446733	0.107908	0.148372	-0.0116483	0.638479	0.763346	0.855819
rs657	rs657	1	657	A	C	500	0.357	223	0.356502	277	0.357401	-0.00923432	0.0674649	-0.0175264	0.0156841	0.098316	0.135269	-0.00967388	0.891129	0.907694	0.984039
rs658	rs658	1	658	A	C	500	0.298	223	0.289238	277	0.305054	0.0176546	0.0739637	-0.0981861	0.208231	0.111007	0.148796	-0.0123168	0.811344	0.161681	0.365056
rs659	rs659	1	659	A	C	500	0.396	223	0.38565	277	0.404332	0.0476884	0.0667508	0.0423516	0.00957186	0.100316	0.134308	-0.0100575	0.474965	0.943184	0.772795
rs660	rs660	1	660	A	C	500	0.225	223	0.237668	277	0.214801	-0.093389	0.0788792	-0.200826	0.188424	0.120294	0.159286	-0.0144669	0.236433	0.236839	0.246468
rs661	rs661	1	661	A	C	500	0.362	223	0.338565	277	0.380866	-0.0183605	0.0724102	-0.0856112	0.118581	0.109992	0.14599	-0.0120874	0.799834	0.416648	0.696267
rs662	rs662	1	662	A	C	500	0.371	223	0.327354	277	0.406137	-0.0379526	0.0670516	-0.0317481	-0.0105427	0.104482	0.136156	-0.0109099	0.57138	0.93828	0.849432
rs663	rs663	1	663	A	C	500	0.257	223	0.275785	277	0.241877	0.0427567	0.0730065	0.0520361	-0.0158263	0.113521	0.148265	-0.0128888	0.558107	0.914992	0.837618
rs664	rs664	1	664	A	C	500	0.122	223	0.136771	277	0.110108	0.0743567	0.0998138	-0.0620506	0.225899	0.158591	0.204094	-0.0251527	0.4563	0.268364	0.410646
rs665	rs665	1	665	A	C	500	0.167	223	0.188341	277	0.149819	0.0694524	0.0916808	0.108406	-0.0742294	0.132992	0.183587	-0.0176869	0.448723	0.685971	0.691648
rs666	rs666	1	666	A	C	500	0.267	223	0.266816	277	0.267148	0.0759586	0.0731137	0.00243099	0.124849	0.114042	0.14861	-0.0130065	0.298846	0.400844	0.409604
rs667	rs667	1	667	A	C	500	0.287	223	0.295964	277	0.279783	-0.0904194	0.0722091	-0.175371	0.148449	0.110366	0.145853	-0.0121738	0.210501	0.308774	0.272002
rs668	rs668	1	668	A	C	500	0.27	223	0.286996	277	0.256318	-0.0960245	0.0739337	-0.190214	0.181782	0.106513	0.147977	-0.0113459	0.194015	0.219279	0.202306
rs669	rs669	1	669	A	C	500	0.24	223	0.244395	277	0.236462	0.11135	0.0770962	0.122067	-0.0178655	0.121819	0.157246	-0.0148313	0.148653	0.909543	0.350125
rs670	rs670	1	670	A	C	500	0.321	223	0.329596	277	0.314079	0.0240246	0.0724764	-0.0395298	0.110608	0.111129	0.146614	-0.0123512	0.740281	0.450598	0.712116
rs671	rs671	1	671	A	C	500	0.151	223	0.150224	277	0.151625	0.0303284	0.0912794	0.0678148	-0.0682065	0.13605	0.183558	-0.0185181	0.739694	0.710206	0.883174
rs672	rs672	1	672	A	C	500	0.285	223	0.304933	277	0.268953	0.0158888	0.0749948	0.0603771	-0.0771011	0.115331	0.151849	-0.0133048	0.832212	0.61163	0.859549
rs673	rs673	1	673	A	C	500	0.17	223	0.168161	277	0.17148	-0.0487961	0.0865227	-0.101481	0.0953522	0.129363	0.174053	-0.0167386	0.572775	0.583805	0.734113
rs674	rs674	1	674	A	C	500	0.253	223	0.266816	277	0.241877	0.0204683	0.0751987	-0.0307897	0.0845574	0.119816	0.153877	-0.0143535	0.785477	0.582653	0.828593
rs675	rs675	1	675	A	C	500	0.182	223	0.168161	277	0.193141	0.164988	0.0850214	0.179697	-0.0272981	0.125229	0.170636	-0.0156888	0.0523134	0.872898	0.15022
rs676	rs676	1	676	A	C	500	0.266	223	0.264574	277	0.267148	0.0361501	0.0742846	-0.0920304	0.245314	0.107507	0.14873	-0.0115584	0.626512	0.0990682	0.227945
rs677	rs677	1	677	A	C	500	0.272	223	0.289238	277	0.258123	-0.0460999	0.0727874	-0.153043	0.190519	0.109902	0.146695	-0.0120794	0.526505	0.194033	0.352068
rs678	rs678	1	678	A	C	500	0.281	223	0.282511	277	0.279783	0.0652507	0.0735571	0.0279438	0.0686931	0.108851	0.147738	-0.0118539	0.375038	0.641956	0.605593
rs679	rs679	1	679	A	C	500	0.263	223	0.273543	277	0.254513	0.0532332	0.0750138	0.00743872	0.0866743	0.109237	0.150293	-0.0119344	0.477924	0.56414	0.658302
rs680	rs680	1	680	A	C	500	0.169	223	0.183857	277	0.15704	-0.0665523	0.0876504	0.0114517	-0.152226	0.125514	0.175324	-0.015751	0.447677	0.385253	0.514171
rs681	rs681	1	681	A	C	500	0.132	223	0.136771	277	0.128159	0.0731005	0.100002	0.195769	-0.241478	0.142597	0.200109	-0.0203419	0.464786	0.227537	0.369624
rs682	rs682	1	682	A	C	500	0.265	223	0.233184	277	0.290614	-0.0921102	0.0748556	-0.143261	0.111958	0.101571	0.150269	-0.0103166	0.218508	0.45624	0.35536
rs683	rs683	1	683	A	C	500	0.399	223	0.430493	277	0.373646	-0.0450351	0.0694595	-0.0518203	0.012477	0.102887	0.139572	-0.0105938	0.51675	0.928768	0.8072
rs684	rs684	1	684	A	C	500	0.345	223	0.340807	277	0.348375	-0.0810814	0.071823	0.0187199	-0.193216	0.103293	0.143719	-0.010669	0.258937	0.17882	0.214184
rs685	rs685	1	685	A	C	500	0.286	223	0.264574	277	0.303249	-0.0290862	0.0726291	-0.0968321	0.112202	0.115353	0.148426	-0.0133016	0.688806	0.449683	0.693561
rs686	rs686	1	686	A	C	500	0.126	223	0.134529	277	0.119134	0.00664628	0.100115	-0.00907706	0.0272013	0.154088	0.20264	-0.0237358	0.94707	0.893217	0.98885
rs687	rs687	1	687	A	C	500	0.232	223	0.255605	277	0.212996	0.0440412	0.0785197	-0.0960099	0.237132	0.122726	0.159701	-0.0150629	0.57487	0.137583	0.283741
rs688	rs688	1	688	A	C	500	0.235	223	0.235426	277	0.234657	-0.116662	0.0773831	-0.105746	-0.019505	0.11656	0.155758	-0.0135769	0.131659	0.900344	0.318461
rs689	rs689	1	689	A	C	500	0.392	223	0.392377	277	0.391697	0.0378624	0.0692641	0.0530186	-0.0288288	0.100555	0.138656	-0.0101074	0.584627	0.835294	0.842803
rs690	rs690	1	690	A	C	500	0.218	223	0.201794	277	0.231047	-0.0423676	0.0760526	-0.0111978	-0.0611076	0.108614	0.152023	-0.0117884	0.577471	0.687711	0.789814
rs691	rs691	1	691	A	C	500	0.399	223	0.399103	277	0.398917	-0.0313643	0.0695557	-0.0482966	0.0290087	0.107828	0.14116	-0.0116308	0.652044	0.837179	0.884457
rs692	rs692	1	692	A	C	500	0.218	223	0.213004	277	0.222022	0.0427212	0.0797782	-0.060591	0.190964	0.117674	0.159892	-0.013831	0.592305	0.232348	0.424606
rs693	rs693	1	693	A	C	500	0.3	223	0.286996	277	0.310469	-0.109136	0.072728	-0.112709	0.00703021	0.10372	0.14551	-0.0107604	0.133458	0.961466	0.323981
rs694	rs694	1	694	A	C	500	0.35	223	0.32287	277	0.371841	0.0610578	0.0687202	0.0495933	0.0192728	0.107967	0.139988	-0.0116571	0.374273	0.890497	0.667516
rs695	rs695	1	695	A	C	500	0.262	223	0.269058	277	0.256318	-0.00299153	0.0798872	-0.0598361	0.102009	0.120056	0.160822	-0.0144125	0.970129	0.525885	0.817202
rs696	rs696	1	696	A	C	500	0.359	223	0.327354	277	0.384477	0.0134456	0.0679528	-0.0567283	0.115624	0.108381	0.139119	-0.0117462	0.843149	0.405906	0.694227
rs697	rs697	1	697	A	C	500	0.31	223	0.338565	277	0.287004	0.00926282	0.0691214	0.0174543	-0.016216	0.0982676	0.138273	-0.00965809	0.893396	0.906642	0.984269
rs698	rs698	1	698	A	C	500	0.332	223	0.327354	277	0.33574	-0.0454404	0.0673897	-0.129933	0.151355	0.101397	0.135718	-0.0102824	0.500125	0.264758	0.427762
rs699	rs699	1	699	A	C	500	0.265	223	0.257848	277	0.270758	0.0334402	0.0746261	0.161114	-0.21649	0.116503	0.151701	-0.0135719	0.654079	0.153556	0.32671
rs700	rs700	1	700	A	C	500	0.248	223	0.244395	277	0.250903	-0.0220572	0.0785725	-0.0468911	0.0451871	0.117064	0.157897	-0.0137018	0.778922	0.774739	0.922791
rs701	rs701	1	701	A	C	500	0.24	223	0.242152	277	0.238267	0.00170656	0.0779211	0.054094	-0.0928298	0.118025	0.157081	-0.0139247	0.982527	0.554541	0.839573
rs702	rs702	1	702	A	C	500	0.295	223	0.295964	277	0.294224	-0.00409963	0.0738105	0.11866	-0.21705	0.111981	0.148894	-0.0125387	0.955706	0.144912	0.345056
rs703	rs703	1	703	A	C	500	0.11	223	0.103139	277	0.115523	-0.0975086	0.10643	0.0414082	-0.284034	0.148923	0.212984	-0.0221859	0.359575	0.182337	0.27011
rs704	rs704	1	704	A	C	500	0.232	223	0.253363	277	0.214801	0.0282761	0.0791695	0.0240161	0.0070411	0.125975	0.161959	-0.0158702	0.720973	0.965323	0.937324
rs705	rs705	1	705	A	C	500	0.127	223	0.132287	277	0.122744	-0.124669	0.0980186	-0.220889	0.183845	0.141963	0.196211	-0.0201495	0.203413	0.348772	0.287133
rs706	rs706	1	706	A	C	500	0.193	223	0.197309	277	0.189531	-0.00891788	0.0833052	-0.00372607	-0.00929807	0.125367	0.167783	-0.015719	0.914749	0.955806	0.992761
rs707	rs707	1	707	A	C	500	0.104	223	0.100897	277	0.106498	0.0103417	0.105884	0.127725	-0.226963	0.152398	0.211928	-0.0232288	0.922194	0.284195	0.560891
rs708	rs708	1	708	A	C	500	0.113	223	0.107623	277	0.117329	-0.204736	0.100513	-0.255115	0.0916643	0.149727	0.201915	-0.0224074	0.0416593	0.649847	0.11332
rs709	rs709	1	709	A	C	500	0.347	223	0.35426	277	0.341155	0.0716368	0.0727669	0.005755	0.126653	0.105048	0.145651	-0.0110351	0.324884	0.384537	0.422036
rs710	rs710	1	710	A	C	500	0.239	223	0.266816	277	0.216606	0.133286	0.0738192	0.197357	-0.117075	0.109693	0.148258	-0.0120292	0.0709861	0.429719	0.143442
rs711	rs711	1	711	A	C	500	0.41	223	0.410314	277	0.409747	0.0800103	0.0658184	-0.0285281	0.194722	0.0989498	0.132553	-0.00979369	0.224129	0.141829	0.162371
rs712	rs712	1	712	A	C	500	0.314	223	0.293722	277	0.330325	-0.10139	0.0704367	-0.0423455	-0.111426	0.102737	0.141142	-0.0105561	0.150023	0.42984	0.259854
rs713	rs713	1	713	A	C	500	0.386	223	0.381166	277	0.389892	-0.0177798	0.0692479	0.0453734	-0.116271	0.102448	0.139005	-0.010495	0.797367	0.4029	0.681956
rs714	rs714	1	714	A	C	500	0.099	223	0.109865	277	0.0902527	0.0548571	0.113872	0.124415	-0.119522	0.176077	0.230765	-0.0309915	0.629988	0.604503	0.77867
rs715	rs715	1	715	A	C	500	0.184	223	0.170404	277	0.194946	0.00796311	0.0871308	0.0153718	-0.0121981	0.139041	0.1784	-0.0193304	0.927181	0.945487	0.993507
rs716	rs716	1	716	A	C	500	0.127	223	0.123318	277	0.129964	0.0901419	0.0984292	-0.0288013	0.223832	0.143783	0.197236	-0.0206723	0.35977	0.25644	0.34532
rs717	rs717	1	717	A	C	500	0.229	223	0.237668	277	0.222022	0.0195727	0.0787928	0.0793665	-0.102401	0.122116	0.159775	-0.0149063	0.803819	0.521584	0.789596
rs718	rs718	1	718	A	C	500	0.209	223	0.199552	277	0.216606	-0.0856738	0.0832398	-0.200288	0.195916	0.12918	0.168859	-0.0166807	0.303366	0.245952	0.300369
rs719	rs719	1	719	A	C	500	0.292	223	0.284753	277	0.297834	0.125918	0.0712776	-0.0049479	0.2441	0.104654	0.142934	-0.0109528	0.0772982	0.0876756	0.0488658
rs720	rs720	1	720	A	C	500	0.207	223	0.215247	277	0.200361	0.111394	0.0832744	0.118051	-0.0109181	0.133306	0.170706	-0.0177698	0.181005	0.949003	0.407904
rs721	rs721	1	721	A	C	500	0.377	223	0.360987	277	0.389892	0.0169525	0.0651214	-0.149999	0.2905	0.0998533	0.131713	-0.00997016	0.794616	0.0274153	0.0849139
rs722	rs722	1	722	A	C	500	0.293	223	0.284753	277	0.299639	0.0214984	0.0730247	0.13525	-0.20387	0.109785	0.146923	-0.0120443	0.768453	0.165258	0.365658
rs723	rs723	1	723	A	C	500	0.134	223	0.127803	277	0.138989	0.0764591	0.0943392	0.152036	-0.138384	0.14003	0.189481	-0.0196079	0.41767	0.465187	0.551494
rs724	rs724	1	724	A	C	500	0.331	223	0.318386	277	0.341155	0.0308572	0.0714591	0.0302064	0.00121299	0.104844	0.14299	-0.0109701	0.665875	0.993232	0.910949
rs725	rs725	1	725	A	C	500	0.307	223	0.338565	277	0.281588	0.0135032	0.0701022	0.00194839	0.0205384	0.106005	0.141336	-0.0112384	0.847256	0.884462	0.97131
rs726	rs726	1	726	A	C	500	0.089	223	0.0896861	277	0.0884477	-0.16942	0.118802	-0.183634	0.0265804	0.174175	0.238189	-0.0303381	0.153847	0.911145	0.35949
rs727	rs727	1	727	A	C	500	0.132	223	0.125561	277	0.137184	0.0251655	0.0944709	0.11993	-0.152042	0.153932	0.194991	-0.0236979	0.789944	0.435544	0.712142
rs728	rs728	1	728	A	C	500	0.158	223	0.161435	277	0.155235	0.142882	0.0924054	0.168124	-0.0425647	0.14486	0.188125	-0.0209872	0.122043	0.821001	0.294921
rs729	rs729	1	729	A	C	500	0.152	223	0.152466	277	0.151625	-0.048283	0.0927772	-0.0244759	-0.045454	0.134418	0.185705	-0.0180627	0.602772	0.806639	0.847578
rs730	rs730	1	730	A	C	500	0.108	223	0.107623	277	0.108303	-0.180892	0.104289	-0.103056	-0.140152	0.156403	0.209874	-0.0244622	0.0828257	0.504266	0.177772
rs731	rs731	1	731	A	C	500	0.377	223	0.363229	277	0.388087	-0.0407266	0.0678334	-0.0689765	0.0504804	0.102229	0.136666	-0.0104524	0.548246	0.711851	0.780007
rs732	rs732	1	732	A	C	500	0.138	223	0.134529	277	0.140794	-0.0928088	0.0952627	-0.0500658	-0.0866443	0.133806	0.190473	-0.0178975	0.329937	0.649188	0.561
rs733	rs733	1	733	A	C	500	0.308	223	0.320628	277	0.297834	-0.0217256	0.0719971	0.0873096	-0.195669	0.108206	0.144958	-0.0117093	0.762838	0.177071	0.384216
rs734	rs734	1	734	A	C	500	0.179	223	0.150224	277	0.202166	-0.0732071	0.0846338	-0.0474008	-0.0463464	0.127114	0.170331	-0.0161546	0.387047	0.785548	0.662908
rs735	rs735	1	735	A	C	500	0.21	223	0.201794	277	0.216606	-0.00270047	0.0810976	0.0802525	-0.149967	0.12129	0.163053	-0.014706	0.973436	0.357706	0.654738
rs736	rs736	1	736	A	C	500	0.356	223	0.378924	277	0.337545	0.0166611	0.0678443	0.0408792	-0.0463134	0.0982453	0.135888	-0.009656	0.806009	0.733239	0.915547
rs737	rs737	1	737	A	C	500	0.217	223	0.217489	277	0.216606	0.0442098	0.0804239	-0.0335476	0.135689	0.123089	0.162606	-0.0151519	0.582519	0.404019	0.606982
rs738	rs738	1	738	A	C	500	0.146	223	0.141256	277	0.149819	-0.086803	0.0969492	-0.0793454	-0.0133463	0.145904	0.195132	-0.0212763	0.370603	0.94547	0.668205
rs739	rs739	1	739	A	C	500	0.331	223	0.316143	277	0.34296	-0.0155453	0.0690765	-0.0104252	-0.00849701	0.109573	0.141154	-0.0120061	0.821944	0.951999	0.97323
rs740	rs740	1	740	A	C	500	0.32	223	0.334081	277	0.308664	-0.0739908	0.0702009	-0.00904515	-0.12049	0.103381	0.140797	-0.0106854	0.291889	0.392126	0.397876
rs741	rs741	1	741	A	C	500	0.266	223	0.286996	277	0.249097	-0.0155942	0.0764522	-0.0659051	0.089251	0.115789	0.154266	-0.013415	0.838374	0.562892	0.828479
rs742	rs742	1	742	A	C	500	0.179	223	0.163677	277	0.191336	-0.0099091	0.0867783	-0.170362	0.271293	0.135847	0.176718	-0.0184702	0.909088	0.124741	0.305777
rs743	rs743	1	743	A	C	500	0.274	223	0.257848	277	0.287004	-0.049453	0.0723806	-0.0780585	0.0543971	0.105118	0.14496	-0.0110502	0.494458	0.70747	0.737999
rs744	rs744	1	744	A	C	500	0.392	223	0.396861	277	0.388087	0.0322958	0.0659168	-0.138885	0.314803	0.097586	0.132332	-0.00952236	0.624171	0.0173647	0.0523611
rs745	rs745	1	745	A	C	500	0.337	223	0.331839	277	0.341155	0.0805951	0.0689146	0.0135326	0.121394	0.103061	0.138714	-0.0106297	0.242206	0.381497	0.344111
rs746	rs746	1	746	A	C	500	0.219	223	0.210762	277	0.225632	-0.131643	0.0784505	-0.149337	0.0324847	0.116258	0.157514	-0.0135145	0.0933396	0.836609	0.239507
rs747	rs747	1	747	A	C	500	0.302	223	0.32287	277	0.285199	0.0329261	0.0705465	-0.0124996	0.0825186	0.105229	0.141834	-0.0110742	0.640694	0.560705	0.757175
rs748	rs748	1	748	A	C	500	0.223	223	0.233184	277	0.214801	0.0281259	0.0772819	-0.0693484	0.184856	0.112428	0.154856	-0.0126447	0.715903	0.232582	0.458991
rs749	rs749	1	749	A	C	500	0.191	223	0.213004	277	0.173285	0.0243558	0.0826679	0.0412248	-0.0309273	0.122615	0.166025	-0.0150347	0.768282	0.852224	0.941057
rs750	rs750	1	750	A	C	500	0.33	223	0.307175	277	0.348375	0.0316077	0.0711243	-0.060346	0.173518	0.10374	0.142509	-0.0107624	0.656753	0.223378	0.431704
rs751	rs751	1	751	A	C	500	0.176	223	0.163677	277	0.185921	0.0119191	0.0908272	0.0694146	-0.11664	0.127544	0.181655	-0.0162659	0.895594	0.520808	0.806738
rs752	rs752	1	752	A	C	500	0.18	223	0.172646	277	0.185921	0.0201832	0.0857038	-0.0899707	0.200683	0.12758	0.172177	-0.016272	0.813821	0.243792	0.493124
rs753	rs753	1	753	A	C	500	0.232	223	0.217489	277	0.243682	0.0724814	0.0764988	-0.00828233	0.146363	0.11427	0.153833	-0.0130583	0.343392	0.341382	0.405968
rs754	rs754	1	754	A	C	500	0.16	223	0.181614	277	0.142599	-0.0360223	0.0891817	-0.0422032	0.0108622	0.135852	0.180096	-0.0184564	0.686272	0.951906	0.919988
rs755	rs755	1	755	A	C	500	0.33	223	0.311659	277	0.344765	0.0457363	0.0697529	0.0705274	-0.044609	0.104662	0.140406	-0.0109558	0.512023	0.750701	0.766871
rs756	rs756	1	756	A	C	500	0.202	223	0.168161	277	0.229242	0.127952	0.0815577	0.272331	-0.254437	0.124028	0.164671	-0.0153871	0.116682	0.122316	0.088535
rs757	rs757	1	757	A	C	500	0.166	223	0.163677	277	0.16787	-0.181451	0.0911209	-0.114022	-0.121142	0.136846	0.183427	-0.0187272	0.0464457	0.508972	0.110718
rs758	rs758	1	758	A	C	500	0.377	223	0.365471	277	0.386282	0.153986	0.0685338	0.0590982	0.176191	0.100865	0.137417	-0.0101697	0.0246491	0.199786	0.0352195
rs759	rs759	1	759	A	C	500	0.319	223	0.316143	277	0.3213	0.0721857	0.0711697	0.127169	-0.0952906	0.109396	0.143985	-0.0119624	0.310451	0.508095	0.480287
rs760	rs760	1	760	A	C	500	0.334	223	0.320628	277	0.344765	-0.016794	0.069872	-0.0339554	0.0305353	0.105595	0.140872	-0.0111531	0.810056	0.828396	0.948971
rs761	rs761	1	761	A	C	500	0.204	223	0.195067	277	0.211191	-0.00664289	0.087193	-0.153442	0.239658	0.140055	0.178933	-0.0196116	0.939271	0.180449	0.406625
rs762	rs762	1	762	A	C	500	0.244	223	0.248879	277	0.240072	-0.115695	0.0803371	-0.167229	0.0963674	0.117785	0.161072	-0.013874	0.149834	0.549649	0.29643
rs763	rs763	1	763	A	C	500	0.306	223	0.284753	277	0.323105	0.0350585	0.0732039	0.0104407	0.0433777	0.11131	0.14775	-0.012389	0.631999	0.769072	0.85404
rs764	rs764	1	764	A	C	500	0.247	223	0.237668	277	0.254513	0.0909487	0.0757935	0.129035	-0.065804	0.11682	0.15359	-0.0136534	0.230158	0.668332	0.444092
rs765	rs765	1	765	A	C	500	0.191	223	0.197309	277	0.185921	-0.0480127	0.0821331	-0.078346	0.0547515	0.122996	0.165254	-0.0151296	0.558836	0.740405	0.797919
rs766	rs766	1	766	A	C	500	0.229	223	0.2287	277	0.229242	0.0209546	0.0808943	-0.0853688	0.185966	0.123613	0.16348	-0.0152801	0.795607	0.255312	0.506338
rs767	rs767	1	767	A	C	500	0.161	223	0.168161	277	0.155235	0.104418	0.0900182	0.00757367	0.178643	0.133064	0.180764	-0.0177138	0.246063	0.323022	0.313143
rs768	rs768	1	768	A	C	500	0.304	223	0.286996	277	0.31769	-0.0656312	0.0721606	-0.0500875	-0.0277353	0.108811	0.14532	-0.0118351	0.363078	0.848638	0.649325
rs769	rs769	1	769	A	C	500	0.238	223	0.2287	277	0.245487	0.10633	0.0772296	0.0584824	0.0955004	0.109332	0.154465	-0.0119539	0.168574	0.536399	0.320166
rs770	rs770	1	770	A	C	500	0.281	223	0.298206	277	0.267148	0.0567503	0.0722754	0.0460987	0.01829	0.111826	0.146522	-0.0125029	0.432339	0.90066	0.729018
rs771	rs771	1	771	A	C	500	0.361	223	0.40583	277	0.32491	-0.0943347	0.0676466	-0.151385	0.0949045	0.1071	0.138125	-0.0114689	0.16316	0.492027	0.298677
rs772	rs772	1	772	A	C	500	0.34	223	0.318386	277	0.357401	-0.0104904	0.0698413	-0.0414822	0.0516316	0.110453	0.142556	-0.0121984	0.880604	0.717214	0.926011
rs773	rs773	1	773	A	C	500	0.284	223	0.278027	277	0.288809	0.0456008	0.0730775	0.0495434	-0.00697201	0.110883	0.147476	-0.0122989	0.532624	0.962294	0.822169
rs774	rs774	1	774	A	C	500	0.111	223	0.107623	277	0.113718	-0.0462332	0.109637	-0.0352098	-0.0200702	0.163333	0.220428	-0.0266869	0.673247	0.927452	0.91114
rs775	rs775	1	775	A	C	500	0.106	223	0.103139	277	0.108303	0.213616	0.113527	0.25891	-0.0881588	0.162782	0.227067	-0.02649	0.0598848	0.697831	0.157922
rs776	rs776	1	776	A	C	500	0.108	223	0.112108	277	0.104693	0.11473	0.11047	0.200548	-0.161837	0.161142	0.221237	-0.0259547	0.299009	0.464467	0.446258
rs777	rs777	1	777	A	C	500	0.211	223	0.204036	277	0.216606	-0.111472	0.080103	-0.142591	0.0520565	0.126327	0.163407	-0.0159621	0.164042	0.750052	0.360946
rs778	rs778	1	778	A	C	500	0.29	223	0.280269	277	0.297834	0.00142418	0.0745045	0.170937	-0.285688	0.116862	0.151734	-0.0136609	0.984749	0.059725	0.169876
rs779	rs779	1	779	A	C	500	0.29	223	0.295964	277	0.285199	-0.047957	0.0750421	-0.0182552	-0.0517677	0.114937	0.151736	-0.01321	0.522779	0.732977	0.769202
rs780	rs780	1	780	A	C	500	0.238	223	0.262332	277	0.218412	0.262685	0.0806976	0.23806	0.0454404	0.119285	0.162096	-0.0142393	0.0011332	0.779224	0.00480839
rs781	rs781	1	781	A	C	500	0.279	223	0.304933	277	0.258123	0.0248782	0.072642	0.0659111	-0.0809653	0.103413	0.145231	-0.0106894	0.731992	0.577191	0.807313
rs782	rs782	1	782	A	C	500	0.226	223	0.224215	277	0.227437	-0.0893007	0.0802597	-0.14703	0.106664	0.118455	0.16097	-0.0140237	0.26586	0.507565	0.432344
rs783	rs783	1	783	A	C	500	0.118	223	0.105381	277	0.128159	0.0107973	0.100301	-0.078446	0.178027	0.142034	0.200611	-0.0201745	0.914274	0.374852	0.67062
rs784	rs784	1	784	A	C	500	0.227	223	0.201794	277	0.247292	-0.0919107	0.0809462	-0.180257	0.146844	0.128268	0.165384	-0.0164558	0.256185	0.374597	0.353876
rs785	rs785	1	785	A	C	500	0.141	223	0.127803	277	0.151625	0.0175961	0.0926049	-0.0509114	0.124853	0.137858	0.186116	-0.0190067	0.849299	0.502326	0.784223
rs786	rs786	1	786	A	C	500	0.346	223	0.338565	277	0.351986	0.0761021	0.0687949	-0.0351335	0.208029	0.100819	0.137833	-0.0101584	0.268633	0.131226	0.17363
rs787	rs787	1	787	A	C	500	0.232	223	0.230942	277	0.232852	0.0262244	0.0758119	0.0365255	-0.0192216	0.111239	0.151898	-0.0123651	0.729407	0.899302	0.934415
rs788	rs788	1	788	A	C	500	0.338	223	0.360987	277	0.319495	-0.00325326	0.0700831	0.125907	-0.218458	0.109586	0.142493	-0.0120046	0.962976	0.125248	0.308418
rs789	rs789	1	789	A	C	500	0.38	223	0.374439	277	0.384477	-0.00754978	0.0653854	-0.0138899	0.0107727	0.101932	0.132869	-0.0103901	0.908076	0.93538	0.990096
rs790	rs790	1	790	A	C	500	0.157	223	0.159193	277	0.155235	-0.061973	0.0924859	-0.0800418	0.0374453	0.128596	0.185164	-0.0165441	0.502806	0.839738	0.782742
rs791	rs791	1	791	A	C	500	0.355	223	0.349776	277	0.359206	-0.0211889	0.0693882	0.0791529	-0.182381	0.103396	0.139328	-0.0106802	0.760086	0.190534	0.405204
rs792	rs792	1	792	A	C	500	0.245	223	0.246637	277	0.243682	0.0394682	0.0778004	0.0583066	-0.0342564	0.115956	0.156353	-0.0134435	0.611943	0.826574	0.858405
rs793	rs793	1	793	A	C	500	0.163	223	0.150224	277	0.173285	-0.0425809	0.089194	-0.155402	0.206143	0.132524	0.17909	-0.0175537	0.63308	0.24971	0.460052
rs794	rs794	1	794	A	C	500	0.315	223	0.304933	277	0.323105	-0.0580364	0.0701215	-0.050137	-0.0137385	0.107551	0.141829	-0.0115661	0.407865	0.922832	0.706665
rs795	rs795	1	795	A	C	500	0.294	223	0.302691	277	0.287004	-0.0251601	0.0709225	0.141438	-0.284613	0.110139	0.143958	-0.0121307	0.722774	0.0480347	0.133013
rs796	rs796	1	796	A	C	500	0.352	223	0.360987	277	0.344765	-0.074112	0.069042	0.063964	-0.249827	0.103252	0.138908	-0.0106644	0.283077	0.0720981	0.111534
rs797	rs797	1	797	A	C	500	0.363	223	0.376682	277	0.351986	0.121011	0.0683684	0.127586	-0.0121183	0.101097	0.137252	-0.0102218	0.0767298	0.929644	0.207979
rs798	rs798	1	798	A	C	500	0.365	223	0.374439	277	0.357401	-0.0679715	0.0663563	-0.0807671	0.0229048	0.0998848	0.133641	-0.0099774	0.305674	0.863917	0.583142
rs799	rs799	1	799	A	C	500	0.255	223	0.251121	277	0.258123	0.00515822	0.0744868	0.0432722	-0.0670237	0.113385	0.150329	-0.0128511	0.94479	0.655708	0.903221
rs800	rs800	1	800	A	C	500	0.328	223	0.307175	277	0.344765	0.0208413	0.0667463	0.103191	-0.147613	0.100386	0.134406	-0.010078	0.754853	0.272088	0.521084
rs801	rs801	1	801	A	C	500	0.308	223	0.302691	277	0.312274	0.112319	0.0715458	0.166329	-0.0960428	0.108208	0.144357	-0.0117189	0.116441	0.505848	0.233728
rs802	rs802	1	802	A	C	500	0.11	223	0.0874439	277	0.128159	0.140322	0.102963	0.228258	-0.150352	0.159835	0.209028	-0.0255542	0.172934	0.47196	0.305027
rs803	rs803	1	803	A	C	500	0.249	223	0.262332	277	0.238267	-0.0106785	0.0741609	-0.252509	0.407445	0.116321	0.150986	-0.0135306	0.885508	0.00696406	0.0259528
rs804	rs804	1	804	A	C	500	0.296	223	0.327354	277	0.270758	0.0265815	0.075369	-0.0192181	0.0782242	0.117029	0.152912	-0.01369	0.724325	0.608957	0.824448
rs805	rs805	1	805	A	C	500	0.3	223	0.307175	277	0.294224	-0.000373501	0.0709157	0.100501	-0.172032	0.110267	0.144001	-0.0121592	0.995798	0.23222	0.489868
rs806	rs806	1	806	A	C	500	0.231	223	0.26009	277	0.207581	0.0145057	0.0774184	0.0776237	-0.107459	0.120501	0.157212	-0.0145172	0.851373	0.494272	0.777898
rs807	rs807	1	807	A	C	500	0.11	223	0.132287	277	0.0920578	0.0883502	0.100823	0.109744	-0.0401142	0.147587	0.202095	-0.0217819	0.380874	0.842661	0.667885
rs808	rs808	1	808	A	C	500	0.127	223	0.141256	277	0.115523	-0.00213256	0.102695	-0.10612	0.193502	0.15105	0.206123	-0.0228321	0.983432	0.347848	0.643481
rs809	rs809	1	809	A	C	500	0.11	223	0.109865	277	0.110108	-0.0884036	0.107561	-0.0985086	0.0191076	0.156691	0.215455	-0.0245494	0.411138	0.929332	0.710571
rs810	rs810	1	810	A	C	500	0.224	223	0.233184	277	0.216606	0.148992	0.0739137	0.0857143	0.105083	0.117248	0.151146	-0.0137566	0.0438261	0.486905	0.102972
rs811	rs811	1	811	A	C	500	0.221	223	0.235426	277	0.209386	-0.0292988	0.0787151	0.0750228	-0.203495	0.112752	0.157471	-0.0127123	0.709734	0.196264	0.404845
rs812	rs812	1	812	A	C	500	0.233	223	0.219731	277	0.243682	0.0391923	0.0778742	-0.0244456	0.114669	0.116733	0.156696	-0.0136265	0.61477	0.464294	0.674081
rs813	rs813	1	813	A	C	500	0.315	223	0.318386	277	0.312274	-0.0585972	0.0701245	-0.109225	0.0873581	0.108124	0.142009	-0.0116873	0.403371	0.538449	0.583717
rs814	rs814	1	814	A	C	500	0.386	223	0.412556	277	0.364621	0.0142872	0.0659189	0.0636471	-0.0862878	0.100759	0.133216	-0.0101517	0.828412	0.517161	0.791945
rs815	rs815	1	815	A	C	500	0.338	223	0.338565	277	0.337545	0.121667	0.071927	0.181482	-0.104923	0.109695	0.14528	-0.0120324	0.0907354	0.470163	0.184255
rs816	rs816	1	816	A	C	500	0.379	223	0.363229	277	0.391697	0.00424275	0.065772	-0.0229582	0.046178	0.102595	0.133671	-0.010525	0.948567	0.729749	0.940116
rs817	rs817	1	817	A	C	500	0.137	223	0.134529	277	0.138989	0.0280419	0.0944878	-0.138205	0.328745	0.134393	0.188983	-0.018061	0.766636	0.0819392	0.210758
rs818	rs818	1	818	A	C	500	0.383	223	0.358744	277	0.402527	0.00667607	0.0690084	0.0227775	-0.0278733	0.106186	0.139709	-0.0112752	0.922931	0.841865	0.975718
rs819	rs819	1	819	A	C	500	0.291	223	0.29148	277	0.290614	-0.028697	0.0740427	0.143796	-0.315706	0.109913	0.148675	-0.0120771	0.698332	0.0337149	0.097329
rs820	rs820	1	820	A	C	500	0.399	223	0.378924	277	0.415162	-0.0865833	0.0668311	-0.062267	-0.0444188	0.0993496	0.134284	-0.00987144	0.19513	0.740809	0.409042
rs821	rs821	1	821	A	C	500	0.151	223	0.132287	277	0.166065	-0.039916	0.0919566	-0.0165284	-0.0386974	0.146169	0.187996	-0.0213601	0.664234	0.836915	0.891013
rs822	rs822	1	822	A	C	500	0.397	223	0.38565	277	0.406137	-0.0446958	0.0667857	-0.0896284	0.0822828	0.0991152	0.134113	-0.00982189	0.503341	0.539524	0.662222
rs823	rs823	1	823	A	C	500	0.364	223	0.378924	277	0.351986	-0.00683044	0.0672552	-0.0265379	0.0356578	0.100596	0.135356	-0.0101258	0.919106	0.792213	0.960927
rs824	rs824	1	824	A	C	500	0.156	223	0.159193	277	0.15343	-0.0380629	0.0898802	-0.0546764	0.0311655	0.1315	0.180066	-0.0172842	0.671942	0.86259	0.900642
rs825	rs825	1	825	A	C	500	0.357	223	0.363229	277	0.351986	-0.0707507	0.069309	-0.0364638	-0.0588593	0.107292	0.140597	-0.0115151	0.307348	0.675481	0.544087
rs826	rs826	1	826	A	C	500	0.119	223	0.0986547	277	0.135379	-0.0232991	0.0973926	0.041264	-0.111432	0.150144	0.197227	-0.0225374	0.810929	0.572076	0.828428
rs827	rs827	1	827	A	C	500	0.275	223	0.264574	277	0.283394	-0.0786195	0.0746928	0.0831875	-0.280844	0.114719	0.151127	-0.0131588	0.292537	0.0631217	0.102217
rs828	rs828	1	828	A	C	500	0.378	223	0.363229	277	0.389892	-0.015207	0.0690565	-0.202283	0.331273	0.104654	0.139249	-0.01095	0.825707	0.0173596	0.0576093
rs829	rs829	1	829	A	C	500	0.141	223	0.150224	277	0.133574	-0.00551564	0.0958808	-0.0373973	0.0540715	0.14967	0.194916	-0.0224009	0.954126	0.781465	0.960662
rs830	rs830	1	830	A	C	500	0.165	223	0.174888	277	0.15704	-0.0659752	0.0911722	-0.0451302	-0.0366615	0.13874	0.183927	-0.0192345	0.469291	0.842007	0.754509
rs831	rs831	1	831	A	C	500	0.387	223	0.360987	277	0.407942	-0.021113	0.0681166	0.0748768	-0.173526	0.101904	0.137015	-0.0103848	0.756596	0.205344	0.427409
rs832	rs832	1	832	A	C	500	0.328	223	0.316143	277	0.337545	0.0512696	0.0719323	-0.0283528	0.148412	0.105657	0.144249	-0.0111633	0.476002	0.303545	0.456904
rs833	rs833	1	833	A	C	500	0.319	223	0.304933	277	0.330325	0.13929	0.0675034	0.208787	-0.125371	0.101137	0.135861	-0.010232	0.0390697	0.356118	0.0777166
rs834	rs834	1	834	A	C	500	0.258	223	0.269058	277	0.249097	0.0864553	0.0725847	0.125428	-0.0756134	0.104271	0.145237	-0.0108722	0.233616	0.60263	0.42961
rs835	rs835	1	835	A	C	500	0.344	223	0.363229	277	0.32852	0.0630291	0.0717452	0.0575437	0.0103941	0.104367	0.143623	-0.0108861	0.379665	0.942307	0.678065
rs836	rs836	1	836	A	C	500	0.391	223	0.367713	277	0.409747	-0.0108706	0.066791	0.0560635	-0.128371	0.0964874	0.133548	-0.00929934	0.870711	0.336432	0.621739
rs837	rs837	1	837	A	C	500	0.393	223	0.390135	277	0.395307	-0.0183719	0.0660195	0.0122726	-0.0547268	0.0994991	0.132941	-0.00989631	0.780797	0.680588	0.883864
rs838	rs838	1	838	A	C	500	0.225	223	0.224215	277	0.225632	-0.0970737	0.0784525	-0.141169	0.0752247	0.121961	0.159301	-0.0148753	0.215955	0.636771	0.416021
rs839	rs839	1	839	A	C	500	0.159	223	0.152466	277	0.16426	-0.146185	0.0909139	-0.147848	0.00276049	0.144243	0.18581	-0.020808	0.107847	0.988147	0.274486
rs840	rs840	1	840	A	C	500	0.229	223	0.213004	277	0.241877	-0.000685751	0.0791229	-0.0723023	0.128934	0.118786	0.159507	-0.0141321	0.993085	0.418903	0.721276
rs841	rs841	1	841	A	C	500	0.247	223	0.248879	277	0.245487	0.0371855	0.0758797	-0.012322	0.0866438	0.115907	0.15334	-0.0134352	0.624093	0.572045	0.755999
rs842	rs842	1	842	A	C	500	0.171	223	0.172646	277	0.169675	-0.0199991	0.0855553	-0.132451	0.196765	0.130705	0.1729	-0.0170848	0.815174	0.25511	0.509222
rs843	rs843	1	843	A	C	500	0.141	223	0.136771	277	0.144404	-0.0939556	0.0906228	-0.179451	0.144456	0.141792	0.184258	-0.0200938	0.29984	0.433048	0.429656
rs844	rs844	1	844	A	C	500	0.313	223	0.313901	277	0.312274	-0.0351173	0.0749732	0.0468853	-0.150576	0.111093	0.150534	-0.0123407	0.6395	0.317175	0.543362
rs845	rs845	1	845	A	C	500	0.322	223	0.347534	277	0.301444	-0.0251513	0.0681197	0.0546942	-0.145508	0.101405	0.136892	-0.010283	0.711962	0.287809	0.530952
rs846	rs846	1	846	A	C	500	0.361	223	0.372197	277	0.351986	-0.0684809	0.0691297	-0.0156102	-0.0990936	0.101204	0.138535	-0.0102398	0.321874	0.474427	0.474031
rs847	rs847	1	847	A	C	500	0.209	223	0.213004	277	0.205776	-0.0812736	0.0765972	-0.175113	0.168414	0.115108	0.154205	-0.0132498	0.288666	0.274772	0.313706
rs848	rs848	1	848	A	C	500	0.204	223	0.195067	277	0.211191	-0.110356	0.078982	-0.101011	-0.0163461	0.120694	0.159642	-0.0145695	0.162346	0.918445	0.3748
rs849	rs849	1	849	A	C	500	0.194	223	0.204036	277	0.185921	0.0313506	0.0807288	0.019912	0.020382	0.121887	0.162719	-0.0148594	0.697761	0.900319	0.920121
rs850	rs850	1	850	A	C	500	0.359	223	0.356502	277	0.361011	0.111311	0.0697424	0.0818367	0.0511014	0.107257	0.141279	-0.0115123	0.110483	0.717571	0.26209
rs851	rs851	1	851	A	C	500	0.262	223	0.2713	277	0.254513	-0.0464906	0.0764324	-0.0383752	-0.0153839	0.111196	0.153097	-0.0123645	0.543016	0.919959	0.826928
rs852	rs852	1	852	A	C	500	0.129	223	0.116592	277	0.138989	-0.0108675	0.0966554	-0.128771	0.254392	0.131946	0.193794	-0.0174063	0.910478	0.189287	0.419833
rs853	rs853	1	853	A	C	500	0.239	223	0.219731	277	0.254513	-0.00229917	0.0765669	-0.0152042	0.0223269	0.117896	0.155101	-0.0139047	0.976045	0.885539	0.989247
rs854	rs854	1	854	A	C	500	0.309	223	0.329596	277	0.292419	-0.0487929	0.0711237	-0.0851472	0.0722656	0.100863	0.142163	-0.0101671	0.492695	0.611222	0.694532
rs855	rs855	1	855	A	C	500	0.34	223	0.32287	277	0.353791	-0.0442587	0.0687416	-0.0405612	-0.00639227	0.10587	0.1392	-0.011208	0.519678	0.963373	0.811947
rs856	rs856	1	856	A	C	500	0.317	223	0.320628	277	0.314079	-0.16978	0.0716875	-0.150256	-0.0361713	0.105671	0.143831	-0.0111663	0.0178684	0.801439	0.0586524
rs857	rs857	1	857	A	C	500	0.125	223	0.141256	277	0.111913	-0.0207893	0.0969544	0.0703636	-0.1559	0.150447	0.196753	-0.0226344	0.830217	0.428149	0.713974
rs858	rs858	1	858	A	C	500	0.182	223	0.199552	277	0.16787	0.0358473	0.0842273	0.070241	-0.0621001	0.126092	0.169426	-0.0158981	0.670398	0.713968	0.854071
rs859	rs859	1	859	A	C	500	0.338	223	0.334081	277	0.341155	-0.0345585	0.067953	-0.125872	0.157716	0.104754	0.137697	-0.0109776	0.611057	0.252051	0.455997
rs860	rs860	1	860	A	C	500	0.255	223	0.257848	277	0.252708	-0.0670999	0.0753398	-0.151392	0.154079	0.11195	0.15136	-0.0125333	0.373128	0.308696	0.400623
rs861	rs861	1	861	A	C	500	0.207	223	0.235426	277	0.184116	-0.0176166	0.0787969	0.0237449	-0.0705885	0.122523	0.160123	-0.0150234	0.823092	0.659329	0.885006
rs862	rs862	1	862	A	C	500	0.242	223	0.233184	277	0.249097	0.0307748	0.0781221	0.0632366	-0.0563908	0.119886	0.157972	-0.0143656	0.693631	0.721116	0.868225
rs863	rs863	1	863	A	C	500	0.262	223	0.257848	277	0.265343	0.0891171	0.0751586	0.054226	0.0629825	0.112522	0.15116	-0.0126581	0.235733	0.676926	0.45395
rs864	rs864	1	864	A	C	500	0.329	223	0.302691	277	0.350181	-0.146576	0.0708854	-0.0319603	-0.205382	0.106629	0.142737	-0.0113698	0.0386596	0.150183	0.0418746
rs865	rs865	1	865	A	C	500	0.228	223	0.269058	277	0.194946	0.00105131	0.0783405	-0.0418171	0.0754593	0.119092	0.15789	-0.0141622	0.989293	0.632704	0.891994
rs866	rs866	1	866	A	C	500	0.364	223	0.358744	277	0.368231	-0.0201826	0.0680212	0.0656211	-0.152904	0.102682	0.137073	-0.0105436	0.766687	0.264638	0.513664
rs867	rs867	1	867	A	C	500	0.271	223	0.284753	277	0.259928	0.0137743	0.0720076	-0.128077	0.255034	0.10802	0.144764	-0.0116562	0.848299	0.0781169	0.20802
rs868	rs868	1	868	A	C	500	0.203	223	0.204036	277	0.202166	0.161802	0.0822741	0.1261	0.0631958	0.12476	0.166014	-0.0155701	0.0492272	0.703452	0.134492
rs869	rs869	1	869	A	C	500	0.104	223	0.105381	277	0.102888	0.167048	0.107396	0.147759	0.03397	0.163325	0.216693	-0.0266639	0.11984	0.875429	0.294642
rs870	rs870	1	870	A	C	500	0.099	223	0.109865	277	0.0902527	-0.0277544	0.112273	-0.0380455	0.0212728	0.156278	0.224711	-0.0244279	0.80475	0.924579	0.965571
rs871	rs871	1	871	A	C	500	0.106	223	0.0919283	277	0.117329	-0.105606	0.106312	-0.214459	0.204956	0.15525	0.213025	-0.0241013	0.320534	0.335988	0.384341
rs872	rs872	1	872	A	C	500	0.279	223	0.264574	277	0.290614	0.130021	0.0767616	0.163991	-0.0555422	0.123105	0.15736	-0.0151446	0.0902968	0.724116	0.223839
rs873	rs873	1	873	A	C	500	0.125	223	0.14574	277	0.108303	0.124768	0.0989454	0.0657312	0.108491	0.146549	0.198662	-0.0214762	0.207316	0.58499	0.389009
rs874	rs874	1	874	A	C	500	0.364	223	0.352018	277	0.373646	0.0399426	0.0683923	-0.00655675	0.0842021	0.102202	0.137525	-0.0104445	0.559205	0.54036	0.699089
rs875	rs875	1	875	A	C	500	0.2	223	0.219731	277	0.184116	-0.0474448	0.0822705	-0.199298	0.27481	0.12298	0.165424	-0.0151213	0.564148	0.0966641	0.213066
rs876	rs876	1	876	A	C	500	0.244	223	0.221973	277	0.261733	0.00202546	0.0753064	-0.079072	0.141274	0.115471	0.15249	-0.0133484	0.978542	0.354213	0.650825
rs877	rs877	1	877	A	C	500	0.211	223	0.215247	277	0.207581	0.0344153	0.07969	0.06527	-0.0595059	0.114838	0.159471	-0.0131863	0.66584	0.70904	0.849699
rs878	rs878	1	878	A	C	500	0.183	223	0.168161	277	0.194946	-0.0206431	0.0848531	-0.101249	0.141297	0.129452	0.171373	-0.0167541	0.807788	0.409657	0.691086
rs879	rs879	1	879	A	C	500	0.246	223	0.248879	277	0.243682	-0.0175019	0.0779808	-0.0147942	-0.00473111	0.119248	0.157631	-0.014221	0.822416	0.976056	0.974689
rs880	rs880	1	880	A	C	500	0.261	223	0.262332	277	0.259928	0.00641447	0.0782784	-0.101045	0.201709	0.114467	0.156768	-0.0130928	0.934691	0.198209	0.435562
rs881	rs881	1	881	A	C	500	0.317	223	0.327354	277	0.308664	-0.0410587	0.0696164	0.0296044	-0.132521	0.101888	0.139522	-0.0103799	0.555335	0.342202	0.535259
rs882	rs882	1	882	A	C	500	0.175	223	0.190583	277	0.162455	0.116614	0.0886842	0.0442798	0.123226	0.138008	0.180138	-0.0190482	0.188531	0.493934	0.33337
rs883	rs883	1	883	A	C	500	0.196	223	0.20852	277	0.185921	0.0809949	0.0833267	0.164472	-0.164745	0.118657	0.166716	-0.0140833	0.331043	0.323065	0.382642
rs884	rs884	1	884	A	C	500	0.183	223	0.165919	277	0.196751	-0.0383923	0.0852972	0.00376824	-0.0834282	0.121267	0.170571	-0.0147029	0.652638	0.624762	0.801788
rs885	rs885	1	885	A	C	500	0.387	223	0.403587	277	0.373646	-0.0523	0.0672785	0.0343961	-0.153343	0.10205	0.13572	-0.0104141	0.436943	0.258538	0.390459
rs886	rs886	1	886	A	C	500	0.264	223	0.278027	277	0.252708	-0.0996477	0.0751985	-0.159372	0.106839	0.113261	0.151507	-0.0128318	0.185128	0.480702	0.324127
rs887	rs887	1	887	A	C	500	0.147	223	0.14574	277	0.148014	-0.0297954	0.0933606	-0.22434	0.307471	0.154042	0.19365	-0.0237273	0.749618	0.112339	0.269435
rs888	rs888	1	888	A	C	500	0.203	223	0.20852	277	0.198556	-0.0254399	0.0812497	0.00578884	-0.0538801	0.125345	0.164677	-0.0157177	0.754199	0.743526	0.902538
rs889	rs889	1	889	A	C	500	0.204	223	0.17713	277	0.225632	-0.0481455	0.0828676	0.0416734	-0.172008	0.119871	0.165872	-0.0143669	0.561245	0.299739	0.493391
rs890	rs890	1	890	A	C	500	0.149	223	0.141256	277	0.155235	0.220715	0.0929333	0.147622	0.143738	0.132574	0.185929	-0.0175792	0.0175495	0.439475	0.0441965
rs891	rs891	1	891	A	C	500	0.183	223	0.172646	277	0.191336	0.0444867	0.0844212	0.0982659	-0.101929	0.122829	0.169098	-0.0150867	0.59822	0.546654	0.725774
rs892	rs892	1	892	A	C	500	0.338	223	0.352018	277	0.326715	0.105304	0.0697964	0.172344	-0.125062	0.102477	0.139973	-0.0105027	0.131369	0.371603	0.214966
rs893	rs893	1	893	A	C	500	0.272	223	0.26009	277	0.281588	0.0768654	0.0751067	0.079838	-0.00532274	0.113052	0.151298	-0.0127841	0.306111	0.971936	0.591964
rs894	rs894	1	894	A	C	500	0.252	223	0.253363	277	0.250903	0.118409	0.0742097	0.137176	-0.0354101	0.108272	0.148754	-0.0117277	0.110578	0.811846	0.272178
rs895	rs895	1	895	A	C	500	0.116	223	0.105381	277	0.124549	0.00504845	0.103847	-0.113468	0.20044	0.162375	0.211112	-0.0263523	0.961227	0.342393	0.636413
rs896	rs896	1	896	A	C	500	0.355	223	0.363229	277	0.348375	-0.0573491	0.069956	0.125668	-0.327353	0.105332	0.140849	-0.0110913	0.412337	0.020118	0.0479864
rs897	rs897	1	897	A	C	500	0.206	223	0.195067	277	0.214801	0.217391	0.081303	0.208625	0.0158557	0.121583	0.163518	-0.0147821	0.007499	0.922753	0.0278927
rs898	rs898	1	898	A	C	500	0.152	223	0.14574	277	0.15704	-0.142195	0.090587	-0.193948	0.0933933	0.135708	0.18235	-0.018426	0.116483	0.608535	0.255854
rs899	rs899	1	899	A	C	500	0.173	223	0.224215	277	0.131769	0.00300866	0.0823254	0.0259399	-0.0376066	0.131816	0.168831	-0.0173806	0.970847	0.823732	0.974846
rs900	rs900	1	900	A	C	500	0.232	223	0.217489	277	0.243682	-0.0817183	0.0790681	-0.0134841	-0.128639	0.115404	0.158477	-0.0133218	0.301361	0.416953	0.421673
rs901	rs901	1	901	A	C	500	0.24	223	0.233184	277	0.245487	0.0799752	0.0773265	0.0863033	-0.0112027	0.117223	0.155966	-0.0137409	0.301018	0.942739	0.584254
rs902	rs902	1	902	A	C	500	0.101	223	0.0941704	277	0.106498	0.145203	0.112329	0.414011	-0.428956	0.183855	0.232265	-0.0338063	0.19613	0.064771	0.0787971
rs903	rs903	1	903	A	C	500	0.231	223	0.213004	277	0.245487	0.0467622	0.0774591	0.0668188	-0.0370417	0.114389	0.155454	-0.0130849	0.546042	0.811663	0.810085
rs904	rs904	1	904	A	C	500	0.251	223	0.273543	277	0.232852	0.0748055	0.0745785	0.0422502	0.0579092	0.112713	0.150329	-0.0127045	0.31584	0.700076	0.561444
rs905	rs905	1	905	A	C	500	0.16	223	0.14574	277	0.17148	-0.0831611	0.0913562	-0.0957373	0.0222522	0.138472	0.184124	-0.0191601	0.362667	0.903806	0.655982
rs906	rs906	1	906	A	C	500	0.184	223	0.188341	277	0.180505	0.0517236	0.0841271	-0.108584	0.298261	0.123702	0.168734	-0.0153026	0.538669	0.0771211	0.173551
rs907	rs907	1	907	A	C	500	0.284	223	0.282511	277	0.285199	-0.0440037	0.07199	0.0642151	-0.187171	0.110854	0.145796	-0.0122902	0.541035	0.199217	0.363905
rs908	rs908	1	908	A	C	500	0.365	223	0.349776	277	0.377256	0.0930712	0.0689487	0.0149849	0.137913	0.104669	0.139086	-0.0109531	0.17706	0.321409	0.245941
rs909	rs909	1	909	A	C	500	0.162	223	0.174888	277	0.151625	-0.0568645	0.0878152	-0.121461	0.117477	0.130909	0.176563	-0.0171417	0.517278	0.505824	0.649854
rs910	rs910	1	910	A	C	500	0.227	223	0.192825	277	0.254513	-0.0718399	0.0790929	0.114449	-0.333254	0.119124	0.159353	-0.0141949	0.363721	0.0365015	0.0743283
rs911	rs911	1	911	A	C	500	0.311	223	0.253363	277	0.357401	0.0339231	0.0717763	-0.0195894	0.0952881	0.108409	0.144671	-0.0117538	0.636483	0.510117	0.719931
rs912	rs912	1	912	A	C	500	0.214	223	0.230942	277	0.200361	0.00225797	0.0790192	0.0480509	-0.0871253	0.114735	0.15827	-0.013166	0.977204	0.581987	0.859053
rs913	rs913	1	913	A	C	500	0.255	223	0.284753	277	0.231047	-0.0705241	0.0757797	-0.0897266	0.0356731	0.111491	0.151922	-0.0124238	0.352037	0.814354	0.630893
rs914	rs914	1	914	A	C	500	0.136	223	0.132287	277	0.138989	0.228221	0.096869	0.325178	-0.158616	0.155363	0.198712	-0.0241368	0.0184741	0.424743	0.0453254
rs915	rs915	1	915	A	C	500	0.111	223	0.112108	277	0.110108	-0.054747	0.102484	-0.143136	0.15972	0.153353	0.206143	-0.0235167	0.593203	0.438456	0.642207
rs916	rs916	1	916	A	C	500	0.267	223	0.269058	277	0.265343	0.0581186	0.0736769	-0.0543907	0.191808	0.114558	0.149551	-0.013119	0.430211	0.199647	0.321871
rs917	rs917	1	917	A	C	500	0.399	223	0.390135	277	0.406137	-0.0441041	0.068289	-0.0108603	-0.0525412	0.112681	0.14166	-0.0126971	0.518379	0.710714	0.757796
rs918	rs918	1	918	A	C	500	0.349	223	0.336323	277	0.359206	-0.0767959	0.065429	-0.147915	0.132258	0.0962357	0.13124	-0.00926179	0.240504	0.31357	0.302218
rs919	rs919	1	919	A	C	500	0.35	223	0.345291	277	0.353791	0.106296	0.0695699	-0.0461026	0.273526	0.104555	0.140083	-0.0109334	0.126538	0.0508679	0.0462569
rs920	rs920	1	920	A	C	500	0.249	223	0.224215	277	0.268953	0.0881001	0.0784757	0.103417	-0.0267884	0.119943	0.158643	-0.0143902	0.26159	0.865907	0.524968
rs921	rs921	1	921	A	C	500	0.339	223	0.358744	277	0.323105	0.0325179	0.0690387	-0.124022	0.266836	0.10737	0.140169	-0.0115262	0.637634	0.056953	0.146181
rs922	rs922	1	922	A	C	500	0.361	223	0.378924	277	0.34657	0.118195	0.0665982	0.101136	0.0306705	0.0999552	0.134007	-0.00998843	0.0759386	0.818968	0.201681
rs923	rs923	1	923	A	C	500	0.259	223	0.284753	277	0.238267	-0.0131989	0.0729418	-0.0697537	0.102664	0.10884	0.146643	-0.0118461	0.856406	0.48387	0.769946
rs924	rs924	1	924	A	C	500	0.374	223	0.369955	277	0.377256	0.091758	0.0690619	-0.0149224	0.189899	0.10431	0.139153	-0.010878	0.183969	0.172356	0.163034
rs925	rs925	1	925	A	C	500	0.266	223	0.286996	277	0.249097	-0.0253803	0.0751151	0.0667185	-0.16683	0.1122	0.150976	-0.0125833	0.735449	0.269155	0.512934
rs926	rs926	1	926	A	C	500	0.285	223	0.278027	277	0.290614	-0.10291	0.0747177	-0.000846816	-0.180237	0.113483	0.150837	-0.0128837	0.168415	0.232121	0.189682
rs927	rs927	1	927	A	C	500	0.142	223	0.147982	277	0.137184	-0.198037	0.095884	-0.252571	0.0981049	0.143736	0.192636	-0.0206276	0.0388868	0.610558	0.104081
rs928	rs928	1	928	A	C	500	0.381	223	0.374439	277	0.386282	-0.0372843	0.0675721	-0.0321091	-0.00941456	0.100695	0.135813	-0.0101393	0.581106	0.944735	0.856734
rs929	rs929	1	929	A	C	500	0.29	223	0.313901	277	0.270758	0.0847213	0.0723072	0.0252971	0.100479	0.113124	0.147103	-0.0127977	0.241323	0.494574	0.398637
rs930	rs930	1	930	A	C	500	0.191	223	0.174888	277	0.203971	0.005083	0.0811349	0.0777394	-0.136013	0.118883	0.162662	-0.014134	0.950046	0.403059	0.703595
rs931	rs931	1	931	A	C	500	0.404	223	0.414798	277	0.395307	-0.102014	0.0666843	0.0137399	-0.213047	0.0986627	0.133834	-0.0097318	0.126065	0.111412	0.0874058
rs932	rs932	1	932	A	C	500	0.269	223	0.26009	277	0.276173	0.00933736	0.0760385	0.0527746	-0.0785883	0.113719	0.152987	-0.0129365	0.902267	0.607468	0.869811
rs933	rs933	1	933	A	C	500	0.164	223	0.159193	277	0.16787	-0.13411	0.0876759	-0.152634	0.0341904	0.129561	0.176063	-0.0167943	0.126114	0.846024	0.304615
rs934	rs934	1	934	A	C	500	0.374	223	0.374439	277	0.373646	0.0458981	0.0670057	0.088048	-0.0743134	0.101841	0.135215	-0.01037	0.493352	0.582598	0.680021
rs935	rs935	1	935	A	C	500	0.4	223	0.410314	277	0.391697	0.0806797	0.067785	0.0301124	0.0882936	0.103649	0.136911	-0.0107354	0.233956	0.518994	0.400008
rs936	rs936	1	936	A	C	500	0.346	223	0.347534	277	0.344765	0.0856378	0.0691731	0.0573356	0.0500313	0.104958	0.139543	-0.0110153	0.215708	0.719942	0.435778
rs937	rs937	1	937	A	C	500	0.141	223	0.125561	277	0.15343	-0.10687	0.092442	-0.158585	0.0915885	0.140059	0.186344	-0.019607	0.247651	0.623072	0.45428
rs938	rs938	1	938	A	C	500	0.137	223	0.143498	277	0.131769	0.170782	0.0965706	0.0515781	0.21519	0.14455	0.194167	-0.0208844	0.0769823	0.267746	0.113282
rs939	rs939	1	939	A	C	500	0.249	223	0.246637	277	0.250903	-0.0521524	0.0739063	-0.048893	-0.00539674	0.117438	0.151116	-0.0137919	0.480402	0.971512	0.779103
rs940	rs940	1	940	A	C	500	0.136	223	0.143498	277	0.129964	-0.0113301	0.0961779	0.0917598	-0.179268	0.147556	0.194597	-0.0217763	0.906223	0.356931	0.649684
rs941	rs941	1	941	A	C	500	0.295	223	0.327354	277	0.268953	-0.169029	0.0732753	-0.141839	-0.0466201	0.113557	0.148745	-0.0129039	0.0210679	0.753959	0.0665567
rs942	rs942	1	942	A	C	500	0.128	223	0.11435	277	0.138989	-0.0948356	0.0981464	0.0328407	-0.227784	0.148045	0.197739	-0.0219166	0.333911	0.249346	0.32293
rs943	rs943	1	943	A	C	500	0.339	223	0.307175	277	0.364621	0.147475	0.0703077	0.162132	-0.0248557	0.109819	0.143059	-0.0120688	0.0359441	0.862066	0.109157
rs944	rs944	1	944	A	C	500	0.313	223	0.316143	277	0.310469	0.124763	0.0733145	0.131174	-0.0107379	0.115483	0.149445	-0.0133344	0.0888024	0.942719	0.23444
rs945	rs945	1	945	A	C	500	0.398	223	0.392377	277	0.402527	-0.00601188	0.0669808	-0.0493472	0.0771336	0.101194	0.135015	-0.0102414	0.928482	0.567798	0.846015
rs946	rs946	1	946	A	C	500	0.238	223	0.255605	277	0.223827	0.0613765	0.0744022	-0.0965258	0.252809	0.121429	0.153646	-0.0147447	0.409412	0.0998867	0.183796
rs947	rs947	1	947	A	C	500	0.354	223	0.360987	277	0.348375	0.0452823	0.0677377	-0.0531885	0.174005	0.102737	0.136495	-0.0105433	0.503817	0.202376	0.354866
rs948	rs948	1	948	A	C	500	0.285	223	0.280269	277	0.288809	0.0823263	0.0748866	-0.0562547	0.245372	0.11361	0.151273	-0.0129242	0.271617	0.104794	0.146637
rs949	rs949	1	949	A	C	500	0.28	223	0.289238	277	0.272563	0.0762369	0.0742548	0.0804016	-0.00782678	0.10855	0.148805	-0.0117822	0.304564	0.958053	0.589528
rs950	rs950	1	950	A	C	500	0.354	223	0.356502	277	0.351986	-0.0192422	0.0685545	0.0190337	-0.0656689	0.106063	0.138848	-0.0112369	0.778952	0.636245	0.859645
rs951	rs951	1	951	A	C	500	0.283	223	0.278027	277	0.287004	-0.0884762	0.0713616	-0.159146	0.127558	0.106863	0.143576	-0.0114207	0.215039	0.374308	0.312471
rs952	rs952	1	952	A	C	500	0.132	223	0.134529	277	0.129964	0.0878446	0.0965548	0.0573363	0.0479778	0.159949	0.200537	-0.0255722	0.362933	0.810915	0.642442
rs953	rs953	1	953	A	C	500	0.305	223	0.278027	277	0.326715	0.0197376	0.0728288	-0.0130839	0.0598527	0.108396	0.146405	-0.0117541	0.78638	0.682676	0.886664
rs954	rs954	1	954	A	C	500	0.194	223	0.181614	277	0.203971	0.0265308	0.084998	-0.0252225	0.0908949	0.129458	0.171497	-0.0167461	0.754938	0.596106	0.827647
rs955	rs955	1	955	A	C	500	0.196	223	0.199552	277	0.193141	0.060166	0.0846475	0.0683248	-0.0152989	0.123882	0.16961	-0.0153415	0.477219	0.928128	0.77362
rs956	rs956	1	956	A	C	500	0.383	223	0.358744	277	0.402527	0.0452066	0.0702832	-0.00439711	0.0904019	0.104565	0.141099	-0.0109241	0.520091	0.521719	0.662255
rs957	rs957	1	957	A	C	500	0.282	223	0.273543	277	0.288809	0.00204261	0.0728041	0.0946043	-0.173798	0.106509	0.14597	-0.0113478	0.977617	0.233794	0.492033
rs958	rs958	1	958	A	C	500	0.148	223	0.139013	277	0.155235	-0.0533817	0.0921548	0.0572733	-0.209032	0.134205	0.184301	-0.0179809	0.562413	0.256715	0.444429
rs959	rs959	1	959	A	C	500	0.108	223	0.116592	277	0.101083	-0.0966317	0.105435	-0.185884	0.153553	0.16301	0.213887	-0.0265906	0.359403	0.472808	0.507787
rs960	rs960	1	960	A	C	500	0.318	223	0.352018	277	0.290614	0.045334	0.0717313	0.0731808	-0.0517175	0.10558	0.14388	-0.0111465	0.527388	0.71926	0.767734
rs961	rs961	1	961	A	C	500	0.314	223	0.329596	277	0.301444	0.087583	0.0692429	0.164814	-0.123914	0.112795	0.142859	-0.0127202	0.205919	0.385732	0.308473
rs962	rs962	1	962	A	C	500	0.254	223	0.235426	277	0.268953	-0.0150925	0.0739937	-0.0613876	0.0812587	0.11282	0.149486	-0.0127312	0.838377	0.586726	0.844893
rs963	rs963	1	963	A	C	500	0.33	223	0.372197	277	0.296029	0.00752484	0.0695653	-0.13695	0.224949	0.116278	0.145073	-0.0135169	0.913861	0.120998	0.298786
rs964	rs964	1	964	A	C	500	0.341	223	0.347534	277	0.33574	0.068104	0.0702271	0.200762	-0.249317	0.10267	0.140758	-0.010542	0.332162	0.0765195	0.130174
rs965	rs965	1	965	A	C	500	0.113	223	0.112108	277	0.113718	-0.142931	0.101563	-0.0840178	-0.124543	0.139882	0.203343	-0.0195589	0.159338	0.54022	0.30795
rs966	rs966	1	966	A	C	500	0.217	223	0.226457	277	0.209386	-0.0468207	0.0815487	-0.204164	0.277547	0.123916	0.164579	-0.0153554	0.56587	0.0917176	0.204578
rs967	rs967	1	967	A	C	500	0.236	223	0.257848	277	0.218412	0.0837882	0.0763643	0.00309191	0.136248	0.119585	0.15538	-0.0142993	0.272546	0.380559	0.37292
rs968	rs968	1	968	A	C	500	0.406	223	0.443946	277	0.375451	-0.0992871	0.0682642	-0.0761088	-0.0408588	0.103801	0.137844	-0.0107788	0.14582	0.766914	0.332323
rs969	rs969	1	969	A	C	500	0.157	223	0.163677	277	0.151625	-0.101675	0.0902941	-0.121595	0.0324467	0.145319	0.185467	-0.0211177	0.260145	0.861123	0.522414
rs970	rs970	1	970	A	C	500	0.307	223	0.304933	277	0.308664	0.0498966	0.0713374	0.0998761	-0.0890106	0.107704	0.143706	-0.0115958	0.484274	0.535658	0.646337
rs971	rs971	1	971	A	C	500	0.301	223	0.307175	277	0.296029	-0.0493998	0.0719692	0.0287705	-0.145952	0.105617	0.144329	-0.0111568	0.49246	0.3119	0.473843
rs972	rs972	1	972	A	C	500	0.312	223	0.313901	277	0.310469	0.00288784	0.0702423	0.102584	-0.184779	0.10353	0.140962	-0.0107209	0.967206	0.189913	0.423166
rs973	rs973	1	973	A	C	500	0.297	223	0.293722	277	0.299639	0.0648048	0.0702136	-0.0946686	0.279665	0.107124	0.141881	-0.0114788	0.356025	0.0487093	0.0936112
rs974	rs974	1	974	A	C	500	0.345	223	0.327354	277	0.359206	0.0197329	0.0712145	0.0378825	-0.0316069	0.10914	0.144026	-0.0119115	0.781711	0.826297	0.939442
rs975	rs975	1	975	A	C	500	0.21	223	0.213004	277	0.207581	0.0258465	0.079154	-0.079322	0.196145	0.116246	0.158778	-0.0135173	0.74402	0.216705	0.442046
rs976	rs976	1	976	A	C	500	0.179	223	0.186099	277	0.173285	0.16398	0.0832705	0.124013	0.0746134	0.122202	0.166971	-0.0149337	0.0489257	0.654973	0.130186
rs977	rs977	1	977	A	C	500	0.18	223	0.179372	277	0.180505	0.0151939	0.0872659	-0.0232661	0.0693986	0.130684	0.175531	-0.0170752	0.861779	0.692574	0.910908
rs978	rs978	1	978	A	C	500	0.273	223	0.269058	277	0.276173	-0.0294563	0.0721935	0.0397942	-0.128874	0.106161	0.14485	-0.0112745	0.68326	0.373624	0.619385
rs979	rs979	1	979	A	C	500	0.19	223	0.168161	277	0.207581	-0.0605743	0.0820853	0.00949687	-0.125132	0.123749	0.165375	-0.0153147	0.460549	0.449254	0.572039
rs980	rs980	1	980	A	C	500	0.181	223	0.17713	277	0.184116	-0.12193	0.0840663	0.0573797	-0.319077	0.127099	0.169629	-0.0161699	0.146946	0.0599681	0.0595484
rs981	rs981	1	981	A	C	500	0.329	223	0.367713	277	0.297834	0.0211557	0.0719082	0.0742618	-0.0863785	0.115866	0.147773	-0.0134254	0.768602	0.55886	0.807252
rs982	rs982	1	982	A	C	500	0.258	223	0.264574	277	0.252708	0.0269742	0.0772278	-0.0589459	0.16777	0.110565	0.154498	-0.0122244	0.726878	0.277522	0.521737
rs983	rs983	1	983	A	C	500	0.378	223	0.358744	277	0.393502	-0.067387	0.0675311	-0.128416	0.105417	0.104074	0.136786	-0.010832	0.318344	0.440902	0.451655
rs984	rs984	1	984	A	C	500	0.347	223	0.329596	277	0.361011	-0.101875	0.0684683	-0.18905	0.148153	0.106733	0.13915	-0.0113933	0.136773	0.287012	0.187544
rs985	rs985	1	985	A	C	500	0.347	223	0.369955	277	0.32852	0.0680912	0.0681874	0.0381072	0.0577869	0.0983188	0.13651	-0.00966917	0.317994	0.672064	0.555333
rs986	rs986	1	986	A	C	500	0.217	223	0.201794	277	0.229242	-0.0241771	0.0771786	0.0415334	-0.115238	0.117624	0.155664	-0.0138171	0.754082	0.45912	0.723912
rs987	rs987	1	987	A	C	500	0.383	223	0.390135	277	0.377256	-0.0301312	0.0696697	-0.104108	0.131254	0.105452	0.140449	-0.0111179	0.665388	0.35003	0.58849
rs988	rs988	1	988	A	C	500	0.161	223	0.168161	277	0.155235	0.158833	0.0865776	0.134692	0.0447758	0.127641	0.173953	-0.0163151	0.066568	0.796869	0.179789
rs989	rs989	1	989	A	C	500	0.122	223	0.125561	277	0.119134	-0.00794845	0.0999807	-0.111384	0.190386	0.147963	0.200763	-0.0218979	0.936635	0.342971	0.63584
rs990	rs990	1	990	A	C	500	0.26	223	0.255605	277	0.263538	-0.0472718	0.0757923	-0.038451	-0.017832	0.106619	0.151596	-0.0113679	0.532824	0.906362	0.817569
rs991	rs991	1	991	A	C	500	0.137	223	0.159193	277	0.119134	0.0843086	0.100435	0.126778	-0.0754055	0.151946	0.202447	-0.0230829	0.401225	0.709542	0.655935
rs992	rs992	1	992	A	C	500	0.227	223	0.221973	277	0.231047	0.00930505	0.0776817	0.0997914	-0.149736	0.123544	0.158968	-0.0152714	0.904654	0.346232	0.637129
rs993	rs993	1	993	A	C	500	0.257	223	0.269058	277	0.247292	-0.0901447	0.0766702	-0.0183547	-0.121354	0.119951	0.155939	-0.0143853	0.239696	0.436443	0.370094
rs994	rs994	1	994	A	C	500	0.322	223	0.304933	277	0.33574	0.0391477	0.0719518	0.038511	0.00107869	0.112386	0.14627	-0.012628	0.586385	0.994116	0.862396
rs995	rs995	1	995	A	C	500	0.314	223	0.329596	277	0.301444	0.0976314	0.0751972	0.0480521	0.0975425	0.107198	0.150307	-0.0114833	0.194171	0.516368	0.348746
rs996	rs996	1	996	A	C	500	0.155	223	0.156951	277	0.15343	-0.0999885	0.0893485	-0.0835962	-0.0266681	0.143925	0.183563	-0.0207119	0.263104	0.88449	0.529021
rs997	rs997	1	997	A	C	500	0.412	223	0.44843	277	0.382671	-0.11132	0.0641424	-0.0646588	-0.0827398	0.0971364	0.129349	-0.00943556	0.0826491	0.52239	0.180758
rs998	rs998	1	998	A	C	500	0.178	223	0.183857	277	0.173285	-0.0699303	0.0850861	0.0431299	-0.201061	0.128602	0.171487	-0.0165366	0.411147	0.241016	0.358774
rs999	rs999	1	999	A	C	500	0.35	223	0.363229	277	0.33935	-0.0900348	0.07164	-0.0272098	-0.116076	0.105769	0.143768	-0.011187	0.208838	0.419446	0.327697
rs1000	rs1000	1	1000	A	C	500	0.138	223	0.116592	277	0.155235	0.160981	0.091185	0.254217	-0.155449	0.144176	0.186199	-0.0207944	0.0774907	0.403798	0.148544
