\BOOKMARK [0][-]{chapter.1}{\376\377\0001\000\040\000G\000E\000M}{}% 1
\BOOKMARK [1][-]{section.1.1}{\376\377\0001\000.\0001\000\040\000C\000o\000n\000t\000e\000n\000t\000s}{chapter.1}% 2
\BOOKMARK [1][-]{section.1.2}{\376\377\0001\000.\0002\000\040\000Q\000u\000i\000c\000k\000\040\000I\000n\000s\000t\000a\000l\000l\000a\000t\000i\000o\000n}{chapter.1}% 3
\BOOKMARK [1][-]{section.1.3}{\376\377\0001\000.\0003\000\040\000D\000e\000p\000e\000n\000d\000e\000n\000c\000i\000e\000s}{chapter.1}% 4
\BOOKMARK [1][-]{section.1.4}{\376\377\0001\000.\0004\000\040\000U\000s\000a\000g\000e}{chapter.1}% 5
\BOOKMARK [2][-]{subsection.1.4.1}{\376\377\0001\000.\0004\000.\0001\000\040\000R\000u\000n\000n\000i\000n\000g\000\040\000G\000E\000M}{section.1.4}% 6
\BOOKMARK [2][-]{subsection.1.4.2}{\376\377\0001\000.\0004\000.\0002\000\040\000C\000o\000m\000m\000a\000n\000d\000\040\000L\000i\000n\000e\000\040\000O\000p\000t\000i\000o\000n\000s}{section.1.4}% 7
\BOOKMARK [2][-]{subsection.1.4.3}{\376\377\0001\000.\0004\000.\0003\000\040\000I\000n\000p\000u\000t\000\040\000F\000i\000l\000e\000s}{section.1.4}% 8
\BOOKMARK [2][-]{subsection.1.4.4}{\376\377\0001\000.\0004\000.\0004\000\040\000O\000u\000t\000p\000u\000t\000\040\000F\000i\000l\000e\000\040\000F\000o\000r\000m\000a\000t}{section.1.4}% 9
\BOOKMARK [3][-]{subsubsection.1.4.4.1}{\376\377\0001\000.\0004\000.\0004\000.\0001\000\040\000m\000i\000n\000i\000m\000u\000m\000:}{subsection.1.4.4}% 10
\BOOKMARK [3][-]{subsubsection.1.4.4.2}{\376\377\0001\000.\0004\000.\0004\000.\0002\000\040\000m\000e\000t\000a\000:}{subsection.1.4.4}% 11
\BOOKMARK [3][-]{subsubsection.1.4.4.3}{\376\377\0001\000.\0004\000.\0004\000.\0003\000\040\000f\000u\000l\000l\000:}{subsection.1.4.4}% 12
\BOOKMARK [2][-]{subsection.1.4.5}{\376\377\0001\000.\0004\000.\0005\000\040\000E\000x\000a\000m\000p\000l\000e\000s}{section.1.4}% 13
\BOOKMARK [1][-]{section.1.5}{\376\377\0001\000.\0005\000\040\000R\000e\000c\000e\000n\000t\000\040\000U\000p\000d\000a\000t\000e\000s}{chapter.1}% 14
\BOOKMARK [1][-]{section.1.6}{\376\377\0001\000.\0006\000\040\000C\000o\000n\000t\000a\000c\000t}{chapter.1}% 15
\BOOKMARK [1][-]{section.1.7}{\376\377\0001\000.\0007\000\040\000R\000e\000f\000e\000r\000e\000n\000c\000e\000s}{chapter.1}% 16
\BOOKMARK [1][-]{section.1.8}{\376\377\0001\000.\0008\000\040\000L\000i\000c\000e\000n\000s\000e}{chapter.1}% 17
\BOOKMARK [0][-]{chapter.2}{\376\377\0002\000\040\000N\000a\000m\000e\000s\000p\000a\000c\000e\000\040\000I\000n\000d\000e\000x}{}% 18
\BOOKMARK [1][-]{section.2.1}{\376\377\0002\000.\0001\000\040\000N\000a\000m\000e\000s\000p\000a\000c\000e\000\040\000L\000i\000s\000t}{chapter.2}% 19
\BOOKMARK [0][-]{chapter.3}{\376\377\0003\000\040\000H\000i\000e\000r\000a\000r\000c\000h\000i\000c\000a\000l\000\040\000I\000n\000d\000e\000x}{}% 20
\BOOKMARK [1][-]{section.3.1}{\376\377\0003\000.\0001\000\040\000C\000l\000a\000s\000s\000\040\000H\000i\000e\000r\000a\000r\000c\000h\000y}{chapter.3}% 21
\BOOKMARK [0][-]{chapter.4}{\376\377\0004\000\040\000C\000l\000a\000s\000s\000\040\000I\000n\000d\000e\000x}{}% 22
\BOOKMARK [1][-]{section.4.1}{\376\377\0004\000.\0001\000\040\000C\000l\000a\000s\000s\000\040\000L\000i\000s\000t}{chapter.4}% 23
\BOOKMARK [0][-]{chapter.5}{\376\377\0005\000\040\000F\000i\000l\000e\000\040\000I\000n\000d\000e\000x}{}% 24
\BOOKMARK [1][-]{section.5.1}{\376\377\0005\000.\0001\000\040\000F\000i\000l\000e\000\040\000L\000i\000s\000t}{chapter.5}% 25
\BOOKMARK [0][-]{chapter.6}{\376\377\0006\000\040\000N\000a\000m\000e\000s\000p\000a\000c\000e\000\040\000D\000o\000c\000u\000m\000e\000n\000t\000a\000t\000i\000o\000n}{}% 26
\BOOKMARK [1][-]{section.6.1}{\376\377\0006\000.\0001\000\040\000d\000e\000t\000a\000i\000l\000s\000\040\000N\000a\000m\000e\000s\000p\000a\000c\000e\000\040\000R\000e\000f\000e\000r\000e\000n\000c\000e}{chapter.6}% 27
\BOOKMARK [2][-]{subsection.6.1.1}{\376\377\0006\000.\0001\000.\0001\000\040\000F\000u\000n\000c\000t\000i\000o\000n\000\040\000D\000o\000c\000u\000m\000e\000n\000t\000a\000t\000i\000o\000n}{section.6.1}% 28
\BOOKMARK [3][-]{subsubsection.6.1.1.1}{\376\377\0006\000.\0001\000.\0001\000.\0001\000\040\000a\000d\000d\000\137\000d\000q\000u\000o\000t\000\050\000\051}{subsection.6.1.1}% 29
\BOOKMARK [3][-]{subsubsection.6.1.1.2}{\376\377\0006\000.\0001\000.\0001\000.\0002\000\040\000d\000i\000a\000g\000\050\000\051\000\040\000[\0001\000/\0002\000]}{subsection.6.1.1}% 30
\BOOKMARK [3][-]{subsubsection.6.1.1.3}{\376\377\0006\000.\0001\000.\0001\000.\0003\000\040\000d\000i\000a\000g\000\050\000\051\000\040\000[\0002\000/\0002\000]}{subsection.6.1.1}% 31
\BOOKMARK [1][-]{section.6.2}{\376\377\0006\000.\0002\000\040\000s\000t\000d\000\040\000N\000a\000m\000e\000s\000p\000a\000c\000e\000\040\000R\000e\000f\000e\000r\000e\000n\000c\000e}{chapter.6}% 32
\BOOKMARK [2][-]{subsection.6.2.1}{\376\377\0006\000.\0002\000.\0001\000\040\000D\000e\000t\000a\000i\000l\000e\000d\000\040\000D\000e\000s\000c\000r\000i\000p\000t\000i\000o\000n}{section.6.2}% 33
\BOOKMARK [1][-]{section.6.3}{\376\377\0006\000.\0003\000\040\000s\000t\000d\000:\000:\000e\000x\000t\000\040\000N\000a\000m\000e\000s\000p\000a\000c\000e\000\040\000R\000e\000f\000e\000r\000e\000n\000c\000e}{chapter.6}% 34
\BOOKMARK [2][-]{subsection.6.3.1}{\376\377\0006\000.\0003\000.\0001\000\040\000T\000y\000p\000e\000d\000e\000f\000\040\000D\000o\000c\000u\000m\000e\000n\000t\000a\000t\000i\000o\000n}{section.6.3}% 35
\BOOKMARK [3][-]{subsubsection.6.3.1.1}{\376\377\0006\000.\0003\000.\0001\000.\0001\000\040\000D\000a\000t\000a}{subsection.6.3.1}% 36
\BOOKMARK [3][-]{subsubsection.6.3.1.2}{\376\377\0006\000.\0003\000.\0001\000.\0002\000\040\000F\000i\000t\000N\000u\000l\000l\000\137\000f}{subsection.6.3.1}% 37
\BOOKMARK [3][-]{subsubsection.6.3.1.3}{\376\377\0006\000.\0003\000.\0001\000.\0003\000\040\000I\000n\000d\000e\000x\000M\000a\000p}{subsection.6.3.1}% 38
\BOOKMARK [3][-]{subsubsection.6.3.1.4}{\376\377\0006\000.\0003\000.\0001\000.\0004\000\040\000I\000n\000d\000e\000x\000M\000a\000p\000R\000e\000v}{subsection.6.3.1}% 39
\BOOKMARK [3][-]{subsubsection.6.3.1.5}{\376\377\0006\000.\0003\000.\0001\000.\0005\000\040\000I\000n\000d\000e\000x\000M\000a\000p\000U\000n\000q}{subsection.6.3.1}% 40
\BOOKMARK [3][-]{subsubsection.6.3.1.6}{\376\377\0006\000.\0003\000.\0001\000.\0006\000\040\000m\000a\000p\000\137\000s\000t\000r\000\137\000i\000n\000t}{subsection.6.3.1}% 41
\BOOKMARK [3][-]{subsubsection.6.3.1.7}{\376\377\0006\000.\0003\000.\0001\000.\0007\000\040\000M\000a\000p\000\137\000s\000t\000r\000\137\000V\000i\000n\000t}{subsection.6.3.1}% 42
\BOOKMARK [3][-]{subsubsection.6.3.1.8}{\376\377\0006\000.\0003\000.\0001\000.\0008\000\040\000M\000a\000t\000r\000i\000x\000\137\000v\000a\000r\000i\000a\000n\000t}{subsection.6.3.1}% 43
\BOOKMARK [3][-]{subsubsection.6.3.1.9}{\376\377\0006\000.\0003\000.\0001\000.\0009\000\040\000T\000r\000i\000p\000l\000e\000t\000\137\000d}{subsection.6.3.1}% 44
\BOOKMARK [3][-]{subsubsection.6.3.1.10}{\376\377\0006\000.\0003\000.\0001\000.\0001\0000\000\040\000T\000r\000i\000p\000l\000e\000t\000\137\000i}{subsection.6.3.1}% 45
\BOOKMARK [3][-]{subsubsection.6.3.1.11}{\376\377\0006\000.\0003\000.\0001\000.\0001\0001\000\040\000U\000m\000a\000p\000\137\000s\000t\000r\000\137\000i\000n\000t}{subsection.6.3.1}% 46
\BOOKMARK [3][-]{subsubsection.6.3.1.12}{\376\377\0006\000.\0003\000.\0001\000.\0001\0002\000\040\000V\000\137\000b\000o\000o\000l}{subsection.6.3.1}% 47
\BOOKMARK [3][-]{subsubsection.6.3.1.13}{\376\377\0006\000.\0003\000.\0001\000.\0001\0003\000\040\000V\000\137\000d\000o\000u\000b\000l\000e}{subsection.6.3.1}% 48
\BOOKMARK [3][-]{subsubsection.6.3.1.14}{\376\377\0006\000.\0003\000.\0001\000.\0001\0004\000\040\000V\000\137\000f\000l\000o\000a\000t}{subsection.6.3.1}% 49
\BOOKMARK [3][-]{subsubsection.6.3.1.15}{\376\377\0006\000.\0003\000.\0001\000.\0001\0005\000\040\000V\000\137\000i\000n\000t}{subsection.6.3.1}% 50
\BOOKMARK [3][-]{subsubsection.6.3.1.16}{\376\377\0006\000.\0003\000.\0001\000.\0001\0006\000\040\000V\000\137\000l\000l\000u\000i\000n\000t}{subsection.6.3.1}% 51
\BOOKMARK [3][-]{subsubsection.6.3.1.17}{\376\377\0006\000.\0003\000.\0001\000.\0001\0007\000\040\000V\000\137\000o\000p\000t\000\137\000s\000t\000r\000i\000n\000g}{subsection.6.3.1}% 52
\BOOKMARK [3][-]{subsubsection.6.3.1.18}{\376\377\0006\000.\0003\000.\0001\000.\0001\0008\000\040\000V\000\137\000s\000i\000z\000e\000\137\000t}{subsection.6.3.1}% 53
\BOOKMARK [3][-]{subsubsection.6.3.1.19}{\376\377\0006\000.\0003\000.\0001\000.\0001\0009\000\040\000V\000\137\000s\000t\000r\000i\000n\000g}{subsection.6.3.1}% 54
\BOOKMARK [3][-]{subsubsection.6.3.1.20}{\376\377\0006\000.\0003\000.\0001\000.\0002\0000\000\040\000V\000a\000r\000\137\000b\000o\000o\000l\000\137\000i\000n\000t}{subsection.6.3.1}% 55
\BOOKMARK [3][-]{subsubsection.6.3.1.21}{\376\377\0006\000.\0003\000.\0001\000.\0002\0001\000\040\000V\000e\000c\000T\000r\000i\000p\000l\000e\000\137\000i}{subsection.6.3.1}% 56
\BOOKMARK [3][-]{subsubsection.6.3.1.22}{\376\377\0006\000.\0003\000.\0001\000.\0002\0002\000\040\000V\000e\000c\000T\000u\000p\000l\000e\000s\0004\000s\000p\000m\000a\000t}{subsection.6.3.1}% 57
\BOOKMARK [3][-]{subsubsection.6.3.1.23}{\376\377\0006\000.\0003\000.\0001\000.\0002\0003\000\040\000V\000V\000\137\000i\000n\000t}{subsection.6.3.1}% 58
\BOOKMARK [3][-]{subsubsection.6.3.1.24}{\376\377\0006\000.\0003\000.\0001\000.\0002\0004\000\040\000V\000V\000\137\000s\000t\000r\000i\000n\000g}{subsection.6.3.1}% 59
\BOOKMARK [2][-]{subsection.6.3.2}{\376\377\0006\000.\0003\000.\0002\000\040\000F\000u\000n\000c\000t\000i\000o\000n\000\040\000D\000o\000c\000u\000m\000e\000n\000t\000a\000t\000i\000o\000n}{section.6.3}% 60
\BOOKMARK [3][-]{subsubsection.6.3.2.1}{\376\377\0006\000.\0003\000.\0002\000.\0001\000\040\000t\000u\000p\000l\000e\000P\000r\000i\000n\000t\000\050\000\051\000\040\000[\0001\000/\0002\000]}{subsection.6.3.2}% 61
\BOOKMARK [3][-]{subsubsection.6.3.2.2}{\376\377\0006\000.\0003\000.\0002\000.\0002\000\040\000t\000u\000p\000l\000e\000P\000r\000i\000n\000t\000\050\000\051\000\040\000[\0002\000/\0002\000]}{subsection.6.3.2}% 62
\BOOKMARK [0][-]{chapter.7}{\376\377\0007\000\040\000C\000l\000a\000s\000s\000\040\000D\000o\000c\000u\000m\000e\000n\000t\000a\000t\000i\000o\000n}{}% 63
\BOOKMARK [1][-]{section.7.1}{\376\377\0007\000.\0001\000\040\000B\000e\000d\000\040\000C\000l\000a\000s\000s\000\040\000R\000e\000f\000e\000r\000e\000n\000c\000e}{chapter.7}% 64
\BOOKMARK [2][-]{subsection.7.1.1}{\376\377\0007\000.\0001\000.\0001\000\040\000M\000e\000m\000b\000e\000r\000\040\000F\000u\000n\000c\000t\000i\000o\000n\000\040\000D\000o\000c\000u\000m\000e\000n\000t\000a\000t\000i\000o\000n}{section.7.1}% 65
\BOOKMARK [3][-]{subsubsection.7.1.1.1}{\376\377\0007\000.\0001\000.\0001\000.\0001\000\040\000g\000e\000t\000B\000e\000d\000V\000a\000r\000i\000a\000n\000t\000P\000o\000s\000\050\000\051}{subsection.7.1.1}% 66
\BOOKMARK [3][-]{subsubsection.7.1.1.2}{\376\377\0007\000.\0001\000.\0001\000.\0002\000\040\000p\000r\000o\000c\000e\000s\000s\000B\000e\000d\000\050\000\051}{subsection.7.1.1}% 67
\BOOKMARK [3][-]{subsubsection.7.1.1.3}{\376\377\0007\000.\0001\000.\0001\000.\0003\000\040\000p\000r\000o\000c\000e\000s\000s\000F\000a\000m\000\050\000\051}{subsection.7.1.1}% 68
\BOOKMARK [2][-]{subsection.7.1.2}{\376\377\0007\000.\0001\000.\0002\000\040\000M\000e\000m\000b\000e\000r\000\040\000D\000a\000t\000a\000\040\000D\000o\000c\000u\000m\000e\000n\000t\000a\000t\000i\000o\000n}{section.7.1}% 69
\BOOKMARK [3][-]{subsubsection.7.1.2.1}{\376\377\0007\000.\0001\000.\0002\000.\0001\000\040\000b\000e\000d\000V\000a\000r\000i\000a\000n\000t\000P\000o\000s}{subsection.7.1.2}% 70
\BOOKMARK [3][-]{subsubsection.7.1.2.2}{\376\377\0007\000.\0001\000.\0002\000.\0002\000\040\000b\000e\000g\000i\000n}{subsection.7.1.2}% 71
\BOOKMARK [3][-]{subsubsection.7.1.2.3}{\376\377\0007\000.\0001\000.\0002\000.\0003\000\040\000b\000i\000m\000D\000e\000l\000i\000m}{subsection.7.1.2}% 72
\BOOKMARK [3][-]{subsubsection.7.1.2.4}{\376\377\0007\000.\0001\000.\0002\000.\0004\000\040\000b\000i\000m\000L\000a\000s\000t}{subsection.7.1.2}% 73
\BOOKMARK [3][-]{subsubsection.7.1.2.5}{\376\377\0007\000.\0001\000.\0002\000.\0005\000\040\000e\000n\000d}{subsection.7.1.2}% 74
\BOOKMARK [3][-]{subsubsection.7.1.2.6}{\376\377\0007\000.\0001\000.\0002\000.\0006\000\040\000e\000x\000c\000l\000u\000d\000e\000C\000o\000l}{subsection.7.1.2}% 75
\BOOKMARK [3][-]{subsubsection.7.1.2.7}{\376\377\0007\000.\0001\000.\0002\000.\0007\000\040\000f\000a\000m\000D\000e\000l\000i\000m}{subsection.7.1.2}% 76
\BOOKMARK [3][-]{subsubsection.7.1.2.8}{\376\377\0007\000.\0001\000.\0002\000.\0008\000\040\000f\000i\000l\000t\000e\000r\000V\000a\000r\000i\000a\000n\000t\000s}{subsection.7.1.2}% 77
\BOOKMARK [3][-]{subsubsection.7.1.2.9}{\376\377\0007\000.\0001\000.\0002\000.\0009\000\040\000i\000n\000c\000l\000u\000d\000e\000\137\000i\000d\000x}{subsection.7.1.2}% 78
\BOOKMARK [3][-]{subsubsection.7.1.2.10}{\376\377\0007\000.\0001\000.\0002\000.\0001\0000\000\040\000n\000\137\000s\000a\000m\000p\000l\000e\000s}{subsection.7.1.2}% 79
\BOOKMARK [3][-]{subsubsection.7.1.2.11}{\376\377\0007\000.\0001\000.\0002\000.\0001\0001\000\040\000n\000\137\000v\000a\000r\000i\000a\000n\000t\000s}{subsection.7.1.2}% 80
\BOOKMARK [3][-]{subsubsection.7.1.2.12}{\376\377\0007\000.\0001\000.\0002\000.\0001\0002\000\040\000n\000e\000w\000\137\000c\000o\000v\000d\000a\000t\000a}{subsection.7.1.2}% 81
\BOOKMARK [3][-]{subsubsection.7.1.2.13}{\376\377\0007\000.\0001\000.\0002\000.\0001\0003\000\040\000n\000e\000w\000\137\000p\000h\000e\000n\000o\000d\000a\000t\000a}{subsection.7.1.2}% 82
\BOOKMARK [3][-]{subsubsection.7.1.2.14}{\376\377\0007\000.\0001\000.\0002\000.\0001\0004\000\040\000n\000e\000w\000\137\000s\000a\000m\000S\000i\000z\000e}{subsection.7.1.2}% 83
\BOOKMARK [3][-]{subsubsection.7.1.2.15}{\376\377\0007\000.\0001\000.\0002\000.\0001\0005\000\040\000n\000u\000m\000E\000x\000p\000S\000e\000l\000C\000o\000l\000\137\000n\000e\000w}{subsection.7.1.2}% 84
\BOOKMARK [3][-]{subsubsection.7.1.2.16}{\376\377\0007\000.\0001\000.\0002\000.\0001\0006\000\040\000n\000u\000m\000I\000n\000t\000S\000e\000l\000C\000o\000l\000\137\000n\000e\000w}{subsection.7.1.2}% 85
\BOOKMARK [3][-]{subsubsection.7.1.2.17}{\376\377\0007\000.\0001\000.\0002\000.\0001\0007\000\040\000n\000u\000m\000S\000e\000l\000C\000o\000l\000\137\000n\000e\000w}{subsection.7.1.2}% 86
\BOOKMARK [3][-]{subsubsection.7.1.2.18}{\376\377\0007\000.\0001\000.\0002\000.\0001\0008\000\040\000p\000h\000e\000n\000o\000T\000y\000p\000e}{subsection.7.1.2}% 87
\BOOKMARK [3][-]{subsubsection.7.1.2.19}{\376\377\0007\000.\0001\000.\0002\000.\0001\0009\000\040\000s\000a\000m\000p\000l\000e\000I\000D}{subsection.7.1.2}% 88
\BOOKMARK [3][-]{subsubsection.7.1.2.20}{\376\377\0007\000.\0001\000.\0002\000.\0002\0000\000\040\000s\000a\000m\000p\000l\000e\000I\000D\000\137\000a\000l\000l}{subsection.7.1.2}% 89
\BOOKMARK [3][-]{subsubsection.7.1.2.21}{\376\377\0007\000.\0001\000.\0002\000.\0002\0001\000\040\000t\000h\000r\000e\000a\000d\000s}{subsection.7.1.2}% 90
\BOOKMARK [1][-]{section.7.2}{\376\377\0007\000.\0002\000\040\000B\000g\000e\000n\000\040\000C\000l\000a\000s\000s\000\040\000R\000e\000f\000e\000r\000e\000n\000c\000e}{chapter.7}% 91
\BOOKMARK [2][-]{subsection.7.2.1}{\376\377\0007\000.\0002\000.\0001\000\040\000D\000e\000t\000a\000i\000l\000e\000d\000\040\000D\000e\000s\000c\000r\000i\000p\000t\000i\000o\000n}{section.7.2}% 92
\BOOKMARK [2][-]{subsection.7.2.2}{\376\377\0007\000.\0002\000.\0002\000\040\000M\000e\000m\000b\000e\000r\000\040\000F\000u\000n\000c\000t\000i\000o\000n\000\040\000D\000o\000c\000u\000m\000e\000n\000t\000a\000t\000i\000o\000n}{section.7.2}% 93
\BOOKMARK [3][-]{subsubsection.7.2.2.1}{\376\377\0007\000.\0002\000.\0002\000.\0001\000\040\000g\000e\000t\000P\000o\000s\000i\000t\000i\000o\000n\000O\000f\000B\000g\000e\000n\000V\000a\000r\000i\000a\000n\000t\000\050\000\051}{subsection.7.2.2}% 94
\BOOKMARK [3][-]{subsubsection.7.2.2.2}{\376\377\0007\000.\0002\000.\0002\000.\0002\000\040\000p\000r\000o\000c\000e\000s\000s\000B\000g\000e\000n\000H\000e\000a\000d\000e\000r\000B\000l\000o\000c\000k\000\050\000\051}{subsection.7.2.2}% 95
\BOOKMARK [3][-]{subsubsection.7.2.2.3}{\376\377\0007\000.\0002\000.\0002\000.\0003\000\040\000p\000r\000o\000c\000e\000s\000s\000B\000g\000e\000n\000S\000a\000m\000p\000l\000e\000B\000l\000o\000c\000k\000\050\000\051}{subsection.7.2.2}% 96
\BOOKMARK [2][-]{subsection.7.2.3}{\376\377\0007\000.\0002\000.\0003\000\040\000M\000e\000m\000b\000e\000r\000\040\000D\000a\000t\000a\000\040\000D\000o\000c\000u\000m\000e\000n\000t\000a\000t\000i\000o\000n}{section.7.2}% 97
\BOOKMARK [3][-]{subsubsection.7.2.3.1}{\376\377\0007\000.\0002\000.\0003\000.\0001\000\040\000b\000g\000e\000n\000V\000a\000r\000i\000a\000n\000t\000P\000o\000s}{subsection.7.2.3}% 98
\BOOKMARK [3][-]{subsubsection.7.2.3.2}{\376\377\0007\000.\0002\000.\0003\000.\0002\000\040\000C\000o\000m\000p\000r\000e\000s\000s\000e\000d\000S\000N\000P\000B\000l\000o\000c\000k\000s}{subsection.7.2.3}% 99
\BOOKMARK [3][-]{subsubsection.7.2.3.3}{\376\377\0007\000.\0002\000.\0003\000.\0003\000\040\000e\000x\000c\000l\000u\000d\000e\000C\000o\000l}{subsection.7.2.3}% 100
\BOOKMARK [3][-]{subsubsection.7.2.3.4}{\376\377\0007\000.\0002\000.\0003\000.\0004\000\040\000f\000i\000l\000t\000e\000r\000V\000a\000r\000i\000a\000n\000t\000s}{subsection.7.2.3}% 101
\BOOKMARK [3][-]{subsubsection.7.2.3.5}{\376\377\0007\000.\0002\000.\0003\000.\0005\000\040\000f\000i\000n}{subsection.7.2.3}% 102
\BOOKMARK [3][-]{subsubsection.7.2.3.6}{\376\377\0007\000.\0002\000.\0003\000.\0006\000\040\000i\000n\000c\000l\000u\000d\000e\000\137\000i\000d\000x}{subsection.7.2.3}% 103
\BOOKMARK [3][-]{subsubsection.7.2.3.7}{\376\377\0007\000.\0002\000.\0003\000.\0007\000\040\000i\000n\000c\000l\000u\000d\000e\000V\000a\000r\000i\000a\000n\000t\000I\000n\000d\000e\000x}{subsection.7.2.3}% 104
\BOOKMARK [3][-]{subsubsection.7.2.3.8}{\376\377\0007\000.\0002\000.\0003\000.\0008\000\040\000k\000e\000e\000p\000V\000a\000r\000i\000a\000n\000t\000s}{subsection.7.2.3}% 105
\BOOKMARK [3][-]{subsubsection.7.2.3.9}{\376\377\0007\000.\0002\000.\0003\000.\0009\000\040\000L\000a\000y\000o\000u\000t}{subsection.7.2.3}% 106
\BOOKMARK [3][-]{subsubsection.7.2.3.10}{\376\377\0007\000.\0002\000.\0003\000.\0001\0000\000\040\000M\000b\000g\000e\000n}{subsection.7.2.3}% 107
\BOOKMARK [3][-]{subsubsection.7.2.3.11}{\376\377\0007\000.\0002\000.\0003\000.\0001\0001\000\040\000M\000b\000g\000e\000n\000\137\000b\000e\000g\000i\000n}{subsection.7.2.3}% 108
\BOOKMARK [3][-]{subsubsection.7.2.3.12}{\376\377\0007\000.\0002\000.\0003\000.\0001\0002\000\040\000M\000b\000g\000e\000n\000\137\000e\000n\000d}{subsection.7.2.3}% 109
\BOOKMARK [3][-]{subsubsection.7.2.3.13}{\376\377\0007\000.\0002\000.\0003\000.\0001\0003\000\040\000N\000b\000g\000e\000n}{subsection.7.2.3}% 110
\BOOKMARK [3][-]{subsubsection.7.2.3.14}{\376\377\0007\000.\0002\000.\0003\000.\0001\0004\000\040\000n\000e\000w\000\137\000c\000o\000v\000d\000a\000t\000a}{subsection.7.2.3}% 111
\BOOKMARK [3][-]{subsubsection.7.2.3.15}{\376\377\0007\000.\0002\000.\0003\000.\0001\0005\000\040\000n\000e\000w\000\137\000p\000h\000e\000n\000o\000d\000a\000t\000a}{subsection.7.2.3}% 112
\BOOKMARK [3][-]{subsubsection.7.2.3.16}{\376\377\0007\000.\0002\000.\0003\000.\0001\0006\000\040\000n\000e\000w\000\137\000s\000a\000m\000S\000i\000z\000e}{subsection.7.2.3}% 113
\BOOKMARK [3][-]{subsubsection.7.2.3.17}{\376\377\0007\000.\0002\000.\0003\000.\0001\0007\000\040\000n\000u\000m\000E\000x\000p\000S\000e\000l\000C\000o\000l\000\137\000n\000e\000w}{subsection.7.2.3}% 114
\BOOKMARK [3][-]{subsubsection.7.2.3.18}{\376\377\0007\000.\0002\000.\0003\000.\0001\0008\000\040\000n\000u\000m\000I\000n\000t\000S\000e\000l\000C\000o\000l\000\137\000n\000e\000w}{subsection.7.2.3}% 115
\BOOKMARK [3][-]{subsubsection.7.2.3.19}{\376\377\0007\000.\0002\000.\0003\000.\0001\0009\000\040\000n\000u\000m\000S\000e\000l\000C\000o\000l\000\137\000n\000e\000w}{subsection.7.2.3}% 116
\BOOKMARK [3][-]{subsubsection.7.2.3.20}{\376\377\0007\000.\0002\000.\0003\000.\0002\0000\000\040\000o\000f\000f\000s\000e\000t}{subsection.7.2.3}% 117
\BOOKMARK [3][-]{subsubsection.7.2.3.21}{\376\377\0007\000.\0002\000.\0003\000.\0002\0001\000\040\000p\000h\000e\000n\000o\000T\000y\000p\000e}{subsection.7.2.3}% 118
\BOOKMARK [3][-]{subsubsection.7.2.3.22}{\376\377\0007\000.\0002\000.\0003\000.\0002\0002\000\040\000s\000a\000m\000p\000l\000e\000I\000D}{subsection.7.2.3}% 119
\BOOKMARK [3][-]{subsubsection.7.2.3.23}{\376\377\0007\000.\0002\000.\0003\000.\0002\0003\000\040\000s\000a\000m\000p\000l\000e\000I\000D\000\137\000a\000l\000l}{subsection.7.2.3}% 120
\BOOKMARK [3][-]{subsubsection.7.2.3.24}{\376\377\0007\000.\0002\000.\0003\000.\0002\0004\000\040\000S\000a\000m\000p\000l\000e\000I\000d\000e\000n\000t\000i\000f\000i\000e\000r\000s}{subsection.7.2.3}% 121
\BOOKMARK [3][-]{subsubsection.7.2.3.25}{\376\377\0007\000.\0002\000.\0003\000.\0002\0005\000\040\000t\000h\000r\000e\000a\000d\000s}{subsection.7.2.3}% 122
\BOOKMARK [3][-]{subsubsection.7.2.3.26}{\376\377\0007\000.\0002\000.\0003\000.\0002\0006\000\040\000v\000a\000r\000i\000a\000n\000t\000\137\000p\000o\000s}{subsection.7.2.3}% 123
\BOOKMARK [1][-]{section.7.3}{\376\377\0007\000.\0003\000\040\000B\000i\000n\000E\000\040\000C\000l\000a\000s\000s\000\040\000R\000e\000f\000e\000r\000e\000n\000c\000e}{chapter.7}% 124
\BOOKMARK [2][-]{subsection.7.3.1}{\376\377\0007\000.\0003\000.\0001\000\040\000M\000e\000m\000b\000e\000r\000\040\000F\000u\000n\000c\000t\000i\000o\000n\000\040\000D\000o\000c\000u\000m\000e\000n\000t\000a\000t\000i\000o\000n}{section.7.3}% 125
\BOOKMARK [3][-]{subsubsection.7.3.1.1}{\376\377\0007\000.\0003\000.\0001\000.\0001\000\040\000c\000h\000e\000c\000k\000B\000i\000n\000a\000r\000y\000C\000o\000v\000a\000r\000i\000a\000t\000e\000s\000\050\000\051}{subsection.7.3.1}% 126
\BOOKMARK [2][-]{subsection.7.3.2}{\376\377\0007\000.\0003\000.\0002\000\040\000M\000e\000m\000b\000e\000r\000\040\000D\000a\000t\000a\000\040\000D\000o\000c\000u\000m\000e\000n\000t\000a\000t\000i\000o\000n}{section.7.3}% 127
\BOOKMARK [3][-]{subsubsection.7.3.2.1}{\376\377\0007\000.\0003\000.\0002\000.\0001\000\040\000b\000i\000n\000\137\000h\000e\000a\000d\000e\000r\000s}{subsection.7.3.2}% 128
\BOOKMARK [3][-]{subsubsection.7.3.2.2}{\376\377\0007\000.\0003\000.\0002\000.\0002\000\040\000n\000B\000i\000n\000E}{subsection.7.3.2}% 129
\BOOKMARK [3][-]{subsubsection.7.3.2.3}{\376\377\0007\000.\0003\000.\0002\000.\0003\000\040\000s\000t\000r\000a\000t\000a\000L\000e\000n}{subsection.7.3.2}% 130
\BOOKMARK [3][-]{subsubsection.7.3.2.4}{\376\377\0007\000.\0003\000.\0002\000.\0004\000\040\000s\000t\000r\000a\000t\000u\000m\000\137\000i\000d\000x}{subsection.7.3.2}% 131
\BOOKMARK [1][-]{section.7.4}{\376\377\0007\000.\0004\000\040\000C\000e\000r\000r\000R\000e\000d\000i\000r\000e\000c\000t\000o\000r\000\040\000C\000l\000a\000s\000s\000\040\000R\000e\000f\000e\000r\000e\000n\000c\000e}{chapter.7}% 132
\BOOKMARK [2][-]{subsection.7.4.1}{\376\377\0007\000.\0004\000.\0001\000\040\000D\000e\000t\000a\000i\000l\000e\000d\000\040\000D\000e\000s\000c\000r\000i\000p\000t\000i\000o\000n}{section.7.4}% 133
\BOOKMARK [2][-]{subsection.7.4.2}{\376\377\0007\000.\0004\000.\0002\000\040\000M\000e\000m\000b\000e\000r\000\040\000F\000u\000n\000c\000t\000i\000o\000n\000\040\000D\000o\000c\000u\000m\000e\000n\000t\000a\000t\000i\000o\000n}{section.7.4}% 134
\BOOKMARK [3][-]{subsubsection.7.4.2.1}{\376\377\0007\000.\0004\000.\0002\000.\0001\000\040\000o\000v\000e\000r\000f\000l\000o\000w\000\050\000\051}{subsection.7.4.2}% 135
\BOOKMARK [3][-]{subsubsection.7.4.2.2}{\376\377\0007\000.\0004\000.\0002\000.\0002\000\040\000s\000y\000n\000c\000\050\000\051}{subsection.7.4.2}% 136
\BOOKMARK [1][-]{section.7.5}{\376\377\0007\000.\0005\000\040\000C\000o\000m\000m\000a\000n\000d\000L\000i\000n\000e\000\040\000C\000l\000a\000s\000s\000\040\000R\000e\000f\000e\000r\000e\000n\000c\000e}{chapter.7}% 137
\BOOKMARK [2][-]{subsection.7.5.1}{\376\377\0007\000.\0005\000.\0001\000\040\000M\000e\000m\000b\000e\000r\000\040\000F\000u\000n\000c\000t\000i\000o\000n\000\040\000D\000o\000c\000u\000m\000e\000n\000t\000a\000t\000i\000o\000n}{section.7.5}% 138
\BOOKMARK [3][-]{subsubsection.7.5.1.1}{\376\377\0007\000.\0005\000.\0001\000.\0001\000\040\000p\000r\000o\000c\000e\000s\000s\000C\000o\000m\000m\000a\000n\000d\000L\000i\000n\000e\000\050\000\051}{subsection.7.5.1}% 139
\BOOKMARK [2][-]{subsection.7.5.2}{\376\377\0007\000.\0005\000.\0002\000\040\000M\000e\000m\000b\000e\000r\000\040\000D\000a\000t\000a\000\040\000D\000o\000c\000u\000m\000e\000n\000t\000a\000t\000i\000o\000n}{section.7.5}% 140
\BOOKMARK [3][-]{subsubsection.7.5.2.1}{\376\377\0007\000.\0005\000.\0002\000.\0001\000\040\000b\000e\000d\000F\000i\000l\000e}{subsection.7.5.2}% 141
\BOOKMARK [3][-]{subsubsection.7.5.2.2}{\376\377\0007\000.\0005\000.\0002\000.\0002\000\040\000b\000g\000e\000n\000F\000i\000l\000e}{subsection.7.5.2}% 142
\BOOKMARK [3][-]{subsubsection.7.5.2.3}{\376\377\0007\000.\0005\000.\0002\000.\0003\000\040\000b\000i\000m\000F\000i\000l\000e}{subsection.7.5.2}% 143
\BOOKMARK [3][-]{subsubsection.7.5.2.4}{\376\377\0007\000.\0005\000.\0002\000.\0004\000\040\000c\000a\000t\000\137\000n\000a\000m\000e\000s}{subsection.7.5.2}% 144
\BOOKMARK [3][-]{subsubsection.7.5.2.5}{\376\377\0007\000.\0005\000.\0002\000.\0005\000\040\000c\000a\000t\000\137\000t\000h\000r\000e\000s\000h\000o\000l\000d}{subsection.7.5.2}% 145
\BOOKMARK [3][-]{subsubsection.7.5.2.6}{\376\377\0007\000.\0005\000.\0002\000.\0006\000\040\000c\000e\000n\000t\000e\000r}{subsection.7.5.2}% 146
\BOOKMARK [3][-]{subsubsection.7.5.2.7}{\376\377\0007\000.\0005\000.\0002\000.\0007\000\040\000c\000o\000v}{subsection.7.5.2}% 147
\BOOKMARK [3][-]{subsubsection.7.5.2.8}{\376\377\0007\000.\0005\000.\0002\000.\0008\000\040\000c\000o\000v\000H\000M}{subsection.7.5.2}% 148
\BOOKMARK [3][-]{subsubsection.7.5.2.9}{\376\377\0007\000.\0005\000.\0002\000.\0009\000\040\000d\000e\000l\000i\000m}{subsection.7.5.2}% 149
\BOOKMARK [3][-]{subsubsection.7.5.2.10}{\376\377\0007\000.\0005\000.\0002\000.\0001\0000\000\040\000d\000e\000l\000i\000m\000\137\000k}{subsection.7.5.2}% 150
\BOOKMARK [3][-]{subsubsection.7.5.2.11}{\376\377\0007\000.\0005\000.\0002\000.\0001\0001\000\040\000d\000o\000F\000i\000l\000t\000e\000r\000s}{subsection.7.5.2}% 151
\BOOKMARK [3][-]{subsubsection.7.5.2.12}{\376\377\0007\000.\0005\000.\0002\000.\0001\0002\000\040\000e\000x\000p}{subsection.7.5.2}% 152
\BOOKMARK [3][-]{subsubsection.7.5.2.13}{\376\377\0007\000.\0005\000.\0002\000.\0001\0003\000\040\000e\000x\000p\000H\000M}{subsection.7.5.2}% 153
\BOOKMARK [3][-]{subsubsection.7.5.2.14}{\376\377\0007\000.\0005\000.\0002\000.\0001\0004\000\040\000f\000a\000m\000F\000i\000l\000e}{subsection.7.5.2}% 154
\BOOKMARK [3][-]{subsubsection.7.5.2.15}{\376\377\0007\000.\0005\000.\0002\000.\0001\0005\000\040\000g\000r\000o\000u\000p}{subsection.7.5.2}% 155
\BOOKMARK [3][-]{subsubsection.7.5.2.16}{\376\377\0007\000.\0005\000.\0002\000.\0001\0006\000\040\000i\000c\000o\000v}{subsection.7.5.2}% 156
\BOOKMARK [3][-]{subsubsection.7.5.2.17}{\376\377\0007\000.\0005\000.\0002\000.\0001\0007\000\040\000i\000n\000c\000l\000u\000d\000e\000V\000a\000r\000i\000a\000n\000t\000F\000i\000l\000e}{subsection.7.5.2}% 157
\BOOKMARK [3][-]{subsubsection.7.5.2.18}{\376\377\0007\000.\0005\000.\0002\000.\0001\0008\000\040\000i\000n\000t\000H\000M}{subsection.7.5.2}% 158
\BOOKMARK [3][-]{subsubsection.7.5.2.19}{\376\377\0007\000.\0005\000.\0002\000.\0001\0009\000\040\000k\000i\000n\000\137\000d\000e\000l\000i\000m}{subsection.7.5.2}% 159
\BOOKMARK [3][-]{subsubsection.7.5.2.20}{\376\377\0007\000.\0005\000.\0002\000.\0002\0000\000\040\000k\000i\000n\000\137\000d\000i\000a\000g}{subsection.7.5.2}% 160
\BOOKMARK [3][-]{subsubsection.7.5.2.21}{\376\377\0007\000.\0005\000.\0002\000.\0002\0001\000\040\000k\000i\000n\000\137\000f\000i\000l\000e}{subsection.7.5.2}% 161
\BOOKMARK [3][-]{subsubsection.7.5.2.22}{\376\377\0007\000.\0005\000.\0002\000.\0002\0002\000\040\000k\000i\000n\000\137\000f\000l\000a\000g}{subsection.7.5.2}% 162
\BOOKMARK [3][-]{subsubsection.7.5.2.23}{\376\377\0007\000.\0005\000.\0002\000.\0002\0003\000\040\000M\000A\000F}{subsection.7.5.2}% 163
\BOOKMARK [3][-]{subsubsection.7.5.2.24}{\376\377\0007\000.\0005\000.\0002\000.\0002\0004\000\040\000m\000i\000s\000s\000G\000e\000n\000o\000R\000a\000t\000e}{subsection.7.5.2}% 164
\BOOKMARK [3][-]{subsubsection.7.5.2.25}{\376\377\0007\000.\0005\000.\0002\000.\0002\0005\000\040\000m\000i\000s\000s\000i\000n\000g}{subsection.7.5.2}% 165
\BOOKMARK [3][-]{subsubsection.7.5.2.26}{\376\377\0007\000.\0005\000.\0002\000.\0002\0006\000\040\000n\000u\000m\000E\000x\000p\000S\000e\000l\000C\000o\000l}{subsection.7.5.2}% 166
\BOOKMARK [3][-]{subsubsection.7.5.2.27}{\376\377\0007\000.\0005\000.\0002\000.\0002\0007\000\040\000n\000u\000m\000I\000n\000t\000S\000e\000l\000C\000o\000l}{subsection.7.5.2}% 167
\BOOKMARK [3][-]{subsubsection.7.5.2.28}{\376\377\0007\000.\0005\000.\0002\000.\0002\0008\000\040\000n\000u\000m\000S\000e\000l\000C\000o\000l}{subsection.7.5.2}% 168
\BOOKMARK [3][-]{subsubsection.7.5.2.29}{\376\377\0007\000.\0005\000.\0002\000.\0002\0009\000\040\000o\000u\000t\000F\000i\000l\000e}{subsection.7.5.2}% 169
\BOOKMARK [3][-]{subsubsection.7.5.2.30}{\376\377\0007\000.\0005\000.\0002\000.\0003\0000\000\040\000o\000u\000t\000S\000t\000y\000l\000e}{subsection.7.5.2}% 170
\BOOKMARK [3][-]{subsubsection.7.5.2.31}{\376\377\0007\000.\0005\000.\0002\000.\0003\0001\000\040\000p\000g\000e\000n\000F\000i\000l\000e}{subsection.7.5.2}% 171
\BOOKMARK [3][-]{subsubsection.7.5.2.32}{\376\377\0007\000.\0005\000.\0002\000.\0003\0002\000\040\000p\000h\000e\000n\000o\000\137\000d\000e\000l\000i\000m}{subsection.7.5.2}% 172
\BOOKMARK [3][-]{subsubsection.7.5.2.33}{\376\377\0007\000.\0005\000.\0002\000.\0003\0003\000\040\000p\000h\000e\000n\000o\000\137\000f\000i\000l\000e}{subsection.7.5.2}% 173
\BOOKMARK [3][-]{subsubsection.7.5.2.34}{\376\377\0007\000.\0005\000.\0002\000.\0003\0004\000\040\000p\000h\000e\000n\000o\000N\000a\000m\000e}{subsection.7.5.2}% 174
\BOOKMARK [3][-]{subsubsection.7.5.2.35}{\376\377\0007\000.\0005\000.\0002\000.\0003\0005\000\040\000p\000s\000a\000m\000F\000i\000l\000e}{subsection.7.5.2}% 175
\BOOKMARK [3][-]{subsubsection.7.5.2.36}{\376\377\0007\000.\0005\000.\0002\000.\0003\0006\000\040\000p\000v\000a\000r\000F\000i\000l\000e}{subsection.7.5.2}% 176
\BOOKMARK [3][-]{subsubsection.7.5.2.37}{\376\377\0007\000.\0005\000.\0002\000.\0003\0007\000\040\000r\000a\000n\000d\000o\000m\000S\000l\000o\000p\000e}{subsection.7.5.2}% 177
\BOOKMARK [3][-]{subsubsection.7.5.2.38}{\376\377\0007\000.\0005\000.\0002\000.\0003\0008\000\040\000r\000o\000b\000u\000s\000t}{subsection.7.5.2}% 178
\BOOKMARK [3][-]{subsubsection.7.5.2.39}{\376\377\0007\000.\0005\000.\0002\000.\0003\0009\000\040\000s\000a\000m\000p\000l\000e\000f\000i\000l\000e}{subsection.7.5.2}% 179
\BOOKMARK [3][-]{subsubsection.7.5.2.40}{\376\377\0007\000.\0005\000.\0002\000.\0004\0000\000\040\000s\000a\000m\000p\000l\000e\000F\000i\000l\000e}{subsection.7.5.2}% 180
\BOOKMARK [3][-]{subsubsection.7.5.2.41}{\376\377\0007\000.\0005\000.\0002\000.\0004\0001\000\040\000s\000a\000m\000p\000l\000e\000I\000D}{subsection.7.5.2}% 181
\BOOKMARK [3][-]{subsubsection.7.5.2.42}{\376\377\0007\000.\0005\000.\0002\000.\0004\0002\000\040\000s\000c\000a\000l\000e}{subsection.7.5.2}% 182
\BOOKMARK [3][-]{subsubsection.7.5.2.43}{\376\377\0007\000.\0005\000.\0002\000.\0004\0003\000\040\000s\000t\000r\000e\000a\000m\000\137\000s\000n\000p\000s}{subsection.7.5.2}% 183
\BOOKMARK [3][-]{subsubsection.7.5.2.44}{\376\377\0007\000.\0005\000.\0002\000.\0004\0004\000\040\000t\000h\000r\000e\000a\000d\000s}{subsection.7.5.2}% 184
\BOOKMARK [3][-]{subsubsection.7.5.2.45}{\376\377\0007\000.\0005\000.\0002\000.\0004\0005\000\040\000t\000o\000l}{subsection.7.5.2}% 185
\BOOKMARK [3][-]{subsubsection.7.5.2.46}{\376\377\0007\000.\0005\000.\0002\000.\0004\0006\000\040\000u\000s\000e\000B\000e\000d\000F\000i\000l\000e}{subsection.7.5.2}% 186
\BOOKMARK [3][-]{subsubsection.7.5.2.47}{\376\377\0007\000.\0005\000.\0002\000.\0004\0007\000\040\000u\000s\000e\000B\000g\000e\000n\000F\000i\000l\000e}{subsection.7.5.2}% 187
\BOOKMARK [3][-]{subsubsection.7.5.2.48}{\376\377\0007\000.\0005\000.\0002\000.\0004\0008\000\040\000u\000s\000e\000P\000g\000e\000n\000F\000i\000l\000e}{subsection.7.5.2}% 188
\BOOKMARK [3][-]{subsubsection.7.5.2.49}{\376\377\0007\000.\0005\000.\0002\000.\0004\0009\000\040\000u\000s\000e\000S\000a\000m\000p\000l\000e\000F\000i\000l\000e}{subsection.7.5.2}% 189
\BOOKMARK [1][-]{section.7.6}{\376\377\0007\000.\0006\000\040\000C\000o\000u\000t\000R\000e\000d\000i\000r\000e\000c\000t\000o\000r\000\040\000C\000l\000a\000s\000s\000\040\000R\000e\000f\000e\000r\000e\000n\000c\000e}{chapter.7}% 190
\BOOKMARK [2][-]{subsection.7.6.1}{\376\377\0007\000.\0006\000.\0001\000\040\000D\000e\000t\000a\000i\000l\000e\000d\000\040\000D\000e\000s\000c\000r\000i\000p\000t\000i\000o\000n}{section.7.6}% 191
\BOOKMARK [2][-]{subsection.7.6.2}{\376\377\0007\000.\0006\000.\0002\000\040\000M\000e\000m\000b\000e\000r\000\040\000F\000u\000n\000c\000t\000i\000o\000n\000\040\000D\000o\000c\000u\000m\000e\000n\000t\000a\000t\000i\000o\000n}{section.7.6}% 192
\BOOKMARK [3][-]{subsubsection.7.6.2.1}{\376\377\0007\000.\0006\000.\0002\000.\0001\000\040\000o\000v\000e\000r\000f\000l\000o\000w\000\050\000\051}{subsection.7.6.2}% 193
\BOOKMARK [3][-]{subsubsection.7.6.2.2}{\376\377\0007\000.\0006\000.\0002\000.\0002\000\040\000s\000y\000n\000c\000\050\000\051}{subsection.7.6.2}% 194
\BOOKMARK [1][-]{section.7.7}{\376\377\0007\000.\0007\000\040\000D\000a\000t\000a\000F\000r\000a\000m\000e\000\040\000C\000l\000a\000s\000s\000\040\000R\000e\000f\000e\000r\000e\000n\000c\000e}{chapter.7}% 195
\BOOKMARK [2][-]{subsection.7.7.1}{\376\377\0007\000.\0007\000.\0001\000\040\000D\000e\000t\000a\000i\000l\000e\000d\000\040\000D\000e\000s\000c\000r\000i\000p\000t\000i\000o\000n}{section.7.7}% 196
\BOOKMARK [2][-]{subsection.7.7.2}{\376\377\0007\000.\0007\000.\0002\000\040\000M\000e\000m\000b\000e\000r\000\040\000F\000u\000n\000c\000t\000i\000o\000n\000\040\000D\000o\000c\000u\000m\000e\000n\000t\000a\000t\000i\000o\000n}{section.7.7}% 197
\BOOKMARK [3][-]{subsubsection.7.7.2.1}{\376\377\0007\000.\0007\000.\0002\000.\0001\000\040\000a\000n\000y\000\137\000d\000u\000p\000l\000i\000c\000a\000t\000e\000d\000\050\000\051}{subsection.7.7.2}% 198
\BOOKMARK [3][-]{subsubsection.7.7.2.2}{\376\377\0007\000.\0007\000.\0002\000.\0002\000\040\000c\000o\000p\000y\000\137\000b\000y\000\137\000h\000d\000r\000s\000\050\000\051}{subsection.7.7.2}% 199
\BOOKMARK [3][-]{subsubsection.7.7.2.3}{\376\377\0007\000.\0007\000.\0002\000.\0003\000\040\000g\000e\000t\000\137\000h\000e\000a\000d\000e\000r\000\050\000\051}{subsection.7.7.2}% 200
\BOOKMARK [3][-]{subsubsection.7.7.2.4}{\376\377\0007\000.\0007\000.\0002\000.\0004\000\040\000h\000e\000a\000d\000\050\000\051}{subsection.7.7.2}% 201
\BOOKMARK [3][-]{subsubsection.7.7.2.5}{\376\377\0007\000.\0007\000.\0002\000.\0005\000\040\000i\000s\000D\000a\000t\000a\000F\000r\000a\000m\000e\000C\000r\000e\000a\000t\000e\000d\000\050\000\051}{subsection.7.7.2}% 202
\BOOKMARK [3][-]{subsubsection.7.7.2.6}{\376\377\0007\000.\0007\000.\0002\000.\0006\000\040\000l\000i\000s\000t\000\137\000d\000u\000p\000l\000i\000c\000a\000t\000e\000s\000\050\000\051}{subsection.7.7.2}% 203
\BOOKMARK [3][-]{subsubsection.7.7.2.7}{\376\377\0007\000.\0007\000.\0002\000.\0007\000\040\000l\000i\000s\000t\000\137\000u\000n\000i\000q\000u\000e\000\050\000\051}{subsection.7.7.2}% 204
\BOOKMARK [3][-]{subsubsection.7.7.2.8}{\376\377\0007\000.\0007\000.\0002\000.\0008\000\040\000m\000a\000t\000c\000h\000\137\000g\000e\000n\000o\000i\000d\000s\000\050\000\051}{subsection.7.7.2}% 205
\BOOKMARK [3][-]{subsubsection.7.7.2.9}{\376\377\0007\000.\0007\000.\0002\000.\0009\000\040\000n\000\137\000c\000o\000l\000s\000\050\000\051}{subsection.7.7.2}% 206
\BOOKMARK [3][-]{subsubsection.7.7.2.10}{\376\377\0007\000.\0007\000.\0002\000.\0001\0000\000\040\000n\000\137\000r\000o\000w\000s\000\050\000\051}{subsection.7.7.2}% 207
\BOOKMARK [3][-]{subsubsection.7.7.2.11}{\376\377\0007\000.\0007\000.\0002\000.\0001\0001\000\040\000r\000e\000a\000d\000\137\000f\000i\000l\000e\000\050\000\051\000\040\000[\0001\000/\0002\000]}{subsection.7.7.2}% 208
\BOOKMARK [3][-]{subsubsection.7.7.2.12}{\376\377\0007\000.\0007\000.\0002\000.\0001\0002\000\040\000r\000e\000a\000d\000\137\000f\000i\000l\000e\000\050\000\051\000\040\000[\0002\000/\0002\000]}{subsection.7.7.2}% 209
\BOOKMARK [3][-]{subsubsection.7.7.2.13}{\376\377\0007\000.\0007\000.\0002\000.\0001\0003\000\040\000r\000e\000m\000o\000v\000e\000\137\000d\000u\000p\000l\000i\000c\000a\000t\000e\000s\000\050\000\051\000\040\000[\0001\000/\0002\000]}{subsection.7.7.2}% 210
\BOOKMARK [3][-]{subsubsection.7.7.2.14}{\376\377\0007\000.\0007\000.\0002\000.\0001\0004\000\040\000r\000e\000m\000o\000v\000e\000\137\000d\000u\000p\000l\000i\000c\000a\000t\000e\000s\000\050\000\051\000\040\000[\0002\000/\0002\000]}{subsection.7.7.2}% 211
\BOOKMARK [3][-]{subsubsection.7.7.2.15}{\376\377\0007\000.\0007\000.\0002\000.\0001\0005\000\040\000s\000i\000z\000e\000\137\000w\000o\000\137\000d\000u\000p\000l\000i\000c\000a\000t\000e\000s\000\050\000\051}{subsection.7.7.2}% 212
\BOOKMARK [2][-]{subsection.7.7.3}{\376\377\0007\000.\0007\000.\0003\000\040\000M\000e\000m\000b\000e\000r\000\040\000D\000a\000t\000a\000\040\000D\000o\000c\000u\000m\000e\000n\000t\000a\000t\000i\000o\000n}{section.7.7}% 213
\BOOKMARK [3][-]{subsubsection.7.7.3.1}{\376\377\0007\000.\0007\000.\0003\000.\0001\000\040\000m\000\137\000d\000a\000t\000a}{subsection.7.7.3}% 214
\BOOKMARK [3][-]{subsubsection.7.7.3.2}{\376\377\0007\000.\0007\000.\0003\000.\0002\000\040\000m\000\137\000g\000e\000n\000o\000\137\000i\000d\000s}{subsection.7.7.3}% 215
\BOOKMARK [3][-]{subsubsection.7.7.3.3}{\376\377\0007\000.\0007\000.\0003\000.\0003\000\040\000m\000\137\000h\000e\000a\000d\000e\000r\000s}{subsection.7.7.3}% 216
\BOOKMARK [3][-]{subsubsection.7.7.3.4}{\376\377\0007\000.\0007\000.\0003\000.\0004\000\040\000m\000\137\000m\000i\000s\000s\000i\000n\000g\000\137\000k\000e\000y}{subsection.7.7.3}% 217
\BOOKMARK [3][-]{subsubsection.7.7.3.5}{\376\377\0007\000.\0007\000.\0003\000.\0005\000\040\000m\000\137\000n\000c\000o\000l\000s}{subsection.7.7.3}% 218
\BOOKMARK [3][-]{subsubsection.7.7.3.6}{\376\377\0007\000.\0007\000.\0003\000.\0006\000\040\000m\000\137\000n\000r\000o\000w\000s}{subsection.7.7.3}% 219
\BOOKMARK [1][-]{section.7.8}{\376\377\0007\000.\0008\000\040\000F\000i\000t\000\040\000S\000t\000r\000u\000c\000t\000\040\000R\000e\000f\000e\000r\000e\000n\000c\000e}{chapter.7}% 220
\BOOKMARK [2][-]{subsection.7.8.1}{\376\377\0007\000.\0008\000.\0001\000\040\000D\000e\000t\000a\000i\000l\000e\000d\000\040\000D\000e\000s\000c\000r\000i\000p\000t\000i\000o\000n}{section.7.8}% 221
\BOOKMARK [2][-]{subsection.7.8.2}{\376\377\0007\000.\0008\000.\0002\000\040\000M\000e\000m\000b\000e\000r\000\040\000F\000u\000n\000c\000t\000i\000o\000n\000\040\000D\000o\000c\000u\000m\000e\000n\000t\000a\000t\000i\000o\000n}{section.7.8}% 222
\BOOKMARK [3][-]{subsubsection.7.8.2.1}{\376\377\0007\000.\0008\000.\0002\000.\0001\000\040\000c\000a\000l\000c\000\137\000d\000m\000u\000\137\000d\000e\000t\000a\000\050\000\051}{subsection.7.8.2}% 223
\BOOKMARK [3][-]{subsubsection.7.8.2.2}{\376\377\0007\000.\0008\000.\0002\000.\0002\000\040\000c\000a\000l\000c\000\137\000s\000q\000r\000t\000W\000\050\000\051}{subsection.7.8.2}% 224
\BOOKMARK [2][-]{subsection.7.8.3}{\376\377\0007\000.\0008\000.\0003\000\040\000M\000e\000m\000b\000e\000r\000\040\000D\000a\000t\000a\000\040\000D\000o\000c\000u\000m\000e\000n\000t\000a\000t\000i\000o\000n}{section.7.8}% 225
\BOOKMARK [3][-]{subsubsection.7.8.3.1}{\376\377\0007\000.\0008\000.\0003\000.\0001\000\040\000a\000l\000p\000h\000a}{subsection.7.8.3}% 226
\BOOKMARK [3][-]{subsubsection.7.8.3.2}{\376\377\0007\000.\0008\000.\0003\000.\0002\000\040\000c\000o\000v}{subsection.7.8.3}% 227
\BOOKMARK [3][-]{subsubsection.7.8.3.3}{\376\377\0007\000.\0008\000.\0003\000.\0003\000\040\000d\000i\000a\000g\000\137\000s\000i\000g\000m\000a\000\137\000i}{subsection.7.8.3}% 228
\BOOKMARK [3][-]{subsubsection.7.8.3.4}{\376\377\0007\000.\0008\000.\0003\000.\0004\000\040\000d\000i\000a\000g\000\137\000s\000i\000g\000m\000a\000\137\000i\000\137\000Z\000P\000c\000h\000o\000l}{subsection.7.8.3}% 229
\BOOKMARK [3][-]{subsubsection.7.8.3.5}{\376\377\0007\000.\0008\000.\0003\000.\0005\000\040\000d\000m\000u\000\137\000d\000e\000t\000a}{subsection.7.8.3}% 230
\BOOKMARK [3][-]{subsubsection.7.8.3.6}{\376\377\0007\000.\0008\000.\0003\000.\0006\000\040\000d\000t\000a\000u}{subsection.7.8.3}% 231
\BOOKMARK [3][-]{subsubsection.7.8.3.7}{\376\377\0007\000.\0008\000.\0003\000.\0007\000\040\000e\000t\000a}{subsection.7.8.3}% 232
\BOOKMARK [3][-]{subsubsection.7.8.3.8}{\376\377\0007\000.\0008\000.\0003\000.\0008\000\040\000m\000u}{subsection.7.8.3}% 233
\BOOKMARK [3][-]{subsubsection.7.8.3.9}{\376\377\0007\000.\0008\000.\0003\000.\0009\000\040\000s\000i\000g\000m\000a\000\137\000i}{subsection.7.8.3}% 234
\BOOKMARK [3][-]{subsubsection.7.8.3.10}{\376\377\0007\000.\0008\000.\0003\000.\0001\0000\000\040\000s\000i\000g\000m\000a\000\137\000i\000x}{subsection.7.8.3}% 235
\BOOKMARK [3][-]{subsubsection.7.8.3.11}{\376\377\0007\000.\0008\000.\0003\000.\0001\0001\000\040\000W}{subsection.7.8.3}% 236
\BOOKMARK [1][-]{section.7.9}{\376\377\0007\000.\0009\000\040\000G\000E\000M\000F\000i\000t\000\040\000S\000t\000r\000u\000c\000t\000\040\000R\000e\000f\000e\000r\000e\000n\000c\000e}{chapter.7}% 237
\BOOKMARK [2][-]{subsection.7.9.1}{\376\377\0007\000.\0009\000.\0001\000\040\000D\000e\000t\000a\000i\000l\000e\000d\000\040\000D\000e\000s\000c\000r\000i\000p\000t\000i\000o\000n}{section.7.9}% 238
\BOOKMARK [2][-]{subsection.7.9.2}{\376\377\0007\000.\0009\000.\0002\000\040\000M\000e\000m\000b\000e\000r\000\040\000F\000u\000n\000c\000t\000i\000o\000n\000\040\000D\000o\000c\000u\000m\000e\000n\000t\000a\000t\000i\000o\000n}{section.7.9}% 239
\BOOKMARK [3][-]{subsubsection.7.9.2.1}{\376\377\0007\000.\0009\000.\0002\000.\0001\000\040\000c\000o\000n\000v\000e\000r\000t\000\137\0002\000\137\000f\000i\000t\000\050\000\051}{subsection.7.9.2}% 240
\BOOKMARK [2][-]{subsection.7.9.3}{\376\377\0007\000.\0009\000.\0003\000\040\000M\000e\000m\000b\000e\000r\000\040\000D\000a\000t\000a\000\040\000D\000o\000c\000u\000m\000e\000n\000t\000a\000t\000i\000o\000n}{section.7.9}% 241
\BOOKMARK [3][-]{subsubsection.7.9.3.1}{\376\377\0007\000.\0009\000.\0003\000.\0001\000\040\000a\000l\000p\000h\000a}{subsection.7.9.3}% 242
\BOOKMARK [3][-]{subsubsection.7.9.3.2}{\376\377\0007\000.\0009\000.\0003\000.\0002\000\040\000e\000t\000a}{subsection.7.9.3}% 243
\BOOKMARK [3][-]{subsubsection.7.9.3.3}{\376\377\0007\000.\0009\000.\0003\000.\0003\000\040\000m\000u}{subsection.7.9.3}% 244
\BOOKMARK [3][-]{subsubsection.7.9.3.4}{\376\377\0007\000.\0009\000.\0003\000.\0004\000\040\000r\000e\000s\000i\000d}{subsection.7.9.3}% 245
\BOOKMARK [3][-]{subsubsection.7.9.3.5}{\376\377\0007\000.\0009\000.\0003\000.\0005\000\040\000s\000i\000g\000m\000a\0002}{subsection.7.9.3}% 246
\BOOKMARK [3][-]{subsubsection.7.9.3.6}{\376\377\0007\000.\0009\000.\0003\000.\0006\000\040\000X\000i\000n\000v\000X\000T\000X}{subsection.7.9.3}% 247
\BOOKMARK [1][-]{section.7.10}{\376\377\0007\000.\0001\0000\000\040\000G\000l\000m\000m\000k\000i\000n\000\040\000S\000t\000r\000u\000c\000t\000\040\000R\000e\000f\000e\000r\000e\000n\000c\000e}{chapter.7}% 248
\BOOKMARK [2][-]{subsection.7.10.1}{\376\377\0007\000.\0001\0000\000.\0001\000\040\000D\000e\000t\000a\000i\000l\000e\000d\000\040\000D\000e\000s\000c\000r\000i\000p\000t\000i\000o\000n}{section.7.10}% 249
\BOOKMARK [2][-]{subsection.7.10.2}{\376\377\0007\000.\0001\0000\000.\0002\000\040\000M\000e\000m\000b\000e\000r\000\040\000D\000a\000t\000a\000\040\000D\000o\000c\000u\000m\000e\000n\000t\000a\000t\000i\000o\000n}{section.7.10}% 250
\BOOKMARK [3][-]{subsubsection.7.10.2.1}{\376\377\0007\000.\0001\0000\000.\0002\000.\0001\000\040\000c\000o\000n\000v\000e\000r\000g\000e\000d}{subsection.7.10.2}% 251
\BOOKMARK [3][-]{subsubsection.7.10.2.2}{\376\377\0007\000.\0001\0000\000.\0002\000.\0002\000\040\000f\000i\000t}{subsection.7.10.2}% 252
\BOOKMARK [3][-]{subsubsection.7.10.2.3}{\376\377\0007\000.\0001\0000\000.\0002\000.\0003\000\040\000i\000d\000\137\000i\000n\000c\000l\000u\000d\000e}{subsection.7.10.2}% 253
\BOOKMARK [3][-]{subsubsection.7.10.2.4}{\376\377\0007\000.\0001\0000\000.\0002\000.\0004\000\040\000r\000e\000s\000i\000d\000u\000a\000l\000s}{subsection.7.10.2}% 254
\BOOKMARK [3][-]{subsubsection.7.10.2.5}{\376\377\0007\000.\0001\0000\000.\0002\000.\0005\000\040\000r\000u\000n\000\137\000w\000b}{subsection.7.10.2}% 255
\BOOKMARK [3][-]{subsubsection.7.10.2.6}{\376\377\0007\000.\0001\0000\000.\0002\000.\0006\000\040\000s\000c\000a\000l\000e\000d\000\137\000r\000e\000s\000i\000d\000u\000a\000l\000s}{subsection.7.10.2}% 256
\BOOKMARK [3][-]{subsubsection.7.10.2.7}{\376\377\0007\000.\0001\0000\000.\0002\000.\0007\000\040\000s\000i\000g\000m\000a\0002}{subsection.7.10.2}% 257
\BOOKMARK [1][-]{section.7.11}{\376\377\0007\000.\0001\0001\000\040\000G\000M\000M\000A\000T\000\040\000C\000l\000a\000s\000s\000\040\000R\000e\000f\000e\000r\000e\000n\000c\000e}{chapter.7}% 258
\BOOKMARK [2][-]{subsection.7.11.1}{\376\377\0007\000.\0001\0001\000.\0001\000\040\000D\000e\000t\000a\000i\000l\000e\000d\000\040\000D\000e\000s\000c\000r\000i\000p\000t\000i\000o\000n}{section.7.11}% 259
\BOOKMARK [2][-]{subsection.7.11.2}{\376\377\0007\000.\0001\0001\000.\0002\000\040\000M\000e\000m\000b\000e\000r\000\040\000F\000u\000n\000c\000t\000i\000o\000n\000\040\000D\000o\000c\000u\000m\000e\000n\000t\000a\000t\000i\000o\000n}{section.7.11}% 260
\BOOKMARK [3][-]{subsubsection.7.11.2.1}{\376\377\0007\000.\0001\0001\000.\0002\000.\0001\000\040\000b\000u\000i\000l\000d\000\137\000P\000s\000i\000\050\000\051}{subsection.7.11.2}% 261
\BOOKMARK [3][-]{subsubsection.7.11.2.2}{\376\377\0007\000.\0001\0001\000.\0002\000.\0002\000\040\000u\000s\000e\000d\000\040\000i\000n\000\040\000W\000o\000o\000d\000b\000u\000r\000y\000\040\000l\000o\000n\000g\000i\000t\000u\000d\000i\000n\000a\000l\000\040\000g\000e\000n\000e\000r\000a\000l\000i\000z\000e\000d\000\040\000l\000i\000n\000e\000a\000r\000\040\000m\000i\000x\000e\000d\000\040\000m\000o\000d\000e\000l\000s\000\040\000\050\000G\000L\000M\000M\000s\000\051\000.}{subsection.7.11.2}% 262
\BOOKMARK [3][-]{subsubsection.7.11.2.3}{\376\377\0007\000.\0001\0001\000.\0002\000.\0003\000\040\0001\000.\000\040\000R\000a\000n\000d\000o\000m\000\040\000I\000n\000t\000e\000r\000c\000e\000p\000t\000\040\000\050\000R\000I\000\051\000\040\000m\000o\000d\000e\000l}{subsection.7.11.2}% 263
\BOOKMARK [2][-]{subsection.7.11.3}{\376\377\0007\000.\0001\0001\000.\0003\000\040\000M\000e\000m\000b\000e\000r\000\040\000D\000a\000t\000a\000\040\000D\000o\000c\000u\000m\000e\000n\000t\000a\000t\000i\000o\000n}{section.7.11}% 264
\BOOKMARK [3][-]{subsubsection.7.11.3.1}{\376\377\0007\000.\0001\0001\000.\0003\000.\0001\000\040\000m\000\137\000c\000o\000v\000a\000r\000i\000a\000n\000c\000e\000\137\000i\000d\000x}{subsection.7.11.3}% 265
\BOOKMARK [3][-]{subsubsection.7.11.3.2}{\376\377\0007\000.\0001\0001\000.\0003\000.\0002\000\040\000m\000\137\000d\000i\000a\000g\000\137\000s\000i\000g\000m\000a\000\137\000i\000m\000\137\000Z}{subsection.7.11.3}% 266
\BOOKMARK [3][-]{subsubsection.7.11.3.3}{\376\377\0007\000.\0001\0001\000.\0003\000.\0003\000\040\000m\000\137\000d\000u\000p}{subsection.7.11.3}% 267
\BOOKMARK [3][-]{subsubsection.7.11.3.4}{\376\377\0007\000.\0001\0001\000.\0003\000.\0004\000\040\000m\000\137\000f\000a\000m\000i\000l\000y\000\137\000t}{subsection.7.11.3}% 268
\BOOKMARK [3][-]{subsubsection.7.11.3.5}{\376\377\0007\000.\0001\0001\000.\0003\000.\0005\000\040\000m\000\137\000f\000i\000x\000r\000h\000o}{subsection.7.11.3}% 269
\BOOKMARK [3][-]{subsubsection.7.11.3.6}{\376\377\0007\000.\0001\0001\000.\0003\000.\0006\000\040\000m\000\137\000f\000i\000x\000r\000h\000o\000\137\000i\000d\000x}{subsection.7.11.3}% 270
\BOOKMARK [3][-]{subsubsection.7.11.3.7}{\376\377\0007\000.\0001\0001\000.\0003\000.\0007\000\040\000m\000\137\000f\000i\000x\000t\000a\000u}{subsection.7.11.3}% 271
\BOOKMARK [3][-]{subsubsection.7.11.3.8}{\376\377\0007\000.\0001\0001\000.\0003\000.\0008\000\040\000m\000\137\000g\000r\000o\000u\000p\000\137\000i\000d}{subsection.7.11.3}% 272
\BOOKMARK [3][-]{subsubsection.7.11.3.9}{\376\377\0007\000.\0001\0001\000.\0003\000.\0009\000\040\000m\000\137\000g\000r\000o\000u\000p\000\137\000i\000d\000x}{subsection.7.11.3}% 273
\BOOKMARK [3][-]{subsubsection.7.11.3.10}{\376\377\0007\000.\0001\0001\000.\0003\000.\0001\0000\000\040\000m\000\137\000g\000r\000o\000u\000p\000s}{subsection.7.11.3}% 274
\BOOKMARK [3][-]{subsubsection.7.11.3.11}{\376\377\0007\000.\0001\0001\000.\0003\000.\0001\0001\000\040\000m\000\137\000h\000d\000r\000s\000M\000a\000p}{subsection.7.11.3}% 275
\BOOKMARK [3][-]{subsubsection.7.11.3.12}{\376\377\0007\000.\0001\0001\000.\0003\000.\0001\0002\000\040\000m\000\137\000i\000d\000x\000t\000a\000u}{subsection.7.11.3}% 276
\BOOKMARK [3][-]{subsubsection.7.11.3.13}{\376\377\0007\000.\0001\0001\000.\0003\000.\0001\0003\000\040\000m\000\137\000i\000d\000x\000t\000a\000u\0002}{subsection.7.11.3}% 277
\BOOKMARK [3][-]{subsubsection.7.11.3.14}{\376\377\0007\000.\0001\0001\000.\0003\000.\0001\0004\000\040\000m\000\137\000J}{subsection.7.11.3}% 278
\BOOKMARK [3][-]{subsubsection.7.11.3.15}{\376\377\0007\000.\0001\0001\000.\0003\000.\0001\0005\000\040\000m\000\137\000k\000i\000n\000s\000\137\000s\000i\000z\000e}{subsection.7.11.3}% 279
\BOOKMARK [3][-]{subsubsection.7.11.3.16}{\376\377\0007\000.\0001\0001\000.\0003\000.\0001\0006\000\040\000m\000\137\000l\000i\000n\000k}{subsection.7.11.3}% 280
\BOOKMARK [3][-]{subsubsection.7.11.3.17}{\376\377\0007\000.\0001\0001\000.\0003\000.\0001\0007\000\040\000m\000\137\000m\000o\000d\000e\000l\000t\000y\000p\000e}{subsection.7.11.3}% 281
\BOOKMARK [3][-]{subsubsection.7.11.3.18}{\376\377\0007\000.\0001\0001\000.\0003\000.\0001\0008\000\040\000m\000\137\000N}{subsection.7.11.3}% 282
\BOOKMARK [3][-]{subsubsection.7.11.3.19}{\376\377\0007\000.\0001\0001\000.\0003\000.\0001\0009\000\040\000m\000\137\000n\000\137\000s\000e\000l\000\137\000c\000o\000l}{subsection.7.11.3}% 283
\BOOKMARK [3][-]{subsubsection.7.11.3.20}{\376\377\0007\000.\0001\0001\000.\0003\000.\0002\0000\000\040\000m\000\137\000N\000o\000b\000s}{subsection.7.11.3}% 284
\BOOKMARK [3][-]{subsubsection.7.11.3.21}{\376\377\0007\000.\0001\0001\000.\0003\000.\0002\0001\000\040\000m\000\137\000o\000f\000f\000s\000e\000t}{subsection.7.11.3}% 285
\BOOKMARK [3][-]{subsubsection.7.11.3.22}{\376\377\0007\000.\0001\0001\000.\0003\000.\0002\0002\000\040\000m\000\137\000P\000s\000i}{subsection.7.11.3}% 286
\BOOKMARK [3][-]{subsubsection.7.11.3.23}{\376\377\0007\000.\0001\0001\000.\0003\000.\0002\0003\000\040\000m\000\137\000r\000a\000n\000d\000\137\000s\000l\000o\000p\000e}{subsection.7.11.3}% 287
\BOOKMARK [3][-]{subsubsection.7.11.3.24}{\376\377\0007\000.\0001\0001\000.\0003\000.\0002\0004\000\040\000m\000\137\000r\000o\000b\000u\000s\000t}{subsection.7.11.3}% 288
\BOOKMARK [3][-]{subsubsection.7.11.3.25}{\376\377\0007\000.\0001\0001\000.\0003\000.\0002\0005\000\040\000m\000\137\000s\000q\000r\000t\000W}{subsection.7.11.3}% 289
\BOOKMARK [3][-]{subsubsection.7.11.3.26}{\376\377\0007\000.\0001\0001\000.\0003\000.\0002\0006\000\040\000m\000\137\000t\000a\000u}{subsection.7.11.3}% 290
\BOOKMARK [3][-]{subsubsection.7.11.3.27}{\376\377\0007\000.\0001\0001\000.\0003\000.\0002\0007\000\040\000m\000\137\000v\000k\000i\000n\000s\000\137\000s\000p}{subsection.7.11.3}% 291
\BOOKMARK [3][-]{subsubsection.7.11.3.28}{\376\377\0007\000.\0001\0001\000.\0003\000.\0002\0008\000\040\000m\000\137\000X}{subsection.7.11.3}% 292
\BOOKMARK [3][-]{subsubsection.7.11.3.29}{\376\377\0007\000.\0001\0001\000.\0003\000.\0002\0009\000\040\000m\000\137\000Y}{subsection.7.11.3}% 293
\BOOKMARK [3][-]{subsubsection.7.11.3.30}{\376\377\0007\000.\0001\0001\000.\0003\000.\0003\0000\000\040\000m\000\137\000y}{subsection.7.11.3}% 294
\BOOKMARK [3][-]{subsubsection.7.11.3.31}{\376\377\0007\000.\0001\0001\000.\0003\000.\0003\0001\000\040\000m\000\137\000Z}{subsection.7.11.3}% 295
\BOOKMARK [1][-]{section.7.12}{\376\377\0007\000.\0001\0002\000\040\000K\000i\000n\000s\000h\000i\000p\000\040\000C\000l\000a\000s\000s\000\040\000R\000e\000f\000e\000r\000e\000n\000c\000e}{chapter.7}% 296
\BOOKMARK [2][-]{subsection.7.12.1}{\376\377\0007\000.\0001\0002\000.\0001\000\040\000M\000e\000m\000b\000e\000r\000\040\000F\000u\000n\000c\000t\000i\000o\000n\000\040\000D\000o\000c\000u\000m\000e\000n\000t\000a\000t\000i\000o\000n}{section.7.12}% 297
\BOOKMARK [3][-]{subsubsection.7.12.1.1}{\376\377\0007\000.\0001\0002\000.\0001\000.\0001\000\040\000r\000e\000a\000d\000\137\000f\000i\000l\000e\000\050\000\051}{subsection.7.12.1}% 298
\BOOKMARK [3][-]{subsubsection.7.12.1.2}{\376\377\0007\000.\0001\0002\000.\0001\000.\0002\000\040\000s\000e\000t\000\137\000p\000a\000t\000h\000\050\000\051}{subsection.7.12.1}% 299
\BOOKMARK [3][-]{subsubsection.7.12.1.3}{\376\377\0007\000.\0001\0002\000.\0001\000.\0003\000\040\000s\000i\000z\000e\000\050\000\051}{subsection.7.12.1}% 300
\BOOKMARK [2][-]{subsection.7.12.2}{\376\377\0007\000.\0001\0002\000.\0002\000\040\000M\000e\000m\000b\000e\000r\000\040\000D\000a\000t\000a\000\040\000D\000o\000c\000u\000m\000e\000n\000t\000a\000t\000i\000o\000n}{section.7.12}% 301
\BOOKMARK [3][-]{subsubsection.7.12.2.1}{\376\377\0007\000.\0001\0002\000.\0002\000.\0001\000\040\000m\000\137\000d\000a\000t\000a\000\137\000f\000r\000a\000m\000e}{subsection.7.12.2}% 302
\BOOKMARK [3][-]{subsubsection.7.12.2.2}{\376\377\0007\000.\0001\0002\000.\0002\000.\0002\000\040\000m\000\137\000d\000i\000a\000g}{subsection.7.12.2}% 303
\BOOKMARK [3][-]{subsubsection.7.12.2.3}{\376\377\0007\000.\0001\0002\000.\0002\000.\0003\000\040\000m\000\137\000n\000u\000l\000l\000\137\000k\000i\000n}{subsection.7.12.2}% 304
\BOOKMARK [3][-]{subsubsection.7.12.2.4}{\376\377\0007\000.\0001\0002\000.\0002\000.\0004\000\040\000m\000\137\000p\000a\000t\000h}{subsection.7.12.2}% 305
\BOOKMARK [1][-]{section.7.13}{\376\377\0007\000.\0001\0003\000\040\000L\000o\000g\000g\000e\000r\000S\000e\000t\000u\000p\000\040\000C\000l\000a\000s\000s\000\040\000R\000e\000f\000e\000r\000e\000n\000c\000e}{chapter.7}% 306
\BOOKMARK [2][-]{subsection.7.13.1}{\376\377\0007\000.\0001\0003\000.\0001\000\040\000D\000e\000t\000a\000i\000l\000e\000d\000\040\000D\000e\000s\000c\000r\000i\000p\000t\000i\000o\000n}{section.7.13}% 307
\BOOKMARK [2][-]{subsection.7.13.2}{\376\377\0007\000.\0001\0003\000.\0002\000\040\000M\000e\000m\000b\000e\000r\000\040\000F\000u\000n\000c\000t\000i\000o\000n\000\040\000D\000o\000c\000u\000m\000e\000n\000t\000a\000t\000i\000o\000n}{section.7.13}% 308
\BOOKMARK [3][-]{subsubsection.7.13.2.1}{\376\377\0007\000.\0001\0003\000.\0002\000.\0001\000\040\000i\000n\000i\000t\000\050\000\051}{subsection.7.13.2}% 309
\BOOKMARK [1][-]{section.7.14}{\376\377\0007\000.\0001\0004\000\040\000M\000A\000G\000E\000E\000\040\000C\000l\000a\000s\000s\000\040\000R\000e\000f\000e\000r\000e\000n\000c\000e}{chapter.7}% 310
\BOOKMARK [2][-]{subsection.7.14.1}{\376\377\0007\000.\0001\0004\000.\0001\000\040\000D\000e\000t\000a\000i\000l\000e\000d\000\040\000D\000e\000s\000c\000r\000i\000p\000t\000i\000o\000n}{section.7.14}% 311
\BOOKMARK [2][-]{subsection.7.14.2}{\376\377\0007\000.\0001\0004\000.\0002\000\040\000M\000e\000m\000b\000e\000r\000\040\000E\000n\000u\000m\000e\000r\000a\000t\000i\000o\000n\000\040\000D\000o\000c\000u\000m\000e\000n\000t\000a\000t\000i\000o\000n}{section.7.14}% 312
\BOOKMARK [3][-]{subsubsection.7.14.2.1}{\376\377\0007\000.\0001\0004\000.\0002\000.\0001\000\040\000G\000E\000N\000O\000T\000Y\000P\000E}{subsection.7.14.2}% 313
\BOOKMARK [2][-]{subsection.7.14.3}{\376\377\0007\000.\0001\0004\000.\0003\000\040\000C\000o\000n\000s\000t\000r\000u\000c\000t\000o\000r\000\040\000\046\000\040\000D\000e\000s\000t\000r\000u\000c\000t\000o\000r\000\040\000D\000o\000c\000u\000m\000e\000n\000t\000a\000t\000i\000o\000n}{section.7.14}% 314
\BOOKMARK [3][-]{subsubsection.7.14.3.1}{\376\377\0007\000.\0001\0004\000.\0003\000.\0001\000\040\000M\000A\000G\000E\000E\000\050\000\051\000\040\000[\0001\000/\0004\000]}{subsection.7.14.3}% 315
\BOOKMARK [3][-]{subsubsection.7.14.3.2}{\376\377\0007\000.\0001\0004\000.\0003\000.\0002\000\040\000M\000A\000G\000E\000E\000\050\000\051\000\040\000[\0002\000/\0004\000]}{subsection.7.14.3}% 316
\BOOKMARK [3][-]{subsubsection.7.14.3.3}{\376\377\0007\000.\0001\0004\000.\0003\000.\0003\000\040\000M\000A\000G\000E\000E\000\050\000\051\000\040\000[\0003\000/\0004\000]}{subsection.7.14.3}% 317
\BOOKMARK [3][-]{subsubsection.7.14.3.4}{\376\377\0007\000.\0001\0004\000.\0003\000.\0004\000\040\000M\000A\000G\000E\000E\000\050\000\051\000\040\000[\0004\000/\0004\000]}{subsection.7.14.3}% 318
\BOOKMARK [2][-]{subsection.7.14.4}{\376\377\0007\000.\0001\0004\000.\0004\000\040\000M\000e\000m\000b\000e\000r\000\040\000F\000u\000n\000c\000t\000i\000o\000n\000\040\000D\000o\000c\000u\000m\000e\000n\000t\000a\000t\000i\000o\000n}{section.7.14}% 319
\BOOKMARK [3][-]{subsubsection.7.14.4.1}{\376\377\0007\000.\0001\0004\000.\0004\000.\0001\000\040\000f\000i\000t\000g\000l\000m\000m\000\050\000\051}{subsection.7.14.4}% 320
\BOOKMARK [1][-]{section.7.15}{\376\377\0007\000.\0001\0005\000\040\000M\000a\000g\000e\000e\000\137\000A\000r\000m\000a\000\040\000S\000t\000r\000u\000c\000t\000\040\000R\000e\000f\000e\000r\000e\000n\000c\000e}{chapter.7}% 321
\BOOKMARK [2][-]{subsection.7.15.1}{\376\377\0007\000.\0001\0005\000.\0001\000\040\000D\000e\000t\000a\000i\000l\000e\000d\000\040\000D\000e\000s\000c\000r\000i\000p\000t\000i\000o\000n}{section.7.15}% 322
\BOOKMARK [2][-]{subsection.7.15.2}{\376\377\0007\000.\0001\0005\000.\0002\000\040\000M\000e\000m\000b\000e\000r\000\040\000D\000a\000t\000a\000\040\000D\000o\000c\000u\000m\000e\000n\000t\000a\000t\000i\000o\000n}{section.7.15}% 323
\BOOKMARK [3][-]{subsubsection.7.15.2.1}{\376\377\0007\000.\0001\0005\000.\0002\000.\0001\000\040\000c\000o\000v}{subsection.7.15.2}% 324
\BOOKMARK [3][-]{subsubsection.7.15.2.2}{\376\377\0007\000.\0001\0005\000.\0002\000.\0002\000\040\000d\000i\000a\000g\000\137\000s\000i\000g\000m\000a\000\137\000i}{subsection.7.15.2}% 325
\BOOKMARK [3][-]{subsubsection.7.15.2.3}{\376\377\0007\000.\0001\0005\000.\0002\000.\0003\000\040\000d\000i\000a\000g\000\137\000s\000i\000g\000m\000a\000\137\000i\000\137\000Z\000P\000c\000h\000o\000l}{subsection.7.15.2}% 326
\BOOKMARK [3][-]{subsubsection.7.15.2.4}{\376\377\0007\000.\0001\0005\000.\0002\000.\0004\000\040\000d\000u\000p\000f\000l\000a\000g}{subsection.7.15.2}% 327
\BOOKMARK [3][-]{subsubsection.7.15.2.5}{\376\377\0007\000.\0001\0005\000.\0002\000.\0005\000\040\000E\000C}{subsection.7.15.2}% 328
\BOOKMARK [3][-]{subsubsection.7.15.2.6}{\376\377\0007\000.\0001\0005\000.\0002\000.\0006\000\040\000J\000E\000r\000e\000s\000b\000l\000o\000c\000k}{subsection.7.15.2}% 329
\BOOKMARK [3][-]{subsubsection.7.15.2.7}{\376\377\0007\000.\0001\0005\000.\0002\000.\0007\000\040\000J\000r\000e\000s}{subsection.7.15.2}% 330
\BOOKMARK [3][-]{subsubsection.7.15.2.8}{\376\377\0007\000.\0001\0005\000.\0002\000.\0008\000\040\000n}{subsection.7.15.2}% 331
\BOOKMARK [3][-]{subsubsection.7.15.2.9}{\376\377\0007\000.\0001\0005\000.\0002\000.\0009\000\040\000n\000\137\000o\000b\000s}{subsection.7.15.2}% 332
\BOOKMARK [3][-]{subsubsection.7.15.2.10}{\376\377\0007\000.\0001\0005\000.\0002\000.\0001\0000\000\040\000P\000s\000i}{subsection.7.15.2}% 333
\BOOKMARK [3][-]{subsubsection.7.15.2.11}{\376\377\0007\000.\0001\0005\000.\0002\000.\0001\0001\000\040\000s\000e\000l\000e\000c\000t}{subsection.7.15.2}% 334
\BOOKMARK [3][-]{subsubsection.7.15.2.12}{\376\377\0007\000.\0001\0005\000.\0002\000.\0001\0002\000\040\000s\000i\000g\000m\000a\000\137\000i\000J\000J}{subsection.7.15.2}% 335
\BOOKMARK [3][-]{subsubsection.7.15.2.13}{\376\377\0007\000.\0001\0005\000.\0002\000.\0001\0003\000\040\000s\000i\000g\000m\000a\000\137\000i\000x\000J}{subsection.7.15.2}% 336
\BOOKMARK [3][-]{subsubsection.7.15.2.14}{\376\377\0007\000.\0001\0005\000.\0002\000.\0001\0004\000\040\000X\000i}{subsection.7.15.2}% 337
\BOOKMARK [1][-]{section.7.16}{\376\377\0007\000.\0001\0006\000\040\000M\000a\000g\000e\000e\000\137\000G\000l\000m\000m\000k\000i\000n\000\040\000S\000t\000r\000u\000c\000t\000\040\000R\000e\000f\000e\000r\000e\000n\000c\000e}{chapter.7}% 338
\BOOKMARK [2][-]{subsection.7.16.1}{\376\377\0007\000.\0001\0006\000.\0001\000\040\000D\000e\000t\000a\000i\000l\000e\000d\000\040\000D\000e\000s\000c\000r\000i\000p\000t\000i\000o\000n}{section.7.16}% 339
\BOOKMARK [2][-]{subsection.7.16.2}{\376\377\0007\000.\0001\0006\000.\0002\000\040\000M\000e\000m\000b\000e\000r\000\040\000D\000a\000t\000a\000\040\000D\000o\000c\000u\000m\000e\000n\000t\000a\000t\000i\000o\000n}{section.7.16}% 340
\BOOKMARK [3][-]{subsubsection.7.16.2.1}{\376\377\0007\000.\0001\0006\000.\0002\000.\0001\000\040\000c\000o\000v}{subsection.7.16.2}% 341
\BOOKMARK [3][-]{subsubsection.7.16.2.2}{\376\377\0007\000.\0001\0006\000.\0002\000.\0002\000\040\000d\000i\000a\000g\000\137\000s\000i\000g\000m\000a\000\137\000i}{subsection.7.16.2}% 342
\BOOKMARK [3][-]{subsubsection.7.16.2.3}{\376\377\0007\000.\0001\0006\000.\0002\000.\0003\000\040\000d\000i\000a\000g\000\137\000s\000i\000g\000m\000a\000\137\000i\000\137\000Z\000P\000c\000h\000o\000l}{subsection.7.16.2}% 343
\BOOKMARK [3][-]{subsubsection.7.16.2.4}{\376\377\0007\000.\0001\0006\000.\0002\000.\0004\000\040\000d\000u\000p\000f\000l\000a\000g}{subsection.7.16.2}% 344
\BOOKMARK [3][-]{subsubsection.7.16.2.5}{\376\377\0007\000.\0001\0006\000.\0002\000.\0005\000\040\000E}{subsection.7.16.2}% 345
\BOOKMARK [3][-]{subsubsection.7.16.2.6}{\376\377\0007\000.\0001\0006\000.\0002\000.\0006\000\040\000E\000C}{subsection.7.16.2}% 346
\BOOKMARK [3][-]{subsubsection.7.16.2.7}{\376\377\0007\000.\0001\0006\000.\0002\000.\0007\000\040\000J}{subsection.7.16.2}% 347
\BOOKMARK [3][-]{subsubsection.7.16.2.8}{\376\377\0007\000.\0001\0006\000.\0002\000.\0008\000\040\000J\000E\000P\000E\000J}{subsection.7.16.2}% 348
\BOOKMARK [3][-]{subsubsection.7.16.2.9}{\376\377\0007\000.\0001\0006\000.\0002\000.\0009\000\040\000J\000E\000P\000J}{subsection.7.16.2}% 349
\BOOKMARK [3][-]{subsubsection.7.16.2.10}{\376\377\0007\000.\0001\0006\000.\0002\000.\0001\0000\000\040\000J\000E\000r\000e\000s}{subsection.7.16.2}% 350
\BOOKMARK [3][-]{subsubsection.7.16.2.11}{\376\377\0007\000.\0001\0006\000.\0002\000.\0001\0001\000\040\000J\000P\000J}{subsection.7.16.2}% 351
\BOOKMARK [3][-]{subsubsection.7.16.2.12}{\376\377\0007\000.\0001\0006\000.\0002\000.\0001\0002\000\040\000r\000e\000s\000i\000d\000u\000a\000l\000s}{subsection.7.16.2}% 352
\BOOKMARK [3][-]{subsubsection.7.16.2.13}{\376\377\0007\000.\0001\0006\000.\0002\000.\0001\0003\000\040\000s\000e\000l\000e\000c\000t}{subsection.7.16.2}% 353
\BOOKMARK [3][-]{subsubsection.7.16.2.14}{\376\377\0007\000.\0001\0006\000.\0002\000.\0001\0004\000\040\000s\000i\000g\000m\000a\000\137\000i}{subsection.7.16.2}% 354
\BOOKMARK [3][-]{subsubsection.7.16.2.15}{\376\377\0007\000.\0001\0006\000.\0002\000.\0001\0005\000\040\000s\000i\000g\000m\000a\000\137\000i\000x}{subsection.7.16.2}% 355
\BOOKMARK [1][-]{section.7.17}{\376\377\0007\000.\0001\0007\000\040\000p\000a\000i\000r\000\137\000h\000a\000s\000h\000\040\000S\000t\000r\000u\000c\000t\000\040\000R\000e\000f\000e\000r\000e\000n\000c\000e}{chapter.7}% 356
\BOOKMARK [2][-]{subsection.7.17.1}{\376\377\0007\000.\0001\0007\000.\0001\000\040\000M\000e\000m\000b\000e\000r\000\040\000F\000u\000n\000c\000t\000i\000o\000n\000\040\000D\000o\000c\000u\000m\000e\000n\000t\000a\000t\000i\000o\000n}{section.7.17}% 357
\BOOKMARK [3][-]{subsubsection.7.17.1.1}{\376\377\0007\000.\0001\0007\000.\0001\000.\0001\000\040\000o\000p\000e\000r\000a\000t\000o\000r\000\050\000\051\000\050\000\051}{subsection.7.17.1}% 358
\BOOKMARK [1][-]{section.7.18}{\376\377\0007\000.\0001\0008\000\040\000P\000g\000e\000n\000\040\000C\000l\000a\000s\000s\000\040\000R\000e\000f\000e\000r\000e\000n\000c\000e}{chapter.7}% 359
\BOOKMARK [2][-]{subsection.7.18.1}{\376\377\0007\000.\0001\0008\000.\0001\000\040\000M\000e\000m\000b\000e\000r\000\040\000F\000u\000n\000c\000t\000i\000o\000n\000\040\000D\000o\000c\000u\000m\000e\000n\000t\000a\000t\000i\000o\000n}{section.7.18}% 360
\BOOKMARK [3][-]{subsubsection.7.18.1.1}{\376\377\0007\000.\0001\0008\000.\0001\000.\0001\000\040\000g\000e\000t\000P\000g\000e\000n\000V\000a\000r\000i\000a\000n\000t\000P\000o\000s\000\050\000\051}{subsection.7.18.1}% 361
\BOOKMARK [3][-]{subsubsection.7.18.1.2}{\376\377\0007\000.\0001\0008\000.\0001\000.\0002\000\040\000p\000r\000o\000c\000e\000s\000s\000P\000g\000e\000n\000H\000e\000a\000d\000e\000r\000\050\000\051}{subsection.7.18.1}% 362
\BOOKMARK [3][-]{subsubsection.7.18.1.3}{\376\377\0007\000.\0001\0008\000.\0001\000.\0003\000\040\000p\000r\000o\000c\000e\000s\000s\000P\000s\000a\000m\000\050\000\051}{subsection.7.18.1}% 363
\BOOKMARK [3][-]{subsubsection.7.18.1.4}{\376\377\0007\000.\0001\0008\000.\0001\000.\0004\000\040\000p\000r\000o\000c\000e\000s\000s\000P\000v\000a\000r\000\050\000\051}{subsection.7.18.1}% 364
\BOOKMARK [2][-]{subsection.7.18.2}{\376\377\0007\000.\0001\0008\000.\0002\000\040\000M\000e\000m\000b\000e\000r\000\040\000D\000a\000t\000a\000\040\000D\000o\000c\000u\000m\000e\000n\000t\000a\000t\000i\000o\000n}{section.7.18}% 365
\BOOKMARK [3][-]{subsubsection.7.18.2.1}{\376\377\0007\000.\0001\0008\000.\0002\000.\0001\000\040\000b\000e\000g\000i\000n}{subsection.7.18.2}% 366
\BOOKMARK [3][-]{subsubsection.7.18.2.2}{\376\377\0007\000.\0001\0008\000.\0002\000.\0002\000\040\000b\000i\000n\000E\000\137\000i\000d\000x}{subsection.7.18.2}% 367
\BOOKMARK [3][-]{subsubsection.7.18.2.3}{\376\377\0007\000.\0001\0008\000.\0002\000.\0003\000\040\000e\000n\000d}{subsection.7.18.2}% 368
\BOOKMARK [3][-]{subsubsection.7.18.2.4}{\376\377\0007\000.\0001\0008\000.\0002\000.\0004\000\040\000e\000x\000c\000l\000u\000d\000e\000C\000o\000l}{subsection.7.18.2}% 369
\BOOKMARK [3][-]{subsubsection.7.18.2.5}{\376\377\0007\000.\0001\0008\000.\0002\000.\0005\000\040\000f\000i\000l\000t\000e\000r\000V\000a\000r\000i\000a\000n\000t\000s}{subsection.7.18.2}% 370
\BOOKMARK [3][-]{subsubsection.7.18.2.6}{\376\377\0007\000.\0001\0008\000.\0002\000.\0006\000\040\000i\000n\000c\000l\000u\000d\000e\000\137\000i\000d\000x}{subsection.7.18.2}% 371
\BOOKMARK [3][-]{subsubsection.7.18.2.7}{\376\377\0007\000.\0001\0008\000.\0002\000.\0007\000\040\000n\000e\000w\000\137\000c\000o\000v\000d\000a\000t\000a}{subsection.7.18.2}% 372
\BOOKMARK [3][-]{subsubsection.7.18.2.8}{\376\377\0007\000.\0001\0008\000.\0002\000.\0008\000\040\000n\000e\000w\000\137\000p\000h\000e\000n\000o\000d\000a\000t\000a}{subsection.7.18.2}% 373
\BOOKMARK [3][-]{subsubsection.7.18.2.9}{\376\377\0007\000.\0001\0008\000.\0002\000.\0009\000\040\000n\000e\000w\000\137\000s\000a\000m\000S\000i\000z\000e}{subsection.7.18.2}% 374
\BOOKMARK [3][-]{subsubsection.7.18.2.10}{\376\377\0007\000.\0001\0008\000.\0002\000.\0001\0000\000\040\000N\000u\000m\000E\000x\000c\000l\000u\000d\000e\000C\000o\000l}{subsection.7.18.2}% 375
\BOOKMARK [3][-]{subsubsection.7.18.2.11}{\376\377\0007\000.\0001\0008\000.\0002\000.\0001\0001\000\040\000n\000u\000m\000E\000x\000p\000S\000e\000l\000C\000o\000l\000\137\000n\000e\000w}{subsection.7.18.2}% 376
\BOOKMARK [3][-]{subsubsection.7.18.2.12}{\376\377\0007\000.\0001\0008\000.\0002\000.\0001\0002\000\040\000n\000u\000m\000I\000n\000t\000S\000e\000l\000C\000o\000l\000\137\000n\000e\000w}{subsection.7.18.2}% 377
\BOOKMARK [3][-]{subsubsection.7.18.2.13}{\376\377\0007\000.\0001\0008\000.\0002\000.\0001\0003\000\040\000n\000u\000m\000S\000e\000l\000C\000o\000l\000\137\000n\000e\000w}{subsection.7.18.2}% 378
\BOOKMARK [3][-]{subsubsection.7.18.2.14}{\376\377\0007\000.\0001\0008\000.\0002\000.\0001\0004\000\040\000p\000g\000e\000n\000V\000a\000r\000i\000a\000n\000t\000P\000o\000s}{subsection.7.18.2}% 379
\BOOKMARK [3][-]{subsubsection.7.18.2.15}{\376\377\0007\000.\0001\0008\000.\0002\000.\0001\0005\000\040\000p\000h\000e\000n\000o\000T\000y\000p\000e}{subsection.7.18.2}% 380
\BOOKMARK [3][-]{subsubsection.7.18.2.16}{\376\377\0007\000.\0001\0008\000.\0002\000.\0001\0006\000\040\000p\000v\000a\000r\000I\000n\000d\000e\000x}{subsection.7.18.2}% 381
\BOOKMARK [3][-]{subsubsection.7.18.2.17}{\376\377\0007\000.\0001\0008\000.\0002\000.\0001\0007\000\040\000p\000v\000a\000r\000L\000a\000s\000t}{subsection.7.18.2}% 382
\BOOKMARK [3][-]{subsubsection.7.18.2.18}{\376\377\0007\000.\0001\0008\000.\0002\000.\0001\0008\000\040\000r\000a\000w\000\137\000s\000a\000m\000p\000l\000e\000\137\000c\000t}{subsection.7.18.2}% 383
\BOOKMARK [3][-]{subsubsection.7.18.2.19}{\376\377\0007\000.\0001\0008\000.\0002\000.\0001\0009\000\040\000r\000a\000w\000\137\000v\000a\000r\000i\000a\000n\000t\000\137\000c\000t}{subsection.7.18.2}% 384
\BOOKMARK [3][-]{subsubsection.7.18.2.20}{\376\377\0007\000.\0001\0008\000.\0002\000.\0002\0000\000\040\000s\000a\000m\000p\000l\000e\000I\000D}{subsection.7.18.2}% 385
\BOOKMARK [3][-]{subsubsection.7.18.2.21}{\376\377\0007\000.\0001\0008\000.\0002\000.\0002\0001\000\040\000s\000a\000m\000p\000l\000e\000I\000D\000\137\000a\000l\000l}{subsection.7.18.2}% 386
\BOOKMARK [3][-]{subsubsection.7.18.2.22}{\376\377\0007\000.\0001\0008\000.\0002\000.\0002\0002\000\040\000t\000h\000r\000e\000a\000d\000s}{subsection.7.18.2}% 387
\BOOKMARK [1][-]{section.7.19}{\376\377\0007\000.\0001\0009\000\040\000P\000h\000e\000n\000o\000\040\000C\000l\000a\000s\000s\000\040\000R\000e\000f\000e\000r\000e\000n\000c\000e}{chapter.7}% 388
\BOOKMARK [2][-]{subsection.7.19.1}{\376\377\0007\000.\0001\0009\000.\0001\000\040\000M\000e\000m\000b\000e\000r\000\040\000F\000u\000n\000c\000t\000i\000o\000n\000\040\000D\000o\000c\000u\000m\000e\000n\000t\000a\000t\000i\000o\000n}{section.7.19}% 389
\BOOKMARK [3][-]{subsubsection.7.19.1.1}{\376\377\0007\000.\0001\0009\000.\0001\000.\0001\000\040\000c\000h\000e\000c\000k\000\137\000b\000i\000n\000a\000r\000y\000\050\000\051}{subsection.7.19.1}% 390
\BOOKMARK [3][-]{subsubsection.7.19.1.2}{\376\377\0007\000.\0001\0009\000.\0001\000.\0002\000\040\000g\000e\000t\000\137\000p\000a\000t\000h\000\050\000\051}{subsection.7.19.1}% 391
\BOOKMARK [3][-]{subsubsection.7.19.1.3}{\376\377\0007\000.\0001\0009\000.\0001\000.\0003\000\040\000r\000e\000a\000d\000\137\000f\000i\000l\000e\000\050\000\051}{subsection.7.19.1}% 392
\BOOKMARK [3][-]{subsubsection.7.19.1.4}{\376\377\0007\000.\0001\0009\000.\0001\000.\0004\000\040\000s\000e\000t\000\137\000p\000a\000t\000h\000\050\000\051}{subsection.7.19.1}% 393
\BOOKMARK [3][-]{subsubsection.7.19.1.5}{\376\377\0007\000.\0001\0009\000.\0001\000.\0005\000\040\000s\000i\000z\000e\000\050\000\051}{subsection.7.19.1}% 394
\BOOKMARK [2][-]{subsection.7.19.2}{\376\377\0007\000.\0001\0009\000.\0002\000\040\000M\000e\000m\000b\000e\000r\000\040\000D\000a\000t\000a\000\040\000D\000o\000c\000u\000m\000e\000n\000t\000a\000t\000i\000o\000n}{section.7.19}% 395
\BOOKMARK [3][-]{subsubsection.7.19.2.1}{\376\377\0007\000.\0001\0009\000.\0002\000.\0001\000\040\000m\000\137\000d\000a\000t\000a\000\137\000f\000r\000a\000m\000e}{subsection.7.19.2}% 396
\BOOKMARK [3][-]{subsubsection.7.19.2.2}{\376\377\0007\000.\0001\0009\000.\0002\000.\0002\000\040\000m\000\137\000s\000a\000m\000\137\000i\000d}{subsection.7.19.2}% 397
\BOOKMARK [3][-]{subsubsection.7.19.2.3}{\376\377\0007\000.\0001\0009\000.\0002\000.\0003\000\040\000m\000\137\000v\000\137\000h\000d\000r\000s}{subsection.7.19.2}% 398
\BOOKMARK [1][-]{section.7.20}{\376\377\0007\000.\0002\0000\000\040\000S\000p\000a\000r\000s\000e\000I\000n\000v\000e\000r\000s\000e\000\040\000C\000l\000a\000s\000s\000\040\000R\000e\000f\000e\000r\000e\000n\000c\000e}{chapter.7}% 399
\BOOKMARK [2][-]{subsection.7.20.1}{\376\377\0007\000.\0002\0000\000.\0001\000\040\000C\000o\000n\000s\000t\000r\000u\000c\000t\000o\000r\000\040\000\046\000\040\000D\000e\000s\000t\000r\000u\000c\000t\000o\000r\000\040\000D\000o\000c\000u\000m\000e\000n\000t\000a\000t\000i\000o\000n}{section.7.20}% 400
\BOOKMARK [3][-]{subsubsection.7.20.1.1}{\376\377\0007\000.\0002\0000\000.\0001\000.\0001\000\040\000S\000p\000a\000r\000s\000e\000I\000n\000v\000e\000r\000s\000e\000\050\000\051\000\040\000[\0001\000/\0002\000]}{subsection.7.20.1}% 401
\BOOKMARK [3][-]{subsubsection.7.20.1.2}{\376\377\0007\000.\0002\0000\000.\0001\000.\0002\000\040\000S\000p\000a\000r\000s\000e\000I\000n\000v\000e\000r\000s\000e\000\050\000\051\000\040\000[\0002\000/\0002\000]}{subsection.7.20.1}% 402
\BOOKMARK [2][-]{subsection.7.20.2}{\376\377\0007\000.\0002\0000\000.\0002\000\040\000M\000e\000m\000b\000e\000r\000\040\000F\000u\000n\000c\000t\000i\000o\000n\000\040\000D\000o\000c\000u\000m\000e\000n\000t\000a\000t\000i\000o\000n}{section.7.20}% 403
\BOOKMARK [3][-]{subsubsection.7.20.2.1}{\376\377\0007\000.\0002\0000\000.\0002\000.\0001\000\040\000g\000e\000t\000\137\000i\000d\000x\000\137\000m\000p\000\050\000\051}{subsection.7.20.2}% 404
\BOOKMARK [3][-]{subsubsection.7.20.2.2}{\376\377\0007\000.\0002\0000\000.\0002\000.\0002\000\040\000g\000e\000t\000\137\000i\000d\000x\000\137\000m\000p\000\137\000u\000n\000q\000\050\000\051}{subsection.7.20.2}% 405
\BOOKMARK [3][-]{subsubsection.7.20.2.3}{\376\377\0007\000.\0002\0000\000.\0002\000.\0003\000\040\000g\000e\000t\000\137\000s\000p\000m\000a\000t\000\050\000\051}{subsection.7.20.2}% 406
\BOOKMARK [3][-]{subsubsection.7.20.2.4}{\376\377\0007\000.\0002\0000\000.\0002\000.\0004\000\040\000i\000n\000v\000\050\000\051}{subsection.7.20.2}% 407
\BOOKMARK [3][-]{subsubsection.7.20.2.5}{\376\377\0007\000.\0002\0000\000.\0002\000.\0005\000\040\000i\000n\000v\000\137\000s\000p\000a\000m\000a\000t\000\050\000\051\000\040\000[\0001\000/\0002\000]}{subsection.7.20.2}% 408
\BOOKMARK [3][-]{subsubsection.7.20.2.6}{\376\377\0007\000.\0002\0000\000.\0002\000.\0006\000\040\000i\000n\000v\000\137\000s\000p\000a\000m\000a\000t\000\050\000\051\000\040\000[\0002\000/\0002\000]}{subsection.7.20.2}% 409
\BOOKMARK [3][-]{subsubsection.7.20.2.7}{\376\377\0007\000.\0002\0000\000.\0002\000.\0007\000\040\000i\000n\000v\000\137\000s\000p\000a\000m\000a\000t\000\137\000c\000h\000o\000l\000\050\000\051}{subsection.7.20.2}% 410
\BOOKMARK [3][-]{subsubsection.7.20.2.8}{\376\377\0007\000.\0002\0000\000.\0002\000.\0008\000\040\000s\000e\000t\000\137\000i\000d\000x\000\137\000m\000p\000\050\000\051}{subsection.7.20.2}% 411
\BOOKMARK [3][-]{subsubsection.7.20.2.9}{\376\377\0007\000.\0002\0000\000.\0002\000.\0009\000\040\000s\000e\000t\000\137\000i\000d\000x\000\137\000m\000p\000\137\000u\000n\000q\000\050\000\051}{subsection.7.20.2}% 412
\BOOKMARK [3][-]{subsubsection.7.20.2.10}{\376\377\0007\000.\0002\0000\000.\0002\000.\0001\0000\000\040\000s\000e\000t\000\137\000k\000i\000n\000\137\000N\000o\000b\000s\000s\000i\000z\000e\000\050\000\051}{subsection.7.20.2}% 413
\BOOKMARK [3][-]{subsubsection.7.20.2.11}{\376\377\0007\000.\0002\0000\000.\0002\000.\0001\0001\000\040\000s\000e\000t\000\137\000k\000i\000n\000\137\000N\000s\000i\000z\000e\000\050\000\051}{subsection.7.20.2}% 414
\BOOKMARK [3][-]{subsubsection.7.20.2.12}{\376\377\0007\000.\0002\0000\000.\0002\000.\0001\0002\000\040\000s\000e\000t\000\137\000s\000p\000m\000a\000t\000\050\000\051\000\040\000[\0001\000/\0002\000]}{subsection.7.20.2}% 415
\BOOKMARK [3][-]{subsubsection.7.20.2.13}{\376\377\0007\000.\0002\0000\000.\0002\000.\0001\0003\000\040\000s\000e\000t\000\137\000s\000p\000m\000a\000t\000\050\000\051\000\040\000[\0002\000/\0002\000]}{subsection.7.20.2}% 416
\BOOKMARK [3][-]{subsubsection.7.20.2.14}{\376\377\0007\000.\0002\0000\000.\0002\000.\0001\0004\000\040\000s\000o\000l\000v\000e\000\137\000c\000h\000o\000l\000\050\000\051}{subsection.7.20.2}% 417
\BOOKMARK [2][-]{subsection.7.20.3}{\376\377\0007\000.\0002\0000\000.\0003\000\040\000M\000e\000m\000b\000e\000r\000\040\000D\000a\000t\000a\000\040\000D\000o\000c\000u\000m\000e\000n\000t\000a\000t\000i\000o\000n}{section.7.20}% 418
\BOOKMARK [3][-]{subsubsection.7.20.3.1}{\376\377\0007\000.\0002\0000\000.\0003\000.\0001\000\040\000k\000i\000n}{subsection.7.20.3}% 419
\BOOKMARK [3][-]{subsubsection.7.20.3.2}{\376\377\0007\000.\0002\0000\000.\0003\000.\0002\000\040\000k\000i\000n\000\137\000d\000e\000l\000i\000m}{subsection.7.20.3}% 420
\BOOKMARK [3][-]{subsubsection.7.20.3.3}{\376\377\0007\000.\0002\0000\000.\0003\000.\0003\000\040\000m\000\137\000r\000a\000t\000i\000o\000\137\000N\000o\000b\0002\000N}{subsection.7.20.3}% 421
\BOOKMARK [3][-]{subsubsection.7.20.3.4}{\376\377\0007\000.\0002\0000\000.\0003\000.\0004\000\040\000m\000\137\000t\000h\000r}{subsection.7.20.3}% 422
\BOOKMARK [3][-]{subsubsection.7.20.3.5}{\376\377\0007\000.\0002\0000\000.\0003\000.\0005\000\040\000p\000h\000e\000n\000o}{subsection.7.20.3}% 423
\BOOKMARK [3][-]{subsubsection.7.20.3.6}{\376\377\0007\000.\0002\0000\000.\0003\000.\0006\000\040\000p\000h\000e\000n\000o\000\137\000d\000e\000l\000i\000m}{subsection.7.20.3}% 424
\BOOKMARK [1][-]{section.7.21}{\376\377\0007\000.\0002\0001\000\040\000T\000i\000m\000e\000\040\000C\000l\000a\000s\000s\000\040\000R\000e\000f\000e\000r\000e\000n\000c\000e}{chapter.7}% 425
\BOOKMARK [0][-]{chapter.8}{\376\377\0008\000\040\000F\000i\000l\000e\000\040\000D\000o\000c\000u\000m\000e\000n\000t\000a\000t\000i\000o\000n}{}% 426
\BOOKMARK [1][-]{section.8.1}{\376\377\0008\000.\0001\000\040\000i\000n\000c\000l\000u\000d\000e\000/\000B\000i\000n\000a\000r\000y\000E\000U\000t\000i\000l\000s\000.\000h\000\040\000F\000i\000l\000e\000\040\000R\000e\000f\000e\000r\000e\000n\000c\000e}{chapter.8}% 427
\BOOKMARK [2][-]{subsection.8.1.1}{\376\377\0008\000.\0001\000.\0001\000\040\000M\000a\000c\000r\000o\000\040\000D\000e\000f\000i\000n\000i\000t\000i\000o\000n\000\040\000D\000o\000c\000u\000m\000e\000n\000t\000a\000t\000i\000o\000n}{section.8.1}% 428
\BOOKMARK [3][-]{subsubsection.8.1.1.1}{\376\377\0008\000.\0001\000.\0001\000.\0001\000\040\000B\000i\000n\000a\000r\000y\000E\000U\000t\000i\000l\000s\000\137\000H}{subsection.8.1.1}% 429
\BOOKMARK [2][-]{subsection.8.1.2}{\376\377\0008\000.\0001\000.\0002\000\040\000F\000u\000n\000c\000t\000i\000o\000n\000\040\000D\000o\000c\000u\000m\000e\000n\000t\000a\000t\000i\000o\000n}{section.8.1}% 430
\BOOKMARK [3][-]{subsubsection.8.1.2.1}{\376\377\0008\000.\0001\000.\0002\000.\0001\000\040\000c\000a\000r\000t\000e\000s\000i\000a\000n\000\137\000m\000a\000p\000\050\000\051}{subsection.8.1.2}% 431
\BOOKMARK [3][-]{subsubsection.8.1.2.2}{\376\377\0008\000.\0001\000.\0002\000.\0002\000\040\000c\000a\000r\000t\000e\000s\000i\000a\000n\000\137\000v\000e\000c\000\137\000s\000e\000p\000\050\000\051}{subsection.8.1.2}% 432
\BOOKMARK [3][-]{subsubsection.8.1.2.3}{\376\377\0008\000.\0001\000.\0002\000.\0003\000\040\000G\000e\000t\000P\000o\000w\000e\000r\000S\000e\000t\000\050\000\051}{subsection.8.1.2}% 433
\BOOKMARK [3][-]{subsubsection.8.1.2.4}{\376\377\0008\000.\0001\000.\0002\000.\0004\000\040\000v\000e\000c\000t\000o\000r\000\137\000b\000i\000n\000s\000t\000r\000i\000n\000g\000s\000\050\000\051}{subsection.8.1.2}% 434
\BOOKMARK [1][-]{section.8.2}{\376\377\0008\000.\0002\000\040\000B\000i\000n\000a\000r\000y\000E\000U\000t\000i\000l\000s\000.\000h}{chapter.8}% 435
\BOOKMARK [1][-]{section.8.3}{\376\377\0008\000.\0003\000\040\000i\000n\000c\000l\000u\000d\000e\000/\000d\000e\000c\000l\000a\000r\000s\000.\000h\000\040\000F\000i\000l\000e\000\040\000R\000e\000f\000e\000r\000e\000n\000c\000e}{chapter.8}% 436
\BOOKMARK [2][-]{subsection.8.3.1}{\376\377\0008\000.\0003\000.\0001\000\040\000T\000y\000p\000e\000d\000e\000f\000\040\000D\000o\000c\000u\000m\000e\000n\000t\000a\000t\000i\000o\000n}{section.8.3}% 437
\BOOKMARK [3][-]{subsubsection.8.3.1.1}{\376\377\0008\000.\0003\000.\0001\000.\0001\000\040\000u\000c\000h\000a\000r}{subsection.8.3.1}% 438
\BOOKMARK [3][-]{subsubsection.8.3.1.2}{\376\377\0008\000.\0003\000.\0001\000.\0002\000\040\000u\000i\000n\000t}{subsection.8.3.1}% 439
\BOOKMARK [3][-]{subsubsection.8.3.1.3}{\376\377\0008\000.\0003\000.\0001\000.\0003\000\040\000u\000i\000n\000t\0006\0004}{subsection.8.3.1}% 440
\BOOKMARK [3][-]{subsubsection.8.3.1.4}{\376\377\0008\000.\0003\000.\0001\000.\0004\000\040\000u\000s\000h\000o\000r\000t}{subsection.8.3.1}% 441
\BOOKMARK [1][-]{section.8.4}{\376\377\0008\000.\0004\000\040\000d\000e\000c\000l\000a\000r\000s\000.\000h}{chapter.8}% 442
\BOOKMARK [1][-]{section.8.5}{\376\377\0008\000.\0005\000\040\000i\000n\000c\000l\000u\000d\000e\000/\000G\000E\000M\000.\000h\000\040\000F\000i\000l\000e\000\040\000R\000e\000f\000e\000r\000e\000n\000c\000e}{chapter.8}% 443
\BOOKMARK [2][-]{subsection.8.5.1}{\376\377\0008\000.\0005\000.\0001\000\040\000F\000u\000n\000c\000t\000i\000o\000n\000\040\000D\000o\000c\000u\000m\000e\000n\000t\000a\000t\000i\000o\000n}{section.8.5}% 444
\BOOKMARK [3][-]{subsubsection.8.5.1.1}{\376\377\0008\000.\0005\000.\0001\000.\0001\000\040\000c\000e\000n\000t\000e\000r\000\050\000\051}{subsection.8.5.1}% 445
\BOOKMARK [3][-]{subsubsection.8.5.1.2}{\376\377\0008\000.\0005\000.\0001\000.\0002\000\040\000c\000h\000e\000c\000k\000B\000i\000n\000a\000r\000y\000\050\000\051}{subsection.8.5.1}% 446
\BOOKMARK [3][-]{subsubsection.8.5.1.3}{\376\377\0008\000.\0005\000.\0001\000.\0003\000\040\000f\000i\000t\000N\000u\000l\000l\000M\000o\000d\000e\000l\000\050\000\051}{subsection.8.5.1}% 447
\BOOKMARK [3][-]{subsubsection.8.5.1.4}{\376\377\0008\000.\0005\000.\0001\000.\0004\000\040\000f\000i\000t\000N\000u\000l\000l\000M\000o\000d\000e\000l\0002\000\050\000\051}{subsection.8.5.1}% 448
\BOOKMARK [3][-]{subsubsection.8.5.1.5}{\376\377\0008\000.\0005\000.\0001\000.\0005\000\040\000g\000e\000t\000\137\000l\000o\000g\000\137\000n\000a\000m\000e\000\050\000\051}{subsection.8.5.1}% 449
\BOOKMARK [3][-]{subsubsection.8.5.1.6}{\376\377\0008\000.\0005\000.\0001\000.\0006\000\040\000p\000r\000i\000n\000t\000C\000o\000v\000V\000a\000r\000M\000a\000t\000\050\000\051}{subsection.8.5.1}% 450
\BOOKMARK [3][-]{subsubsection.8.5.1.7}{\376\377\0008\000.\0005\000.\0001\000.\0007\000\040\000p\000r\000i\000n\000t\000O\000u\000t\000p\000u\000t\000H\000e\000a\000d\000e\000r\000\050\000\051}{subsection.8.5.1}% 451
\BOOKMARK [1][-]{section.8.6}{\376\377\0008\000.\0006\000\040\000G\000E\000M\000.\000h}{chapter.8}% 452
\BOOKMARK [1][-]{section.8.7}{\376\377\0008\000.\0007\000\040\000i\000n\000c\000l\000u\000d\000e\000/\000G\000M\000M\000A\000T\000.\000h\000\040\000F\000i\000l\000e\000\040\000R\000e\000f\000e\000r\000e\000n\000c\000e}{chapter.8}% 453
\BOOKMARK [2][-]{subsection.8.7.1}{\376\377\0008\000.\0007\000.\0001\000\040\000E\000n\000u\000m\000e\000r\000a\000t\000i\000o\000n\000\040\000T\000y\000p\000e\000\040\000D\000o\000c\000u\000m\000e\000n\000t\000a\000t\000i\000o\000n}{section.8.7}% 454
\BOOKMARK [3][-]{subsubsection.8.7.1.1}{\376\377\0008\000.\0007\000.\0001\000.\0001\000\040\000M\000o\000d\000e\000l\000T\000y\000p\000e}{subsection.8.7.1}% 455
\BOOKMARK [2][-]{subsection.8.7.2}{\376\377\0008\000.\0007\000.\0002\000\040\000F\000u\000n\000c\000t\000i\000o\000n\000\040\000D\000o\000c\000u\000m\000e\000n\000t\000a\000t\000i\000o\000n}{section.8.7}% 456
\BOOKMARK [3][-]{subsubsection.8.7.2.1}{\376\377\0008\000.\0007\000.\0002\000.\0001\000\040\000c\000r\000o\000s\000s\000p\000r\000o\000d\000\050\000\051}{subsection.8.7.2}% 457
\BOOKMARK [3][-]{subsubsection.8.7.2.2}{\376\377\0008\000.\0007\000.\0002\000.\0002\000\040\000m\000a\000t\000c\000h\000\137\000i\000n\000d\000i\000c\000e\000s\000\050\000\051}{subsection.8.7.2}% 458
\BOOKMARK [3][-]{subsubsection.8.7.2.3}{\376\377\0008\000.\0007\000.\0002\000.\0003\000\040\000s\000l\000i\000c\000e\000\137\000m\000a\000t\000\050\000\051\000\040\000[\0001\000/\0001\0000\000]}{subsection.8.7.2}% 459
\BOOKMARK [3][-]{subsubsection.8.7.2.4}{\376\377\0008\000.\0007\000.\0002\000.\0004\000\040\000s\000l\000i\000c\000e\000\137\000m\000a\000t\000\050\000\051\000\040\000[\0002\000/\0001\0000\000]}{subsection.8.7.2}% 460
\BOOKMARK [3][-]{subsubsection.8.7.2.5}{\376\377\0008\000.\0007\000.\0002\000.\0005\000\040\000s\000l\000i\000c\000e\000\137\000m\000a\000t\000\050\000\051\000\040\000[\0003\000/\0001\0000\000]}{subsection.8.7.2}% 461
\BOOKMARK [3][-]{subsubsection.8.7.2.6}{\376\377\0008\000.\0007\000.\0002\000.\0006\000\040\000s\000l\000i\000c\000e\000\137\000m\000a\000t\000\050\000\051\000\040\000[\0004\000/\0001\0000\000]}{subsection.8.7.2}% 462
\BOOKMARK [3][-]{subsubsection.8.7.2.7}{\376\377\0008\000.\0007\000.\0002\000.\0007\000\040\000s\000l\000i\000c\000e\000\137\000m\000a\000t\000\050\000\051\000\040\000[\0005\000/\0001\0000\000]}{subsection.8.7.2}% 463
\BOOKMARK [3][-]{subsubsection.8.7.2.8}{\376\377\0008\000.\0007\000.\0002\000.\0008\000\040\000s\000l\000i\000c\000e\000\137\000m\000a\000t\000\050\000\051\000\040\000[\0006\000/\0001\0000\000]}{subsection.8.7.2}% 464
\BOOKMARK [3][-]{subsubsection.8.7.2.9}{\376\377\0008\000.\0007\000.\0002\000.\0009\000\040\000s\000l\000i\000c\000e\000\137\000m\000a\000t\000\050\000\051\000\040\000[\0007\000/\0001\0000\000]}{subsection.8.7.2}% 465
\BOOKMARK [3][-]{subsubsection.8.7.2.10}{\376\377\0008\000.\0007\000.\0002\000.\0001\0000\000\040\000s\000l\000i\000c\000e\000\137\000m\000a\000t\000\050\000\051\000\040\000[\0008\000/\0001\0000\000]}{subsection.8.7.2}% 466
\BOOKMARK [3][-]{subsubsection.8.7.2.11}{\376\377\0008\000.\0007\000.\0002\000.\0001\0001\000\040\000s\000l\000i\000c\000e\000\137\000m\000a\000t\000\050\000\051\000\040\000[\0009\000/\0001\0000\000]}{subsection.8.7.2}% 467
\BOOKMARK [3][-]{subsubsection.8.7.2.12}{\376\377\0008\000.\0007\000.\0002\000.\0001\0002\000\040\000s\000l\000i\000c\000e\000\137\000m\000a\000t\000\050\000\051\000\040\000[\0001\0000\000/\0001\0000\000]}{subsection.8.7.2}% 468
\BOOKMARK [3][-]{subsubsection.8.7.2.13}{\376\377\0008\000.\0007\000.\0002\000.\0001\0003\000\040\000s\000l\000i\000c\000e\000\137\000m\000a\000t\000\137\000c\000o\000l\000s\000\050\000\051}{subsection.8.7.2}% 469
\BOOKMARK [3][-]{subsubsection.8.7.2.14}{\376\377\0008\000.\0007\000.\0002\000.\0001\0004\000\040\000s\000l\000i\000c\000e\000\137\000v\000e\000c\000\050\000\051\000\040\000[\0001\000/\0003\000]}{subsection.8.7.2}% 470
\BOOKMARK [3][-]{subsubsection.8.7.2.15}{\376\377\0008\000.\0007\000.\0002\000.\0001\0005\000\040\000s\000l\000i\000c\000e\000\137\000v\000e\000c\000\050\000\051\000\040\000[\0002\000/\0003\000]}{subsection.8.7.2}% 471
\BOOKMARK [3][-]{subsubsection.8.7.2.16}{\376\377\0008\000.\0007\000.\0002\000.\0001\0006\000\040\000s\000l\000i\000c\000e\000\137\000v\000e\000c\000\050\000\051\000\040\000[\0003\000/\0003\000]}{subsection.8.7.2}% 472
\BOOKMARK [3][-]{subsubsection.8.7.2.17}{\376\377\0008\000.\0007\000.\0002\000.\0001\0007\000\040\000t\000c\000r\000o\000s\000s\000p\000r\000o\000d\000\050\000\051}{subsection.8.7.2}% 473
\BOOKMARK [3][-]{subsubsection.8.7.2.18}{\376\377\0008\000.\0007\000.\0002\000.\0001\0008\000\040\000u\000n\000i\000q\000u\000e\000\050\000\051}{subsection.8.7.2}% 474
\BOOKMARK [3][-]{subsubsection.8.7.2.19}{\376\377\0008\000.\0007\000.\0002\000.\0001\0009\000\040\000u\000n\000i\000q\000u\000e\000\137\000i\000d\000\050\000\051}{subsection.8.7.2}% 475
\BOOKMARK [3][-]{subsubsection.8.7.2.20}{\376\377\0008\000.\0007\000.\0002\000.\0002\0000\000\040\000w\000h\000i\000c\000h\000\050\000\051\000\040\000[\0001\000/\0002\000]}{subsection.8.7.2}% 476
\BOOKMARK [3][-]{subsubsection.8.7.2.21}{\376\377\0008\000.\0007\000.\0002\000.\0002\0001\000\040\000w\000h\000i\000c\000h\000\050\000\051\000\040\000[\0002\000/\0002\000]}{subsection.8.7.2}% 477
\BOOKMARK [2][-]{subsection.8.7.3}{\376\377\0008\000.\0007\000.\0003\000\040\000V\000a\000r\000i\000a\000b\000l\000e\000\040\000D\000o\000c\000u\000m\000e\000n\000t\000a\000t\000i\000o\000n}{section.8.7}% 478
\BOOKMARK [3][-]{subsubsection.8.7.3.1}{\376\377\0008\000.\0007\000.\0003\000.\0001\000\040\000M\000A\000X\000\137\000N\000\137\000I\000T\000E\000R}{subsection.8.7.3}% 479
\BOOKMARK [1][-]{section.8.8}{\376\377\0008\000.\0008\000\040\000G\000M\000M\000A\000T\000.\000h}{chapter.8}% 480
\BOOKMARK [1][-]{section.8.9}{\376\377\0008\000.\0009\000\040\000i\000n\000c\000l\000u\000d\000e\000/\000K\000i\000n\000s\000h\000i\000p\000.\000h\000\040\000F\000i\000l\000e\000\040\000R\000e\000f\000e\000r\000e\000n\000c\000e}{chapter.8}% 481
\BOOKMARK [1][-]{section.8.10}{\376\377\0008\000.\0001\0000\000\040\000K\000i\000n\000s\000h\000i\000p\000.\000h}{chapter.8}% 482
\BOOKMARK [1][-]{section.8.11}{\376\377\0008\000.\0001\0001\000\040\000i\000n\000c\000l\000u\000d\000e\000/\000L\000o\000g\000g\000e\000r\000.\000h\000\040\000F\000i\000l\000e\000\040\000R\000e\000f\000e\000r\000e\000n\000c\000e}{chapter.8}% 483
\BOOKMARK [1][-]{section.8.12}{\376\377\0008\000.\0001\0002\000\040\000L\000o\000g\000g\000e\000r\000.\000h}{chapter.8}% 484
\BOOKMARK [1][-]{section.8.13}{\376\377\0008\000.\0001\0003\000\040\000i\000n\000c\000l\000u\000d\000e\000/\000M\000A\000G\000E\000E\000.\000h\000\040\000F\000i\000l\000e\000\040\000R\000e\000f\000e\000r\000e\000n\000c\000e}{chapter.8}% 485
\BOOKMARK [2][-]{subsection.8.13.1}{\376\377\0008\000.\0001\0003\000.\0001\000\040\000F\000u\000n\000c\000t\000i\000o\000n\000\040\000D\000o\000c\000u\000m\000e\000n\000t\000a\000t\000i\000o\000n}{section.8.13}% 486
\BOOKMARK [3][-]{subsubsection.8.13.1.1}{\376\377\0008\000.\0001\0003\000.\0001\000.\0001\000\040\000a\000n\000y\000\137\000d\000u\000p\000l\000i\000c\000a\000t\000e\000d\000\050\000\051}{subsection.8.13.1}% 487
\BOOKMARK [3][-]{subsubsection.8.13.1.2}{\376\377\0008\000.\0001\0003\000.\0001\000.\0002\000\040\000a\000n\000y\000\137\000i\000s\000n\000a\000\050\000\051}{subsection.8.13.1}% 488
\BOOKMARK [3][-]{subsubsection.8.13.1.3}{\376\377\0008\000.\0001\0003\000.\0001\000.\0003\000\040\000a\000p\000p\000l\000y\000\137\000o\000n\000\137\000c\000o\000l\000u\000m\000n\000s\000\050\000\051}{subsection.8.13.1}% 489
\BOOKMARK [3][-]{subsubsection.8.13.1.4}{\376\377\0008\000.\0001\0003\000.\0001\000.\0004\000\040\000c\000b\000i\000n\000d\000\050\000\051}{subsection.8.13.1}% 490
\BOOKMARK [3][-]{subsubsection.8.13.1.5}{\376\377\0008\000.\0001\0003\000.\0001\000.\0005\000\040\000c\000h\000e\000c\000k\000\137\000n\000o\000t\000\137\000e\000m\000p\000t\000y\000\050\000\051}{subsection.8.13.1}% 491
\BOOKMARK [3][-]{subsubsection.8.13.1.6}{\376\377\0008\000.\0001\0003\000.\0001\000.\0006\000\040\000c\000o\000n\000v\000e\000r\000\137\000e\000i\000g\000e\000n\000\137\000t\000o\000\137\000a\000r\000m\000a\000\050\000\051}{subsection.8.13.1}% 492
\BOOKMARK [3][-]{subsubsection.8.13.1.7}{\376\377\0008\000.\0001\0003\000.\0001\000.\0007\000\040\000c\000r\000e\000a\000t\000e\000\137\000s\000t\000r\000a\000t\000a\000\050\000\051}{subsection.8.13.1}% 493
\BOOKMARK [3][-]{subsubsection.8.13.1.8}{\376\377\0008\000.\0001\0003\000.\0001\000.\0008\000\040\000f\000i\000l\000t\000e\000r\000\137\000u\000n\000i\000q\000u\000e\000\137\000r\000o\000w\000s\000\050\000\051}{subsection.8.13.1}% 494
\BOOKMARK [3][-]{subsubsection.8.13.1.9}{\376\377\0008\000.\0001\0003\000.\0001\000.\0009\000\040\000f\000i\000l\000t\000e\000r\000e\000d\000\137\000i\000d\000s\000\050\000\051}{subsection.8.13.1}% 495
\BOOKMARK [3][-]{subsubsection.8.13.1.10}{\376\377\0008\000.\0001\0003\000.\0001\000.\0001\0000\000\040\000g\000e\000n\000e\000r\000a\000t\000e\000\137\000s\000t\000r\000a\000t\000a\000\137\000l\000i\000s\000t\000\050\000\051}{subsection.8.13.1}% 496
\BOOKMARK [3][-]{subsubsection.8.13.1.11}{\376\377\0008\000.\0001\0003\000.\0001\000.\0001\0001\000\040\000i\000n\000\137\000o\000p\000\050\000\051}{subsection.8.13.1}% 497
\BOOKMARK [3][-]{subsubsection.8.13.1.12}{\376\377\0008\000.\0001\0003\000.\0001\000.\0001\0002\000\040\000l\000i\000s\000t\000\137\000d\000u\000p\000l\000i\000c\000a\000t\000e\000s\000\137\000b\000o\000o\000l\000\050\000\051}{subsection.8.13.1}% 498
\BOOKMARK [3][-]{subsubsection.8.13.1.13}{\376\377\0008\000.\0001\0003\000.\0001\000.\0001\0003\000\040\000m\000a\000t\000c\000h\000\137\000i\000d\000\137\000i\000n\000c\000l\000u\000d\000e\000\050\000\051}{subsection.8.13.1}% 499
\BOOKMARK [3][-]{subsubsection.8.13.1.14}{\376\377\0008\000.\0001\0003\000.\0001\000.\0001\0004\000\040\000m\000a\000t\000c\000h\000\137\000i\000n\000d\000i\000c\000e\000s\000\050\000\051}{subsection.8.13.1}% 500
\BOOKMARK [3][-]{subsubsection.8.13.1.15}{\376\377\0008\000.\0001\0003\000.\0001\000.\0001\0005\000\040\000r\000e\000m\000o\000v\000e\000\137\000m\000i\000n\000u\000s\000\137\000o\000n\000e\000\050\000\051}{subsection.8.13.1}% 501
\BOOKMARK [3][-]{subsubsection.8.13.1.16}{\376\377\0008\000.\0001\0003\000.\0001\000.\0001\0006\000\040\000s\000c\000a\000l\000e\000\050\000\051}{subsection.8.13.1}% 502
\BOOKMARK [3][-]{subsubsection.8.13.1.17}{\376\377\0008\000.\0001\0003\000.\0001\000.\0001\0007\000\040\000s\000l\000i\000c\000e\000\050\000\051}{subsection.8.13.1}% 503
\BOOKMARK [3][-]{subsubsection.8.13.1.18}{\376\377\0008\000.\0001\0003\000.\0001\000.\0001\0008\000\040\000u\000n\000i\000q\000u\000e\000\137\000l\000e\000s\000s\000\137\000e\000q\000u\000a\000l\000\050\000\051}{subsection.8.13.1}% 504
\BOOKMARK [1][-]{section.8.14}{\376\377\0008\000.\0001\0004\000\040\000M\000A\000G\000E\000E\000.\000h}{chapter.8}% 505
\BOOKMARK [1][-]{section.8.15}{\376\377\0008\000.\0001\0005\000\040\000i\000n\000c\000l\000u\000d\000e\000/\000M\000a\000t\000r\000i\000x\000U\000t\000i\000l\000s\000.\000h\000\040\000F\000i\000l\000e\000\040\000R\000e\000f\000e\000r\000e\000n\000c\000e}{chapter.8}% 506
\BOOKMARK [2][-]{subsection.8.15.1}{\376\377\0008\000.\0001\0005\000.\0001\000\040\000F\000u\000n\000c\000t\000i\000o\000n\000\040\000D\000o\000c\000u\000m\000e\000n\000t\000a\000t\000i\000o\000n}{section.8.15}% 507
\BOOKMARK [3][-]{subsubsection.8.15.1.1}{\376\377\0008\000.\0001\0005\000.\0001\000.\0001\000\040\000i\000n\000i\000t\000v\000e\000c\000\050\000\051}{subsection.8.15.1}% 508
\BOOKMARK [3][-]{subsubsection.8.15.1.2}{\376\377\0008\000.\0001\0005\000.\0001\000.\0002\000\040\000m\000a\000t\000A\000d\000d\000\050\000\051}{subsection.8.15.1}% 509
\BOOKMARK [3][-]{subsubsection.8.15.1.3}{\376\377\0008\000.\0001\0005\000.\0001\000.\0003\000\040\000m\000a\000t\000I\000n\000v\000\050\000\051}{subsection.8.15.1}% 510
\BOOKMARK [3][-]{subsubsection.8.15.1.4}{\376\377\0008\000.\0001\0005\000.\0001\000.\0004\000\040\000m\000a\000t\000m\000a\000t\000p\000r\000o\000d\000\050\000\051}{subsection.8.15.1}% 511
\BOOKMARK [3][-]{subsubsection.8.15.1.5}{\376\377\0008\000.\0001\0005\000.\0001\000.\0005\000\040\000m\000a\000t\000m\000a\000t\000T\000p\000r\000o\000d\000\050\000\051}{subsection.8.15.1}% 512
\BOOKMARK [3][-]{subsubsection.8.15.1.6}{\376\377\0008\000.\0001\0005\000.\0001\000.\0006\000\040\000m\000a\000t\000N\000m\000a\000t\000N\000p\000r\000o\000d\000\050\000\051}{subsection.8.15.1}% 513
\BOOKMARK [3][-]{subsubsection.8.15.1.7}{\376\377\0008\000.\0001\0005\000.\0001\000.\0007\000\040\000m\000a\000t\000T\000m\000a\000t\000p\000r\000o\000d\000\050\000\051}{subsection.8.15.1}% 514
\BOOKMARK [3][-]{subsubsection.8.15.1.8}{\376\377\0008\000.\0001\0005\000.\0001\000.\0008\000\040\000m\000a\000t\000T\000v\000e\000c\000p\000r\000o\000d\000\050\000\051}{subsection.8.15.1}% 515
\BOOKMARK [3][-]{subsubsection.8.15.1.9}{\376\377\0008\000.\0001\0005\000.\0001\000.\0009\000\040\000m\000a\000t\000v\000e\000c\000p\000r\000o\000d\000\050\000\051}{subsection.8.15.1}% 516
\BOOKMARK [3][-]{subsubsection.8.15.1.10}{\376\377\0008\000.\0001\0005\000.\0001\000.\0001\0000\000\040\000m\000a\000t\000v\000e\000c\000S\000p\000r\000o\000d\000\050\000\051}{subsection.8.15.1}% 517
\BOOKMARK [3][-]{subsubsection.8.15.1.11}{\376\377\0008\000.\0001\0005\000.\0001\000.\0001\0001\000\040\000s\000u\000b\000M\000a\000t\000r\000i\000x\000\050\000\051}{subsection.8.15.1}% 518
\BOOKMARK [3][-]{subsubsection.8.15.1.12}{\376\377\0008\000.\0001\0005\000.\0001\000.\0001\0002\000\040\000v\000e\000c\000m\000a\000t\000p\000r\000o\000d\000\050\000\051}{subsection.8.15.1}% 519
\BOOKMARK [1][-]{section.8.16}{\376\377\0008\000.\0001\0006\000\040\000M\000a\000t\000r\000i\000x\000U\000t\000i\000l\000s\000.\000h}{chapter.8}% 520
\BOOKMARK [1][-]{section.8.17}{\376\377\0008\000.\0001\0007\000\040\000i\000n\000c\000l\000u\000d\000e\000/\000P\000h\000e\000n\000o\000.\000h\000\040\000F\000i\000l\000e\000\040\000R\000e\000f\000e\000r\000e\000n\000c\000e}{chapter.8}% 521
\BOOKMARK [1][-]{section.8.18}{\376\377\0008\000.\0001\0008\000\040\000P\000h\000e\000n\000o\000.\000h}{chapter.8}% 522
\BOOKMARK [1][-]{section.8.19}{\376\377\0008\000.\0001\0009\000\040\000i\000n\000c\000l\000u\000d\000e\000/\000R\000e\000a\000d\000B\000e\000d\000.\000h\000\040\000F\000i\000l\000e\000\040\000R\000e\000f\000e\000r\000e\000n\000c\000e}{chapter.8}% 523
\BOOKMARK [2][-]{subsection.8.19.1}{\376\377\0008\000.\0001\0009\000.\0001\000\040\000M\000a\000c\000r\000o\000\040\000D\000e\000f\000i\000n\000i\000t\000i\000o\000n\000\040\000D\000o\000c\000u\000m\000e\000n\000t\000a\000t\000i\000o\000n}{section.8.19}% 524
\BOOKMARK [3][-]{subsubsection.8.19.1.1}{\376\377\0008\000.\0001\0009\000.\0001\000.\0001\000\040\000R\000E\000A\000D\000B\000E\000D\000\137\000H}{subsection.8.19.1}% 525
\BOOKMARK [2][-]{subsection.8.19.2}{\376\377\0008\000.\0001\0009\000.\0002\000\040\000F\000u\000n\000c\000t\000i\000o\000n\000\040\000D\000o\000c\000u\000m\000e\000n\000t\000a\000t\000i\000o\000n}{section.8.19}% 526
\BOOKMARK [3][-]{subsubsection.8.19.2.1}{\376\377\0008\000.\0001\0009\000.\0002\000.\0001\000\040\000g\000e\000m\000B\000E\000D\000\050\000\051}{subsection.8.19.2}% 527
\BOOKMARK [1][-]{section.8.20}{\376\377\0008\000.\0002\0000\000\040\000R\000e\000a\000d\000B\000e\000d\000.\000h}{chapter.8}% 528
\BOOKMARK [1][-]{section.8.21}{\376\377\0008\000.\0002\0001\000\040\000i\000n\000c\000l\000u\000d\000e\000/\000R\000e\000a\000d\000B\000G\000E\000N\000.\000h\000\040\000F\000i\000l\000e\000\040\000R\000e\000f\000e\000r\000e\000n\000c\000e}{chapter.8}% 529
\BOOKMARK [2][-]{subsection.8.21.1}{\376\377\0008\000.\0002\0001\000.\0001\000\040\000F\000u\000n\000c\000t\000i\000o\000n\000\040\000D\000o\000c\000u\000m\000e\000n\000t\000a\000t\000i\000o\000n}{section.8.21}% 530
\BOOKMARK [3][-]{subsubsection.8.21.1.1}{\376\377\0008\000.\0002\0001\000.\0001\000.\0001\000\040\000B\000g\000e\000n\0001\0003\000G\000e\000t\000T\000w\000o\000V\000a\000l\000s\000\050\000\051}{subsection.8.21.1}% 531
\BOOKMARK [3][-]{subsubsection.8.21.1.2}{\376\377\0008\000.\0002\0001\000.\0001\000.\0002\000\040\000g\000e\000m\000B\000G\000E\000N\000\050\000\051}{subsection.8.21.1}% 532
\BOOKMARK [1][-]{section.8.22}{\376\377\0008\000.\0002\0002\000\040\000R\000e\000a\000d\000B\000G\000E\000N\000.\000h}{chapter.8}% 533
\BOOKMARK [1][-]{section.8.23}{\376\377\0008\000.\0002\0003\000\040\000i\000n\000c\000l\000u\000d\000e\000/\000R\000e\000a\000d\000F\000i\000l\000e\000s\000.\000h\000\040\000F\000i\000l\000e\000\040\000R\000e\000f\000e\000r\000e\000n\000c\000e}{chapter.8}% 534
\BOOKMARK [1][-]{section.8.24}{\376\377\0008\000.\0002\0004\000\040\000R\000e\000a\000d\000F\000i\000l\000e\000s\000.\000h}{chapter.8}% 535
\BOOKMARK [1][-]{section.8.25}{\376\377\0008\000.\0002\0005\000\040\000i\000n\000c\000l\000u\000d\000e\000/\000R\000e\000a\000d\000P\000a\000r\000a\000m\000e\000t\000e\000r\000s\000.\000h\000\040\000F\000i\000l\000e\000\040\000R\000e\000f\000e\000r\000e\000n\000c\000e}{chapter.8}% 536
\BOOKMARK [1][-]{section.8.26}{\376\377\0008\000.\0002\0006\000\040\000R\000e\000a\000d\000P\000a\000r\000a\000m\000e\000t\000e\000r\000s\000.\000h}{chapter.8}% 537
\BOOKMARK [1][-]{section.8.27}{\376\377\0008\000.\0002\0007\000\040\000i\000n\000c\000l\000u\000d\000e\000/\000R\000e\000a\000d\000P\000G\000E\000N\000.\000h\000\040\000F\000i\000l\000e\000\040\000R\000e\000f\000e\000r\000e\000n\000c\000e}{chapter.8}% 538
\BOOKMARK [2][-]{subsection.8.27.1}{\376\377\0008\000.\0002\0007\000.\0001\000\040\000F\000u\000n\000c\000t\000i\000o\000n\000\040\000D\000o\000c\000u\000m\000e\000n\000t\000a\000t\000i\000o\000n}{section.8.27}% 539
\BOOKMARK [3][-]{subsubsection.8.27.1.1}{\376\377\0008\000.\0002\0007\000.\0001\000.\0001\000\040\000g\000e\000m\000P\000G\000E\000N\000\050\000\051}{subsection.8.27.1}% 540
\BOOKMARK [1][-]{section.8.28}{\376\377\0008\000.\0002\0008\000\040\000R\000e\000a\000d\000P\000G\000E\000N\000.\000h}{chapter.8}% 541
\BOOKMARK [1][-]{section.8.29}{\376\377\0008\000.\0002\0009\000\040\000i\000n\000c\000l\000u\000d\000e\000/\000S\000p\000a\000r\000s\000e\000I\000n\000v\000e\000r\000s\000e\000.\000h\000\040\000F\000i\000l\000e\000\040\000R\000e\000f\000e\000r\000e\000n\000c\000e}{chapter.8}% 542
\BOOKMARK [2][-]{subsection.8.29.1}{\376\377\0008\000.\0002\0009\000.\0001\000\040\000T\000y\000p\000e\000d\000e\000f\000\040\000D\000o\000c\000u\000m\000e\000n\000t\000a\000t\000i\000o\000n}{section.8.29}% 543
\BOOKMARK [3][-]{subsubsection.8.29.1.1}{\376\377\0008\000.\0002\0009\000.\0001\000.\0001\000\040\000D\000e\000n\000s\000e\000M\000a\000t\000I\000n\000t}{subsection.8.29.1}% 544
\BOOKMARK [3][-]{subsubsection.8.29.1.2}{\376\377\0008\000.\0002\0009\000.\0001\000.\0002\000\040\000D\000e\000n\000s\000M\000a\000t}{subsection.8.29.1}% 545
\BOOKMARK [3][-]{subsubsection.8.29.1.3}{\376\377\0008\000.\0002\0009\000.\0001\000.\0003\000\040\000D\000e\000n\000s\000V\000e\000c}{subsection.8.29.1}% 546
\BOOKMARK [3][-]{subsubsection.8.29.1.4}{\376\377\0008\000.\0002\0009\000.\0001\000.\0004\000\040\000D\000e\000n\000s\000V\000e\000c\000I\000n\000t}{subsection.8.29.1}% 547
\BOOKMARK [3][-]{subsubsection.8.29.1.5}{\376\377\0008\000.\0002\0009\000.\0001\000.\0005\000\040\000S\000p\000a\000M\000a\000t}{subsection.8.29.1}% 548
\BOOKMARK [3][-]{subsubsection.8.29.1.6}{\376\377\0008\000.\0002\0009\000.\0001\000.\0006\000\040\000S\000p\000a\000M\000a\000t\000R\000o\000w}{subsection.8.29.1}% 549
\BOOKMARK [1][-]{section.8.30}{\376\377\0008\000.\0003\0000\000\040\000S\000p\000a\000r\000s\000e\000I\000n\000v\000e\000r\000s\000e\000.\000h}{chapter.8}% 550
\BOOKMARK [1][-]{section.8.31}{\376\377\0008\000.\0003\0001\000\040\000i\000n\000c\000l\000u\000d\000e\000/\000T\000i\000m\000e\000U\000t\000i\000l\000s\000.\000h\000\040\000F\000i\000l\000e\000\040\000R\000e\000f\000e\000r\000e\000n\000c\000e}{chapter.8}% 551
\BOOKMARK [2][-]{subsection.8.31.1}{\376\377\0008\000.\0003\0001\000.\0001\000\040\000M\000a\000c\000r\000o\000\040\000D\000e\000f\000i\000n\000i\000t\000i\000o\000n\000\040\000D\000o\000c\000u\000m\000e\000n\000t\000a\000t\000i\000o\000n}{section.8.31}% 552
\BOOKMARK [3][-]{subsubsection.8.31.1.1}{\376\377\0008\000.\0003\0001\000.\0001\000.\0001\000\040\000T\000I\000M\000E\000U\000T\000I\000L\000S\000\137\000H}{subsection.8.31.1}% 553
\BOOKMARK [2][-]{subsection.8.31.2}{\376\377\0008\000.\0003\0001\000.\0002\000\040\000F\000u\000n\000c\000t\000i\000o\000n\000\040\000D\000o\000c\000u\000m\000e\000n\000t\000a\000t\000i\000o\000n}{section.8.31}% 554
\BOOKMARK [3][-]{subsubsection.8.31.2.1}{\376\377\0008\000.\0003\0001\000.\0002\000.\0001\000\040\000p\000r\000i\000n\000t\000E\000x\000e\000c\000u\000t\000i\000o\000n\000T\000i\000m\000e\000\050\000\051}{subsection.8.31.2}% 555
\BOOKMARK [3][-]{subsubsection.8.31.2.2}{\376\377\0008\000.\0003\0001\000.\0002\000.\0002\000\040\000p\000r\000i\000n\000t\000E\000x\000e\000c\000u\000t\000i\000o\000n\000T\000i\000m\000e\0001\000\050\000\051}{subsection.8.31.2}% 556
\BOOKMARK [1][-]{section.8.32}{\376\377\0008\000.\0003\0002\000\040\000T\000i\000m\000e\000U\000t\000i\000l\000s\000.\000h}{chapter.8}% 557
\BOOKMARK [1][-]{section.8.33}{\376\377\0008\000.\0003\0003\000\040\000R\000E\000A\000D\000M\000E\000.\000m\000d\000\040\000F\000i\000l\000e\000\040\000R\000e\000f\000e\000r\000e\000n\000c\000e}{chapter.8}% 558
\BOOKMARK [1][-]{section.8.34}{\376\377\0008\000.\0003\0004\000\040\000s\000r\000c\000/\000R\000E\000A\000D\000M\000E\000.\000m\000d\000\040\000F\000i\000l\000e\000\040\000R\000e\000f\000e\000r\000e\000n\000c\000e}{chapter.8}% 559
\BOOKMARK [1][-]{section.8.35}{\376\377\0008\000.\0003\0005\000\040\000s\000r\000c\000/\000B\000i\000n\000a\000r\000y\000E\000U\000t\000i\000l\000s\000.\000c\000p\000p\000\040\000F\000i\000l\000e\000\040\000R\000e\000f\000e\000r\000e\000n\000c\000e}{chapter.8}% 560
\BOOKMARK [2][-]{subsection.8.35.1}{\376\377\0008\000.\0003\0005\000.\0001\000\040\000F\000u\000n\000c\000t\000i\000o\000n\000\040\000D\000o\000c\000u\000m\000e\000n\000t\000a\000t\000i\000o\000n}{section.8.35}% 561
\BOOKMARK [3][-]{subsubsection.8.35.1.1}{\376\377\0008\000.\0003\0005\000.\0001\000.\0001\000\040\000c\000a\000r\000t\000e\000s\000i\000a\000n\000\137\000m\000a\000p\000\050\000\051}{subsection.8.35.1}% 562
\BOOKMARK [3][-]{subsubsection.8.35.1.2}{\376\377\0008\000.\0003\0005\000.\0001\000.\0002\000\040\000c\000a\000r\000t\000e\000s\000i\000a\000n\000\137\000v\000e\000c\000\137\000s\000e\000p\000\050\000\051}{subsection.8.35.1}% 563
\BOOKMARK [1][-]{section.8.36}{\376\377\0008\000.\0003\0006\000\040\000s\000r\000c\000/\000F\000i\000t\000g\000l\000m\000m\000.\000c\000p\000p\000\040\000F\000i\000l\000e\000\040\000R\000e\000f\000e\000r\000e\000n\000c\000e}{chapter.8}% 564
\BOOKMARK [2][-]{subsection.8.36.1}{\376\377\0008\000.\0003\0006\000.\0001\000\040\000M\000a\000c\000r\000o\000\040\000D\000e\000f\000i\000n\000i\000t\000i\000o\000n\000\040\000D\000o\000c\000u\000m\000e\000n\000t\000a\000t\000i\000o\000n}{section.8.36}% 565
\BOOKMARK [3][-]{subsubsection.8.36.1.1}{\376\377\0008\000.\0003\0006\000.\0001\000.\0001\000\040\000D\000B\000L\000\137\000E\000P\000S\000I\000L\000O\000N}{subsection.8.36.1}% 566
\BOOKMARK [2][-]{subsection.8.36.2}{\376\377\0008\000.\0003\0006\000.\0002\000\040\000T\000y\000p\000e\000d\000e\000f\000\040\000D\000o\000c\000u\000m\000e\000n\000t\000a\000t\000i\000o\000n}{section.8.36}% 567
\BOOKMARK [3][-]{subsubsection.8.36.2.1}{\376\377\0008\000.\0003\0006\000.\0002\000.\0001\000\040\000l\000l\000u\000i}{subsection.8.36.2}% 568
\BOOKMARK [3][-]{subsubsection.8.36.2.2}{\376\377\0008\000.\0003\0006\000.\0002\000.\0002\000\040\000u\000c\000h\000a\000r}{subsection.8.36.2}% 569
\BOOKMARK [3][-]{subsubsection.8.36.2.3}{\376\377\0008\000.\0003\0006\000.\0002\000.\0003\000\040\000u\000i\000n\000t}{subsection.8.36.2}% 570
\BOOKMARK [3][-]{subsubsection.8.36.2.4}{\376\377\0008\000.\0003\0006\000.\0002\000.\0004\000\040\000u\000s\000h\000o\000r\000t}{subsection.8.36.2}% 571
\BOOKMARK [2][-]{subsection.8.36.3}{\376\377\0008\000.\0003\0006\000.\0003\000\040\000F\000u\000n\000c\000t\000i\000o\000n\000\040\000D\000o\000c\000u\000m\000e\000n\000t\000a\000t\000i\000o\000n}{section.8.36}% 572
\BOOKMARK [3][-]{subsubsection.8.36.3.1}{\376\377\0008\000.\0003\0006\000.\0003\000.\0001\000\040\000c\000h\000i\000\137\000s\000q\000u\000a\000r\000e\000\137\000C\000D\000F\000\050\000\051}{subsection.8.36.3}% 573
\BOOKMARK [3][-]{subsubsection.8.36.3.2}{\376\377\0008\000.\0003\0006\000.\0003\000.\0002\000\040\000f\000i\000l\000t\000e\000r\000\137\000e\000l\000e\000m\000e\000n\000t\000s\000\050\000\051}{subsection.8.36.3}% 574
\BOOKMARK [3][-]{subsubsection.8.36.3.3}{\376\377\0008\000.\0003\0006\000.\0003\000.\0003\000\040\000f\000i\000n\000d\000\137\000i\000n\000d\000x\000\050\000\051}{subsection.8.36.3}% 575
\BOOKMARK [3][-]{subsubsection.8.36.3.4}{\376\377\0008\000.\0003\0006\000.\0003\000.\0004\000\040\000g\000l\000m\000m\000\137\000g\000e\000i\000\050\000\051}{subsection.8.36.3}% 576
\BOOKMARK [3][-]{subsubsection.8.36.3.5}{\376\377\0008\000.\0003\0006\000.\0003\000.\0005\000\040\000g\000l\000m\000m\000\137\000g\000e\000i\000\137\000b\000e\000d\0001\0003\000\050\000\051}{subsection.8.36.3}% 577
\BOOKMARK [3][-]{subsubsection.8.36.3.6}{\376\377\0008\000.\0003\0006\000.\0003\000.\0006\000\040\000g\000l\000m\000m\000\137\000g\000e\000i\000\137\000b\000g\000e\000n\0001\0003\000\050\000\051}{subsection.8.36.3}% 578
\BOOKMARK [3][-]{subsubsection.8.36.3.7}{\376\377\0008\000.\0003\0006\000.\0003\000.\0007\000\040\000g\000l\000m\000m\000\137\000g\000e\000i\000\137\000p\000g\000e\000n\0001\0003\000\050\000\051}{subsection.8.36.3}% 579
\BOOKMARK [1][-]{section.8.37}{\376\377\0008\000.\0003\0007\000\040\000s\000r\000c\000/\000G\000E\000M\000.\000c\000p\000p\000\040\000F\000i\000l\000e\000\040\000R\000e\000f\000e\000r\000e\000n\000c\000e}{chapter.8}% 580
\BOOKMARK [2][-]{subsection.8.37.1}{\376\377\0008\000.\0003\0007\000.\0001\000\040\000F\000u\000n\000c\000t\000i\000o\000n\000\040\000D\000o\000c\000u\000m\000e\000n\000t\000a\000t\000i\000o\000n}{section.8.37}% 581
\BOOKMARK [3][-]{subsubsection.8.37.1.1}{\376\377\0008\000.\0003\0007\000.\0001\000.\0001\000\040\000c\000e\000n\000t\000e\000r\000\050\000\051}{subsection.8.37.1}% 582
\BOOKMARK [3][-]{subsubsection.8.37.1.2}{\376\377\0008\000.\0003\0007\000.\0001\000.\0002\000\040\000c\000h\000e\000c\000k\000B\000i\000n\000a\000r\000y\000\050\000\051}{subsection.8.37.1}% 583
\BOOKMARK [3][-]{subsubsection.8.37.1.3}{\376\377\0008\000.\0003\0007\000.\0001\000.\0003\000\040\000f\000i\000t\000N\000u\000l\000l\000M\000o\000d\000e\000l\000\050\000\051}{subsection.8.37.1}% 584
\BOOKMARK [3][-]{subsubsection.8.37.1.4}{\376\377\0008\000.\0003\0007\000.\0001\000.\0004\000\040\000f\000i\000t\000N\000u\000l\000l\000M\000o\000d\000e\000l\0002\000\050\000\051}{subsection.8.37.1}% 585
\BOOKMARK [3][-]{subsubsection.8.37.1.5}{\376\377\0008\000.\0003\0007\000.\0001\000.\0005\000\040\000g\000e\000t\000\137\000l\000o\000g\000\137\000n\000a\000m\000e\000\050\000\051}{subsection.8.37.1}% 586
\BOOKMARK [3][-]{subsubsection.8.37.1.6}{\376\377\0008\000.\0003\0007\000.\0001\000.\0006\000\040\000m\000a\000i\000n\000\050\000\051}{subsection.8.37.1}% 587
\BOOKMARK [3][-]{subsubsection.8.37.1.7}{\376\377\0008\000.\0003\0007\000.\0001\000.\0007\000\040\000p\000r\000i\000n\000t\000C\000o\000v\000V\000a\000r\000M\000a\000t\000\050\000\051}{subsection.8.37.1}% 588
\BOOKMARK [3][-]{subsubsection.8.37.1.8}{\376\377\0008\000.\0003\0007\000.\0001\000.\0008\000\040\000p\000r\000i\000n\000t\000O\000u\000t\000p\000u\000t\000H\000e\000a\000d\000e\000r\000\050\000\051}{subsection.8.37.1}% 589
\BOOKMARK [1][-]{section.8.38}{\376\377\0008\000.\0003\0008\000\040\000s\000r\000c\000/\000G\000M\000M\000A\000T\000.\000c\000p\000p\000\040\000F\000i\000l\000e\000\040\000R\000e\000f\000e\000r\000e\000n\000c\000e}{chapter.8}% 590
\BOOKMARK [2][-]{subsection.8.38.1}{\376\377\0008\000.\0003\0008\000.\0001\000\040\000F\000u\000n\000c\000t\000i\000o\000n\000\040\000D\000o\000c\000u\000m\000e\000n\000t\000a\000t\000i\000o\000n}{section.8.38}% 591
\BOOKMARK [3][-]{subsubsection.8.38.1.1}{\376\377\0008\000.\0003\0008\000.\0001\000.\0001\000\040\000a\000p\000p\000l\000y\000\137\000w\000b\000\050\000\051}{subsection.8.38.1}% 592
\BOOKMARK [3][-]{subsubsection.8.38.1.2}{\376\377\0008\000.\0003\0008\000.\0001\000.\0002\000\040\000c\000a\000l\000c\000\137\000v\000a\000r\000i\000a\000n\000c\000e\000\050\000\051}{subsection.8.38.1}% 593
\BOOKMARK [3][-]{subsubsection.8.38.1.3}{\376\377\0008\000.\0003\0008\000.\0001\000.\0003\000\040\000c\000h\000e\000c\000k\000\137\000c\000o\000n\000v\000e\000r\000g\000e\000n\000c\000e\000\050\000\051}{subsection.8.38.1}% 594
\BOOKMARK [3][-]{subsubsection.8.38.1.4}{\376\377\0008\000.\0003\0008\000.\0001\000.\0004\000\040\000c\000o\000n\000v\000\137\000d\000m\0002\000s\000t\000d\000V\000\050\000\051}{subsection.8.38.1}% 595
\BOOKMARK [3][-]{subsubsection.8.38.1.5}{\376\377\0008\000.\0003\0008\000.\0001\000.\0005\000\040\000c\000o\000n\000v\000\137\000d\000v\0002\000s\000t\000d\000V\000d\000\050\000\051}{subsection.8.38.1}% 596
\BOOKMARK [3][-]{subsubsection.8.38.1.6}{\376\377\0008\000.\0003\0008\000.\0001\000.\0006\000\040\000c\000o\000n\000v\000\137\000s\000t\000d\000V\0002\000d\000v\000\050\000\051}{subsection.8.38.1}% 597
\BOOKMARK [3][-]{subsubsection.8.38.1.7}{\376\377\0008\000.\0003\0008\000.\0001\000.\0007\000\040\000c\000o\000n\000v\000\137\000s\000t\000d\000V\000s\0002\000d\000V\000\050\000\051}{subsection.8.38.1}% 598
\BOOKMARK [3][-]{subsubsection.8.38.1.8}{\376\377\0008\000.\0003\0008\000.\0001\000.\0008\000\040\000c\000o\000n\000v\000\137\000s\000t\000d\000v\000s\0002\000s\000t\000d\000v\000i\000\050\000\051}{subsection.8.38.1}% 599
\BOOKMARK [3][-]{subsubsection.8.38.1.9}{\376\377\0008\000.\0003\0008\000.\0001\000.\0009\000\040\000c\000o\000n\000v\000\137\000v\000e\000c\000\137\000v\000e\000c\000X\000d\000\050\000\051}{subsection.8.38.1}% 600
\BOOKMARK [3][-]{subsubsection.8.38.1.10}{\376\377\0008\000.\0003\0008\000.\0001\000.\0001\0000\000\040\000c\000r\000e\000a\000t\000e\000\137\000c\000o\000v\000d\000a\000t\000a\000\050\000\051}{subsection.8.38.1}% 601
\BOOKMARK [3][-]{subsubsection.8.38.1.11}{\376\377\0008\000.\0003\0008\000.\0001\000.\0001\0001\000\040\000c\000r\000e\000a\000t\000e\000H\000e\000a\000d\000e\000r\000M\000a\000p\000\050\000\051}{subsection.8.38.1}% 602
\BOOKMARK [3][-]{subsubsection.8.38.1.12}{\376\377\0008\000.\0003\0008\000.\0001\000.\0001\0002\000\040\000h\000a\000d\000a\000m\000a\000r\000d\000\137\000s\000u\000m\000\137\000b\000l\000o\000c\000k\000\050\000\051}{subsection.8.38.1}% 603
\BOOKMARK [3][-]{subsubsection.8.38.1.13}{\376\377\0008\000.\0003\0008\000.\0001\000.\0001\0003\000\040\000i\000n\000t\000e\000r\000s\000e\000c\000t\000\050\000\051}{subsection.8.38.1}% 604
\BOOKMARK [3][-]{subsubsection.8.38.1.14}{\376\377\0008\000.\0003\0008\000.\0001\000.\0001\0004\000\040\000l\000i\000n\000k\000i\000n\000v\000\050\000\051}{subsection.8.38.1}% 605
\BOOKMARK [3][-]{subsubsection.8.38.1.15}{\376\377\0008\000.\0003\0008\000.\0001\000.\0001\0005\000\040\000l\000o\000g\000i\000c\000\137\000u\000p\000d\000a\000t\000e\000\137\000f\000i\000x\000e\000d\000\137\000c\000o\000n\000d\000t\000i\000o\000n\000\050\000\051}{subsection.8.38.1}% 606
\BOOKMARK [3][-]{subsubsection.8.38.1.16}{\376\377\0008\000.\0003\0008\000.\0001\000.\0001\0006\000\040\000s\000i\000g\000n\000\050\000\051}{subsection.8.38.1}% 607
\BOOKMARK [3][-]{subsubsection.8.38.1.17}{\376\377\0008\000.\0003\0008\000.\0001\000.\0001\0007\000\040\000s\000l\000i\000c\000e\000\137\000m\000a\000t\000\050\000\051\000\040\000[\0001\000/\0001\0000\000]}{subsection.8.38.1}% 608
\BOOKMARK [3][-]{subsubsection.8.38.1.18}{\376\377\0008\000.\0003\0008\000.\0001\000.\0001\0008\000\040\000s\000l\000i\000c\000e\000\137\000m\000a\000t\000\050\000\051\000\040\000[\0002\000/\0001\0000\000]}{subsection.8.38.1}% 609
\BOOKMARK [3][-]{subsubsection.8.38.1.19}{\376\377\0008\000.\0003\0008\000.\0001\000.\0001\0009\000\040\000s\000l\000i\000c\000e\000\137\000m\000a\000t\000\050\000\051\000\040\000[\0003\000/\0001\0000\000]}{subsection.8.38.1}% 610
\BOOKMARK [3][-]{subsubsection.8.38.1.20}{\376\377\0008\000.\0003\0008\000.\0001\000.\0002\0000\000\040\000s\000l\000i\000c\000e\000\137\000m\000a\000t\000\050\000\051\000\040\000[\0004\000/\0001\0000\000]}{subsection.8.38.1}% 611
\BOOKMARK [3][-]{subsubsection.8.38.1.21}{\376\377\0008\000.\0003\0008\000.\0001\000.\0002\0001\000\040\000s\000l\000i\000c\000e\000\137\000m\000a\000t\000\050\000\051\000\040\000[\0005\000/\0001\0000\000]}{subsection.8.38.1}% 612
\BOOKMARK [3][-]{subsubsection.8.38.1.22}{\376\377\0008\000.\0003\0008\000.\0001\000.\0002\0002\000\040\000s\000l\000i\000c\000e\000\137\000m\000a\000t\000\050\000\051\000\040\000[\0006\000/\0001\0000\000]}{subsection.8.38.1}% 613
\BOOKMARK [3][-]{subsubsection.8.38.1.23}{\376\377\0008\000.\0003\0008\000.\0001\000.\0002\0003\000\040\000s\000l\000i\000c\000e\000\137\000m\000a\000t\000\050\000\051\000\040\000[\0007\000/\0001\0000\000]}{subsection.8.38.1}% 614
\BOOKMARK [3][-]{subsubsection.8.38.1.24}{\376\377\0008\000.\0003\0008\000.\0001\000.\0002\0004\000\040\000s\000l\000i\000c\000e\000\137\000m\000a\000t\000\050\000\051\000\040\000[\0008\000/\0001\0000\000]}{subsection.8.38.1}% 615
\BOOKMARK [3][-]{subsubsection.8.38.1.25}{\376\377\0008\000.\0003\0008\000.\0001\000.\0002\0005\000\040\000s\000l\000i\000c\000e\000\137\000m\000a\000t\000\050\000\051\000\040\000[\0009\000/\0001\0000\000]}{subsection.8.38.1}% 616
\BOOKMARK [3][-]{subsubsection.8.38.1.26}{\376\377\0008\000.\0003\0008\000.\0001\000.\0002\0006\000\040\000s\000l\000i\000c\000e\000\137\000m\000a\000t\000\050\000\051\000\040\000[\0001\0000\000/\0001\0000\000]}{subsection.8.38.1}% 617
\BOOKMARK [3][-]{subsubsection.8.38.1.27}{\376\377\0008\000.\0003\0008\000.\0001\000.\0002\0007\000\040\000s\000l\000i\000c\000e\000\137\000m\000a\000t\000\137\000c\000o\000l\000s\000\050\000\051}{subsection.8.38.1}% 618
\BOOKMARK [3][-]{subsubsection.8.38.1.28}{\376\377\0008\000.\0003\0008\000.\0001\000.\0002\0008\000\040\000s\000l\000i\000c\000e\000\137\000v\000e\000c\000\050\000\051\000\040\000[\0001\000/\0003\000]}{subsection.8.38.1}% 619
\BOOKMARK [3][-]{subsubsection.8.38.1.29}{\376\377\0008\000.\0003\0008\000.\0001\000.\0002\0009\000\040\000s\000l\000i\000c\000e\000\137\000v\000e\000c\000\050\000\051\000\040\000[\0002\000/\0003\000]}{subsection.8.38.1}% 620
\BOOKMARK [3][-]{subsubsection.8.38.1.30}{\376\377\0008\000.\0003\0008\000.\0001\000.\0003\0000\000\040\000s\000l\000i\000c\000e\000\137\000v\000e\000c\000\050\000\051\000\040\000[\0003\000/\0003\000]}{subsection.8.38.1}% 621
\BOOKMARK [1][-]{section.8.39}{\376\377\0008\000.\0003\0009\000\040\000s\000r\000c\000/\000K\000i\000n\000s\000h\000i\000p\000.\000c\000p\000p\000\040\000F\000i\000l\000e\000\040\000R\000e\000f\000e\000r\000e\000n\000c\000e}{chapter.8}% 622
\BOOKMARK [1][-]{section.8.40}{\376\377\0008\000.\0004\0000\000\040\000s\000r\000c\000/\000L\000o\000g\000g\000e\000r\000.\000c\000p\000p\000\040\000F\000i\000l\000e\000\040\000R\000e\000f\000e\000r\000e\000n\000c\000e}{chapter.8}% 623
\BOOKMARK [1][-]{section.8.41}{\376\377\0008\000.\0004\0001\000\040\000s\000r\000c\000/\000M\000A\000G\000E\000E\000.\000c\000p\000p\000\040\000F\000i\000l\000e\000\040\000R\000e\000f\000e\000r\000e\000n\000c\000e}{chapter.8}% 624
\BOOKMARK [2][-]{subsection.8.41.1}{\376\377\0008\000.\0004\0001\000.\0001\000\040\000F\000u\000n\000c\000t\000i\000o\000n\000\040\000D\000o\000c\000u\000m\000e\000n\000t\000a\000t\000i\000o\000n}{section.8.41}% 625
\BOOKMARK [3][-]{subsubsection.8.41.1.1}{\376\377\0008\000.\0004\0001\000.\0001\000.\0001\000\040\000a\000n\000y\000\137\000d\000u\000p\000l\000i\000c\000a\000t\000e\000d\000\050\000\051}{subsection.8.41.1}% 626
\BOOKMARK [3][-]{subsubsection.8.41.1.2}{\376\377\0008\000.\0004\0001\000.\0001\000.\0002\000\040\000a\000n\000y\000\137\000i\000s\000n\000a\000\050\000\051}{subsection.8.41.1}% 627
\BOOKMARK [3][-]{subsubsection.8.41.1.3}{\376\377\0008\000.\0004\0001\000.\0001\000.\0003\000\040\000a\000p\000p\000l\000y\000\137\000o\000n\000\137\000c\000o\000l\000u\000m\000n\000s\000\050\000\051}{subsection.8.41.1}% 628
\BOOKMARK [3][-]{subsubsection.8.41.1.4}{\376\377\0008\000.\0004\0001\000.\0001\000.\0004\000\040\000a\000p\000p\000l\000y\000\137\000w\000b\000\137\000J\000\050\000\051}{subsection.8.41.1}% 629
\BOOKMARK [3][-]{subsubsection.8.41.1.5}{\376\377\0008\000.\0004\0001\000.\0001\000.\0005\000\040\000c\000b\000i\000n\000d\000\050\000\051}{subsection.8.41.1}% 630
\BOOKMARK [3][-]{subsubsection.8.41.1.6}{\376\377\0008\000.\0004\0001\000.\0001\000.\0006\000\040\000c\000h\000e\000c\000k\000\137\000n\000o\000t\000\137\000e\000m\000p\000t\000y\000\050\000\051}{subsection.8.41.1}% 631
\BOOKMARK [3][-]{subsubsection.8.41.1.7}{\376\377\0008\000.\0004\0001\000.\0001\000.\0007\000\040\000c\000o\000n\000v\000e\000r\000t\000\137\000e\000i\000g\000e\000n\000\137\000t\000o\000\137\000a\000r\000m\000a\000\050\000\051}{subsection.8.41.1}% 632
\BOOKMARK [3][-]{subsubsection.8.41.1.8}{\376\377\0008\000.\0004\0001\000.\0001\000.\0008\000\040\000c\000r\000e\000a\000t\000e\000\137\000s\000t\000r\000a\000t\000a\000\050\000\051}{subsection.8.41.1}% 633
\BOOKMARK [3][-]{subsubsection.8.41.1.9}{\376\377\0008\000.\0004\0001\000.\0001\000.\0009\000\040\000f\000i\000l\000t\000e\000r\000\137\000u\000n\000i\000q\000u\000e\000\137\000r\000o\000w\000s\000\050\000\051}{subsection.8.41.1}% 634
\BOOKMARK [3][-]{subsubsection.8.41.1.10}{\376\377\0008\000.\0004\0001\000.\0001\000.\0001\0000\000\040\000f\000i\000l\000t\000e\000r\000e\000d\000\137\000i\000d\000s\000\050\000\051}{subsection.8.41.1}% 635
\BOOKMARK [3][-]{subsubsection.8.41.1.11}{\376\377\0008\000.\0004\0001\000.\0001\000.\0001\0001\000\040\000g\000e\000n\000e\000r\000a\000t\000e\000\137\000s\000t\000r\000a\000t\000a\000\137\000l\000i\000s\000t\000\050\000\051}{subsection.8.41.1}% 636
\BOOKMARK [3][-]{subsubsection.8.41.1.12}{\376\377\0008\000.\0004\0001\000.\0001\000.\0001\0002\000\040\000g\000l\000m\000m\000\137\000g\000e\000i\000\137\000b\000e\000d\0001\0003\000\050\000\051}{subsection.8.41.1}% 637
\BOOKMARK [3][-]{subsubsection.8.41.1.13}{\376\377\0008\000.\0004\0001\000.\0001\000.\0001\0003\000\040\000g\000l\000m\000m\000\137\000g\000e\000i\000\137\000b\000g\000e\000n\0001\0003\000\050\000\051}{subsection.8.41.1}% 638
\BOOKMARK [3][-]{subsubsection.8.41.1.14}{\376\377\0008\000.\0004\0001\000.\0001\000.\0001\0004\000\040\000g\000l\000m\000m\000\137\000g\000e\000i\000\137\000p\000g\000e\000n\0001\0003\000\050\000\051}{subsection.8.41.1}% 639
\BOOKMARK [3][-]{subsubsection.8.41.1.15}{\376\377\0008\000.\0004\0001\000.\0001\000.\0001\0005\000\040\000i\000n\000\137\000o\000p\000\050\000\051}{subsection.8.41.1}% 640
\BOOKMARK [3][-]{subsubsection.8.41.1.16}{\376\377\0008\000.\0004\0001\000.\0001\000.\0001\0006\000\040\000i\000n\000\137\000o\000p\000\137\000i\000n\000d\000i\000c\000e\000s\000\050\000\051}{subsection.8.41.1}% 641
\BOOKMARK [3][-]{subsubsection.8.41.1.17}{\376\377\0008\000.\0004\0001\000.\0001\000.\0001\0007\000\040\000l\000i\000s\000t\000\137\000d\000u\000p\000l\000i\000c\000a\000t\000e\000s\000\137\000b\000o\000o\000l\000\050\000\051}{subsection.8.41.1}% 642
\BOOKMARK [3][-]{subsubsection.8.41.1.18}{\376\377\0008\000.\0004\0001\000.\0001\000.\0001\0008\000\040\000m\000a\000t\000c\000h\000\137\000i\000d\000\137\000i\000n\000c\000l\000u\000d\000e\000\050\000\051}{subsection.8.41.1}% 643
\BOOKMARK [3][-]{subsubsection.8.41.1.19}{\376\377\0008\000.\0004\0001\000.\0001\000.\0001\0009\000\040\000m\000a\000t\000c\000h\000\137\000i\000n\000d\000i\000c\000e\000s\000\050\000\051}{subsection.8.41.1}% 644
\BOOKMARK [3][-]{subsubsection.8.41.1.20}{\376\377\0008\000.\0004\0001\000.\0001\000.\0002\0000\000\040\000r\000e\000m\000o\000v\000e\000\137\000m\000i\000n\000u\000s\000\137\000o\000n\000e\000\050\000\051}{subsection.8.41.1}% 645
\BOOKMARK [3][-]{subsubsection.8.41.1.21}{\376\377\0008\000.\0004\0001\000.\0001\000.\0002\0001\000\040\000s\000c\000a\000l\000e\000\050\000\051}{subsection.8.41.1}% 646
\BOOKMARK [3][-]{subsubsection.8.41.1.22}{\376\377\0008\000.\0004\0001\000.\0001\000.\0002\0002\000\040\000s\000l\000i\000c\000e\000\050\000\051}{subsection.8.41.1}% 647
\BOOKMARK [3][-]{subsubsection.8.41.1.23}{\376\377\0008\000.\0004\0001\000.\0001\000.\0002\0003\000\040\000s\000p\000a\000\137\000m\000a\000t\000\137\000o\000n\000e\000s\000\050\000\051}{subsection.8.41.1}% 648
\BOOKMARK [3][-]{subsubsection.8.41.1.24}{\376\377\0008\000.\0004\0001\000.\0001\000.\0002\0004\000\040\000u\000n\000i\000q\000u\000e\000\137\000l\000e\000s\000s\000\137\000e\000q\000u\000a\000l\000\050\000\051}{subsection.8.41.1}% 649
\BOOKMARK [1][-]{section.8.42}{\376\377\0008\000.\0004\0002\000\040\000s\000r\000c\000/\000M\000a\000t\000r\000i\000x\000U\000t\000i\000l\000s\000.\000c\000p\000p\000\040\000F\000i\000l\000e\000\040\000R\000e\000f\000e\000r\000e\000n\000c\000e}{chapter.8}% 650
\BOOKMARK [2][-]{subsection.8.42.1}{\376\377\0008\000.\0004\0002\000.\0001\000\040\000F\000u\000n\000c\000t\000i\000o\000n\000\040\000D\000o\000c\000u\000m\000e\000n\000t\000a\000t\000i\000o\000n}{section.8.42}% 651
\BOOKMARK [3][-]{subsubsection.8.42.1.1}{\376\377\0008\000.\0004\0002\000.\0001\000.\0001\000\040\000d\000a\000x\000p\000y\000\137\000\050\000\051}{subsection.8.42.1}% 652
\BOOKMARK [3][-]{subsubsection.8.42.1.2}{\376\377\0008\000.\0004\0002\000.\0001\000.\0002\000\040\000d\000g\000e\000m\000m\000\137\000\050\000\051}{subsection.8.42.1}% 653
\BOOKMARK [3][-]{subsubsection.8.42.1.3}{\376\377\0008\000.\0004\0002\000.\0001\000.\0003\000\040\000d\000g\000e\000m\000v\000\137\000\050\000\051}{subsection.8.42.1}% 654
\BOOKMARK [3][-]{subsubsection.8.42.1.4}{\376\377\0008\000.\0004\0002\000.\0001\000.\0004\000\040\000d\000g\000e\000t\000r\000f\000\137\000\050\000\051}{subsection.8.42.1}% 655
\BOOKMARK [3][-]{subsubsection.8.42.1.5}{\376\377\0008\000.\0004\0002\000.\0001\000.\0005\000\040\000d\000g\000e\000t\000r\000i\000\137\000\050\000\051}{subsection.8.42.1}% 656
\BOOKMARK [3][-]{subsubsection.8.42.1.6}{\376\377\0008\000.\0004\0002\000.\0001\000.\0006\000\040\000d\000l\000a\000c\000p\000y\000\137\000\050\000\051}{subsection.8.42.1}% 657
\BOOKMARK [3][-]{subsubsection.8.42.1.7}{\376\377\0008\000.\0004\0002\000.\0001\000.\0007\000\040\000i\000n\000i\000t\000v\000e\000c\000\050\000\051}{subsection.8.42.1}% 658
\BOOKMARK [3][-]{subsubsection.8.42.1.8}{\376\377\0008\000.\0004\0002\000.\0001\000.\0008\000\040\000m\000a\000t\000A\000d\000d\000\050\000\051}{subsection.8.42.1}% 659
\BOOKMARK [3][-]{subsubsection.8.42.1.9}{\376\377\0008\000.\0004\0002\000.\0001\000.\0009\000\040\000m\000a\000t\000I\000n\000v\000\050\000\051}{subsection.8.42.1}% 660
\BOOKMARK [3][-]{subsubsection.8.42.1.10}{\376\377\0008\000.\0004\0002\000.\0001\000.\0001\0000\000\040\000m\000a\000t\000m\000a\000t\000p\000r\000o\000d\000\050\000\051}{subsection.8.42.1}% 661
\BOOKMARK [3][-]{subsubsection.8.42.1.11}{\376\377\0008\000.\0004\0002\000.\0001\000.\0001\0001\000\040\000m\000a\000t\000m\000a\000t\000T\000p\000r\000o\000d\000\050\000\051}{subsection.8.42.1}% 662
\BOOKMARK [3][-]{subsubsection.8.42.1.12}{\376\377\0008\000.\0004\0002\000.\0001\000.\0001\0002\000\040\000m\000a\000t\000N\000m\000a\000t\000N\000p\000r\000o\000d\000\050\000\051}{subsection.8.42.1}% 663
\BOOKMARK [3][-]{subsubsection.8.42.1.13}{\376\377\0008\000.\0004\0002\000.\0001\000.\0001\0003\000\040\000m\000a\000t\000T\000m\000a\000t\000p\000r\000o\000d\000\050\000\051}{subsection.8.42.1}% 664
\BOOKMARK [3][-]{subsubsection.8.42.1.14}{\376\377\0008\000.\0004\0002\000.\0001\000.\0001\0004\000\040\000m\000a\000t\000T\000v\000e\000c\000p\000r\000o\000d\000\050\000\051}{subsection.8.42.1}% 665
\BOOKMARK [3][-]{subsubsection.8.42.1.15}{\376\377\0008\000.\0004\0002\000.\0001\000.\0001\0005\000\040\000m\000a\000t\000v\000e\000c\000p\000r\000o\000d\000\050\000\051}{subsection.8.42.1}% 666
\BOOKMARK [3][-]{subsubsection.8.42.1.16}{\376\377\0008\000.\0004\0002\000.\0001\000.\0001\0006\000\040\000m\000a\000t\000v\000e\000c\000S\000p\000r\000o\000d\000\050\000\051}{subsection.8.42.1}% 667
\BOOKMARK [3][-]{subsubsection.8.42.1.17}{\376\377\0008\000.\0004\0002\000.\0001\000.\0001\0007\000\040\000s\000u\000b\000M\000a\000t\000r\000i\000x\000\050\000\051}{subsection.8.42.1}% 668
\BOOKMARK [3][-]{subsubsection.8.42.1.18}{\376\377\0008\000.\0004\0002\000.\0001\000.\0001\0008\000\040\000v\000e\000c\000m\000a\000t\000p\000r\000o\000d\000\050\000\051}{subsection.8.42.1}% 669
\BOOKMARK [1][-]{section.8.43}{\376\377\0008\000.\0004\0003\000\040\000s\000r\000c\000/\000P\000h\000e\000n\000o\000.\000c\000p\000p\000\040\000F\000i\000l\000e\000\040\000R\000e\000f\000e\000r\000e\000n\000c\000e}{chapter.8}% 670
\BOOKMARK [1][-]{section.8.44}{\376\377\0008\000.\0004\0004\000\040\000s\000r\000c\000/\000R\000e\000a\000d\000B\000e\000d\000.\000c\000p\000p\000\040\000F\000i\000l\000e\000\040\000R\000e\000f\000e\000r\000e\000n\000c\000e}{chapter.8}% 671
\BOOKMARK [2][-]{subsection.8.44.1}{\376\377\0008\000.\0004\0004\000.\0001\000\040\000F\000u\000n\000c\000t\000i\000o\000n\000\040\000D\000o\000c\000u\000m\000e\000n\000t\000a\000t\000i\000o\000n}{section.8.44}% 672
\BOOKMARK [3][-]{subsubsection.8.44.1.1}{\376\377\0008\000.\0004\0004\000.\0001\000.\0001\000\040\000g\000e\000m\000B\000E\000D\000\050\000\051}{subsection.8.44.1}% 673
\BOOKMARK [1][-]{section.8.45}{\376\377\0008\000.\0004\0005\000\040\000s\000r\000c\000/\000R\000e\000a\000d\000B\000G\000E\000N\000.\000c\000p\000p\000\040\000F\000i\000l\000e\000\040\000R\000e\000f\000e\000r\000e\000n\000c\000e}{chapter.8}% 674
\BOOKMARK [2][-]{subsection.8.45.1}{\376\377\0008\000.\0004\0005\000.\0001\000\040\000T\000y\000p\000e\000d\000e\000f\000\040\000D\000o\000c\000u\000m\000e\000n\000t\000a\000t\000i\000o\000n}{section.8.45}% 675
\BOOKMARK [3][-]{subsubsection.8.45.1.1}{\376\377\0008\000.\0004\0005\000.\0001\000.\0001\000\040\000d\000b\000l}{subsection.8.45.1}% 676
\BOOKMARK [2][-]{subsection.8.45.2}{\376\377\0008\000.\0004\0005\000.\0002\000\040\000F\000u\000n\000c\000t\000i\000o\000n\000\040\000D\000o\000c\000u\000m\000e\000n\000t\000a\000t\000i\000o\000n}{section.8.45}% 677
\BOOKMARK [3][-]{subsubsection.8.45.2.1}{\376\377\0008\000.\0004\0005\000.\0002\000.\0001\000\040\000B\000g\000e\000n\0001\0003\000G\000e\000t\000T\000w\000o\000V\000a\000l\000s\000\050\000\051}{subsection.8.45.2}% 678
\BOOKMARK [3][-]{subsubsection.8.45.2.2}{\376\377\0008\000.\0004\0005\000.\0002\000.\0002\000\040\000g\000e\000m\000B\000G\000E\000N\000\050\000\051}{subsection.8.45.2}% 679
\BOOKMARK [1][-]{section.8.46}{\376\377\0008\000.\0004\0006\000\040\000s\000r\000c\000/\000R\000e\000a\000d\000F\000i\000l\000e\000s\000.\000c\000p\000p\000\040\000F\000i\000l\000e\000\040\000R\000e\000f\000e\000r\000e\000n\000c\000e}{chapter.8}% 680
\BOOKMARK [1][-]{section.8.47}{\376\377\0008\000.\0004\0007\000\040\000s\000r\000c\000/\000R\000e\000a\000d\000P\000a\000r\000a\000m\000e\000t\000e\000r\000s\000.\000c\000p\000p\000\040\000F\000i\000l\000e\000\040\000R\000e\000f\000e\000r\000e\000n\000c\000e}{chapter.8}% 681
\BOOKMARK [2][-]{subsection.8.47.1}{\376\377\0008\000.\0004\0007\000.\0001\000\040\000M\000a\000c\000r\000o\000\040\000D\000e\000f\000i\000n\000i\000t\000i\000o\000n\000\040\000D\000o\000c\000u\000m\000e\000n\000t\000a\000t\000i\000o\000n}{section.8.47}% 682
\BOOKMARK [3][-]{subsubsection.8.47.1.1}{\376\377\0008\000.\0004\0007\000.\0001\000.\0001\000\040\000V\000E\000R\000S\000I\000O\000N}{subsection.8.47.1}% 683
\BOOKMARK [2][-]{subsection.8.47.2}{\376\377\0008\000.\0004\0007\000.\0002\000\040\000F\000u\000n\000c\000t\000i\000o\000n\000\040\000D\000o\000c\000u\000m\000e\000n\000t\000a\000t\000i\000o\000n}{section.8.47}% 684
\BOOKMARK [3][-]{subsubsection.8.47.2.1}{\376\377\0008\000.\0004\0007\000.\0002\000.\0001\000\040\000p\000r\000i\000n\000t\000\137\000h\000e\000l\000p\000\050\000\051}{subsection.8.47.2}% 685
\BOOKMARK [1][-]{section.8.48}{\376\377\0008\000.\0004\0008\000\040\000s\000r\000c\000/\000R\000e\000a\000d\000P\000G\000E\000N\000.\000c\000p\000p\000\040\000F\000i\000l\000e\000\040\000R\000e\000f\000e\000r\000e\000n\000c\000e}{chapter.8}% 686
\BOOKMARK [2][-]{subsection.8.48.1}{\376\377\0008\000.\0004\0008\000.\0001\000\040\000F\000u\000n\000c\000t\000i\000o\000n\000\040\000D\000o\000c\000u\000m\000e\000n\000t\000a\000t\000i\000o\000n}{section.8.48}% 687
\BOOKMARK [3][-]{subsubsection.8.48.1.1}{\376\377\0008\000.\0004\0008\000.\0001\000.\0001\000\040\000g\000e\000m\000P\000G\000E\000N\000\050\000\051}{subsection.8.48.1}% 688
\BOOKMARK [1][-]{section.8.49}{\376\377\0008\000.\0004\0009\000\040\000s\000r\000c\000/\000S\000p\000a\000r\000s\000e\000I\000n\000v\000e\000r\000s\000e\000.\000c\000p\000p\000\040\000F\000i\000l\000e\000\040\000R\000e\000f\000e\000r\000e\000n\000c\000e}{chapter.8}% 689
\BOOKMARK [2][-]{subsection.8.49.1}{\376\377\0008\000.\0004\0009\000.\0001\000\040\000F\000u\000n\000c\000t\000i\000o\000n\000\040\000D\000o\000c\000u\000m\000e\000n\000t\000a\000t\000i\000o\000n}{section.8.49}% 690
\BOOKMARK [3][-]{subsubsection.8.49.1.1}{\376\377\0008\000.\0004\0009\000.\0001\000.\0001\000\040\000c\000h\000o\000l\000m\000o\000d\000S\000p\000a\000r\000s\000e\000T\000o\000C\000s\000p\000a\000r\000s\000e\000\050\000\051}{subsection.8.49.1}% 691
\BOOKMARK [3][-]{subsubsection.8.49.1.2}{\376\377\0008\000.\0004\0009\000.\0001\000.\0002\000\040\000c\000o\000m\000b\000i\000n\000e\000\137\000i\000n\000d\000i\000c\000e\000s\000\050\000\051}{subsection.8.49.1}% 692
\BOOKMARK [3][-]{subsubsection.8.49.1.3}{\376\377\0008\000.\0004\0009\000.\0001\000.\0003\000\040\000c\000o\000n\000v\000e\000r\000t\000E\000i\000g\000e\000n\000T\000o\000S\000u\000i\000t\000e\000S\000p\000a\000r\000s\000e\000\050\000\051}{subsection.8.49.1}% 693
\BOOKMARK [3][-]{subsubsection.8.49.1.4}{\376\377\0008\000.\0004\0009\000.\0001\000.\0004\000\040\000c\000r\000e\000a\000t\000e\000S\000p\000a\000r\000s\000e\000I\000d\000e\000n\000t\000i\000t\000y\000\050\000\051}{subsection.8.49.1}% 694
\BOOKMARK [1][-]{section.8.50}{\376\377\0008\000.\0005\0000\000\040\000s\000r\000c\000/\000T\000i\000m\000e\000U\000t\000i\000l\000s\000.\000c\000p\000p\000\040\000F\000i\000l\000e\000\040\000R\000e\000f\000e\000r\000e\000n\000c\000e}{chapter.8}% 695
\BOOKMARK [2][-]{subsection.8.50.1}{\376\377\0008\000.\0005\0000\000.\0001\000\040\000F\000u\000n\000c\000t\000i\000o\000n\000\040\000D\000o\000c\000u\000m\000e\000n\000t\000a\000t\000i\000o\000n}{section.8.50}% 696
\BOOKMARK [3][-]{subsubsection.8.50.1.1}{\376\377\0008\000.\0005\0000\000.\0001\000.\0001\000\040\000p\000r\000i\000n\000t\000E\000x\000e\000c\000u\000t\000i\000o\000n\000T\000i\000m\000e\000\050\000\051}{subsection.8.50.1}% 697
\BOOKMARK [3][-]{subsubsection.8.50.1.2}{\376\377\0008\000.\0005\0000\000.\0001\000.\0002\000\040\000p\000r\000i\000n\000t\000E\000x\000e\000c\000u\000t\000i\000o\000n\000T\000i\000m\000e\0001\000\050\000\051}{subsection.8.50.1}% 698
\BOOKMARK [1][-]{section.8.51}{\376\377\0008\000.\0005\0001\000\040\000t\000e\000s\000t\000i\000n\000v\000.\000c\000p\000p\000\040\000F\000i\000l\000e\000\040\000R\000e\000f\000e\000r\000e\000n\000c\000e}{chapter.8}% 699
\BOOKMARK [2][-]{subsection.8.51.1}{\376\377\0008\000.\0005\0001\000.\0001\000\040\000F\000u\000n\000c\000t\000i\000o\000n\000\040\000D\000o\000c\000u\000m\000e\000n\000t\000a\000t\000i\000o\000n}{section.8.51}% 700
\BOOKMARK [3][-]{subsubsection.8.51.1.1}{\376\377\0008\000.\0005\0001\000.\0001\000.\0001\000\040\000m\000a\000i\000n\000\050\000\051}{subsection.8.51.1}% 701
\BOOKMARK [0][-]{section*.100}{\376\377\000I\000n\000d\000e\000x}{}% 702
